資料番号	資料名	資料内漢字番号	資料内漢語番号	単字_見出し	単字_出現形	漢語_見出し	漢語_出現形	漢語_alphabet	語種	漢語内位置	単字長	声点	声点型	仮名注	仮名型	反切	類音	節博士	その他	出現位置	備考	Unnamed: 22
30-039-05	高山寺蔵胎蔵界自行次第九方便	1	1	歸	歸	歸命	歸命			1				クヰ	クヰヘイ					20		T2712_.84.0816c18
30-039-05	高山寺蔵胎蔵界自行次第九方便	2	1	命	命	歸命	歸命			2				ヘイ	クヰヘイ					20		T2712_.84.0816c18
30-039-05	高山寺蔵胎蔵界自行次第九方便	3	2	十	十	十方	十方			1				シ	シハウ					20		T2712_.84.0816c18
30-039-05	高山寺蔵胎蔵界自行次第九方便	4	2	方	方	十方	十方			2				ハウ	シハウ					20		T2712_.84.0816c18
30-039-05	高山寺蔵胎蔵界自行次第九方便	5	3	正	正	正等覺	正等覺			1				セイ	セイトウカク					20		T2712_.84.0816c18
30-039-05	高山寺蔵胎蔵界自行次第九方便	6	3	等	等	正等覺	正等覺			2				トウ	セイトウカク					20		T2712_.84.0816c18
30-039-05	高山寺蔵胎蔵界自行次第九方便	7	3	覺	覺	正等覺	正等覺			3				カク	セイトウカク					20		T2712_.84.0816c18
30-039-05	高山寺蔵胎蔵界自行次第九方便	8	4	三	三	三世	三世			1				サム	サムセイ					20		T2712_.84.0816c19
30-039-05	高山寺蔵胎蔵界自行次第九方便	9	4	世	世	三世	三世			2				セイ	サムセイ					20		T2712_.84.0816c19
30-039-05	高山寺蔵胎蔵界自行次第九方便	10	5	一	一	一切	一切			1				イツ	イツセイ					20		T2712_.84.0816c19
30-039-05	高山寺蔵胎蔵界自行次第九方便	11	5	切	切	一切	一切			2				セイ	イツセイ					20		T2712_.84.0816c19
30-039-05	高山寺蔵胎蔵界自行次第九方便	12	6	具	具	具三身	具三身			1				ク	クサムシン					20		T2712_.84.0816c19
30-039-05	高山寺蔵胎蔵界自行次第九方便	13	6	三	三	具三身	具三身			2				サム	クサムシン					20		T2712_.84.0816c19
30-039-05	高山寺蔵胎蔵界自行次第九方便	14	6	身	身	具三身	具三身			3				シン	クサムシン					20		T2712_.84.0816c19
30-039-05	高山寺蔵胎蔵界自行次第九方便	19	7	大	大	大乘法	大乘法			1				タイ	タイシハフ					21		T2712_.84.0816c20
30-039-05	高山寺蔵胎蔵界自行次第九方便	20	7	乘	乘	大乘法	大乘法			2				シ	タイシハフ					21		T2712_.84.0816c20
30-039-05	高山寺蔵胎蔵界自行次第九方便	21	7	法	法	大乘法	大乘法			3				ハフ	タイシハフ					21		T2712_.84.0816c20
30-039-05	高山寺蔵胎蔵界自行次第九方便	24	8	不	不	不退	不退			1				フ	フタイ					21		T2712_.84.0816d01
30-039-05	高山寺蔵胎蔵界自行次第九方便	25	8	退	退	不退	不退			2				タイ	フタイ					21		T2712_.84.0816d01
30-039-05	高山寺蔵胎蔵界自行次第九方便	26	9	菩	菩	菩提衆	菩提衆			1				ホ	ホテイシ□					21		T2712_.84.0816d01
30-039-05	高山寺蔵胎蔵界自行次第九方便	27	9	提	提	菩提衆	菩提衆			2				テイ	ホテイシ□					21		T2712_.84.0816d01
30-039-05	高山寺蔵胎蔵界自行次第九方便	28	9	衆	衆	菩提衆	菩提衆			3				シ□	ホテイシ□					21		T2712_.84.0816d01
30-039-05	高山寺蔵胎蔵界自行次第九方便	30	10	諸	諸	諸明	諸明			1				シヨ	シヨヘイ					22		T2712_.84.0816d02
30-039-05	高山寺蔵胎蔵界自行次第九方便	31	10	明	明	諸明	諸明			2				ヘイ	シヨヘイ					22		T2712_.84.0816d02
30-039-05	高山寺蔵胎蔵界自行次第九方便	32	11	眞	真	眞實言	真實言			1				シン	シンシチケン					22		T2712_.84.0816d02
30-039-05	高山寺蔵胎蔵界自行次第九方便	33	11	實	實	眞實言	真實言			2				シチ	シンシチケン					22		T2712_.84.0816d02
30-039-05	高山寺蔵胎蔵界自行次第九方便	34	11	言	言	眞實言	真實言			3				ケン	シンシチケン					22		T2712_.84.0816d02
30-039-05	高山寺蔵胎蔵界自行次第九方便	39	12	密	密	諸密印	諸密印			2				ヒツ	＊ヒツイン					22		T2712_.84.0816d03
30-039-05	高山寺蔵胎蔵界自行次第九方便	40	12	印	印	諸密印	諸密印			3				イン	＊ヒツイン					22		T2712_.84.0816d03
30-039-05	高山寺蔵胎蔵界自行次第九方便	41	13	以	以	以身	以身			1				イ	イシン					23		T2712_.84.0816d04
30-039-05	高山寺蔵胎蔵界自行次第九方便	42	13	身	身	以身	以身			2				シン	イシン					23		T2712_.84.0816d04
30-039-05	高山寺蔵胎蔵界自行次第九方便	43	14	口	口	口意	口意			1				コウ	コウ＊					23		T2712_.84.0816d04
30-039-05	高山寺蔵胎蔵界自行次第九方便	46	15	淨	浄	清淨業	清浄業			2				セイ	＊セイケフ					23		T2712_.84.0816d04
30-039-05	高山寺蔵胎蔵界自行次第九方便	47	15	業	業	清淨業	清浄業			3				ケフ	＊セイケフ					23		T2712_.84.0816d04
30-039-05	高山寺蔵胎蔵界自行次第九方便	48	16	慇	慇	慇懃	慇懃			1				イン	インキン					23		T2712_.84.0816d05
30-039-05	高山寺蔵胎蔵界自行次第九方便	49	16	懃	懃	慇懃	慇懃			2				キン	インキン					23		T2712_.84.0816d05
30-039-05	高山寺蔵胎蔵界自行次第九方便	51	17	量	量	无量	无量			2				リヤウ	＊リヤウ					23		T2712_.84.0816d05
30-039-05	高山寺蔵胎蔵界自行次第九方便	52	18	恭	恭	恭敬禮	恭敬禮			1				クウ	クウケイレイ					23		T2712_.84.0816d05
30-039-05	高山寺蔵胎蔵界自行次第九方便	53	18	敬	敬	恭敬禮	恭敬禮			2				ケイ	クウケイレイ					23		T2712_.84.0816d05
30-039-05	高山寺蔵胎蔵界自行次第九方便	54	18	禮	禮	恭敬禮	恭敬禮			3				レイ	クウケイレイ					23		T2712_.84.0816d05
30-039-05	高山寺蔵胎蔵界自行次第九方便	66	19	我	我	我由	我由			1				カ	カイウ					26		T2712_.84.0816d08
30-039-05	高山寺蔵胎蔵界自行次第九方便	67	19	由	由	我由	我由			2				イウ	カイウ					26		T2712_.84.0816d08
30-039-05	高山寺蔵胎蔵界自行次第九方便	68	20	無	無	無明	無明			1				フ	フヘイ					26		T2712_.84.0816d08
30-039-05	高山寺蔵胎蔵界自行次第九方便	69	20	明	明	無明	無明			2				ヘイ	フヘイ					26		T2712_.84.0816d08
30-039-05	高山寺蔵胎蔵界自行次第九方便	71	21	積	積	所積集	所積集			2				セキ	＊セキシフ					26		T2712_.84.0816d08
30-039-05	高山寺蔵胎蔵界自行次第九方便	72	21	集	集	所積集	所積集			3				シフ	＊セキシフ					26		T2712_.84.0816d08
30-039-05	高山寺蔵胎蔵界自行次第九方便	73	22	身	身	身口意業	身口意業			1				シン	シンコウイケフ					26		T2712_.84.0816d09
30-039-05	高山寺蔵胎蔵界自行次第九方便	74	22	口	口	身口意業	身口意業			2				コウ	シンコウイケフ					26		T2712_.84.0816d09
30-039-05	高山寺蔵胎蔵界自行次第九方便	75	22	意	意	身口意業	身口意業			3				イ	シンコウイケフ					26		T2712_.84.0816d09
30-039-05	高山寺蔵胎蔵界自行次第九方便	76	22	業	業	身口意業	身口意業			4				ケフ	シンコウイケフ					26		T2712_.84.0816d09
30-039-05	高山寺蔵胎蔵界自行次第九方便	77	23	造	造	造衆罪	造衆罪			1				サウ	サウシウサイ					26		T2712_.84.0816d09
30-039-05	高山寺蔵胎蔵界自行次第九方便	78	23	衆	衆	造衆罪	造衆罪			2				シウ	サウシウサイ					26		T2712_.84.0816d09
30-039-05	高山寺蔵胎蔵界自行次第九方便	79	23	罪	罪	造衆罪	造衆罪			3				サイ	サウシウサイ					26		T2712_.84.0816d09
30-039-05	高山寺蔵胎蔵界自行次第九方便	80	24	貪	貪	貪欲	貪欲			1				タム	タムヨク					27		T2712_.84.0816d10
30-039-05	高山寺蔵胎蔵界自行次第九方便	81	24	欲	欲	貪欲	貪欲			2				ヨク	タムヨク					27		T2712_.84.0816d10
30-039-05	高山寺蔵胎蔵界自行次第九方便	82	25	恚	恚	恚癡	恚癡			1				イ	イチ					27		T2712_.84.0816d10
30-039-05	高山寺蔵胎蔵界自行次第九方便	83	25	癡	癡	恚癡	恚癡			2				チ	イチ					27		T2712_.84.0816d10
30-039-05	高山寺蔵胎蔵界自行次第九方便	84	26	覆	覆	覆心故	覆心故			1				フク	フクシムコ					27		T2712_.84.0816d10
30-039-05	高山寺蔵胎蔵界自行次第九方便	85	26	心	心	覆心故	覆心故			2				シム	フクシムコ					27		T2712_.84.0816d10
30-039-05	高山寺蔵胎蔵界自行次第九方便	86	26	故	故	覆心故	覆心故			3				コ	フクシムコ					27		T2712_.84.0816d10
30-039-05	高山寺蔵胎蔵界自行次第九方便	87	27	於	於	於佛	於佛			1				ヨ	ヨフツ					27		T2712_.84.0816d11
30-039-05	高山寺蔵胎蔵界自行次第九方便	88	27	佛	佛	於佛	於佛			2				フツ	ヨフツ					27		T2712_.84.0816d11
30-039-05	高山寺蔵胎蔵界自行次第九方便	89	28	正	正	正法	正法			1				セイ	セイハフ					27		T2712_.84.0816d11
30-039-05	高山寺蔵胎蔵界自行次第九方便	90	28	法	法	正法	正法			2				ハフ	セイハフ					27		T2712_.84.0816d11
30-039-05	高山寺蔵胎蔵界自行次第九方便	91	29	賢	賢	賢聖僧	賢聖僧			1				ケン	ケンセイソウ					27		T2712_.84.0816d11
30-039-05	高山寺蔵胎蔵界自行次第九方便	92	29	聖	聖	賢聖僧	賢聖僧			2				セイ	ケンセイソウ					27		T2712_.84.0816d11
30-039-05	高山寺蔵胎蔵界自行次第九方便	93	29	僧	僧	賢聖僧	賢聖僧			3				ソウ	ケンセイソウ					27		T2712_.84.0816d11
30-039-05	高山寺蔵胎蔵界自行次第九方便	94	30	父	父	父母	父母			1				フ	フホ					28		T2712_.84.0816d12
30-039-05	高山寺蔵胎蔵界自行次第九方便	95	30	母	母	父母	父母			2				ホ	フホ					28		T2712_.84.0816d12
30-039-05	高山寺蔵胎蔵界自行次第九方便	96	31	二	二	二師	二師			1				シイ	シイシ					28		T2712_.84.0816d12
30-039-05	高山寺蔵胎蔵界自行次第九方便	97	31	師	師	二師	二師			2				シ	シイシ					28		T2712_.84.0816d12
30-039-05	高山寺蔵胎蔵界自行次第九方便	98	32	善	善	善知識	善知識			1				セン	センチシキ					28		T2712_.84.0816d12
30-039-05	高山寺蔵胎蔵界自行次第九方便	99	32	知	知	善知識	善知識			2				チ	センチシキ					28		T2712_.84.0816d12
30-039-05	高山寺蔵胎蔵界自行次第九方便	100	32	識	識	善知識	善知識			3				シキ	センチシキ					28		T2712_.84.0816d12
30-039-05	高山寺蔵胎蔵界自行次第九方便	101	33	以	以	以及	以及			1				イ	イキフ					28		T2712_.84.0816d13
30-039-05	高山寺蔵胎蔵界自行次第九方便	102	33	及	及	以及	以及			2				キフ	イキフ					28		T2712_.84.0816d13
30-039-05	高山寺蔵胎蔵界自行次第九方便	103	34	无	无	无量	无量			1				フ	フリヤウ					28		T2712_.84.0816d13
30-039-05	高山寺蔵胎蔵界自行次第九方便	104	34	量	量	无量	无量			2				リヤウ	フリヤウ					28		T2712_.84.0816d13
30-039-05	高山寺蔵胎蔵界自行次第九方便	105	35	衆	衆	衆生_	衆生_			1				シウ	シウセイソ					28		T2712_.84.0816d13
30-039-05	高山寺蔵胎蔵界自行次第九方便	106	35	生	生	衆生_	衆生_			2				セイ	シウセイソ					28		T2712_.84.0816d13
30-039-05	高山寺蔵胎蔵界自行次第九方便	107	35	_	_	衆生_	衆生_			3				ソ	シウセイソ					28		T2712_.84.0816d13
30-039-05	高山寺蔵胎蔵界自行次第九方便	108	36	无	无	无始	无始			1				フ	フシ					29		T2712_.84.0816d14
30-039-05	高山寺蔵胎蔵界自行次第九方便	109	36	始	始	无始	无始			2				シ	フシ					29		T2712_.84.0816d14
30-039-05	高山寺蔵胎蔵界自行次第九方便	110	37	生	生	生死	生死			1				セイ	セイシ					29		T2712_.84.0816d14
30-039-05	高山寺蔵胎蔵界自行次第九方便	111	37	死	死	生死	生死			2				シ	セイシ					29		T2712_.84.0816d14
30-039-05	高山寺蔵胎蔵界自行次第九方便	112	38	流	流	流轉中	流轉中			1				ル	ルテンチウ					29		T2712_.84.0816d14
30-039-05	高山寺蔵胎蔵界自行次第九方便	113	38	轉	轉	流轉中	流轉中			2				テン	ルテンチウ					29		T2712_.84.0816d14
30-039-05	高山寺蔵胎蔵界自行次第九方便	114	38	中	中	流轉中	流轉中			3				チウ	ルテンチウ					29		T2712_.84.0816d14
30-039-05	高山寺蔵胎蔵界自行次第九方便	116	39	造	造	具造	具造			2				サウ	＊サウ					29		T2712_.84.0816d15
30-039-05	高山寺蔵胎蔵界自行次第九方便	118	40	重	重	極重	極重			2				□ヨウ	＊□ヨウ					29		T2712_.84.0816d15
30-039-05	高山寺蔵胎蔵界自行次第九方便	119	41	无	无	无盡罪	无盡罪			1				フ	フシンサイ					29		T2712_.84.0816d15
30-039-05	高山寺蔵胎蔵界自行次第九方便	120	41	盡	盡	无盡罪	无盡罪			2				シン	フシンサイ					29	「ム」の上に「ン」	T2712_.84.0816d15
30-039-05	高山寺蔵胎蔵界自行次第九方便	121	41	罪	罪	无盡罪	无盡罪			3				サイ	フシンサイ					29		T2712_.84.0816d15
30-039-05	高山寺蔵胎蔵界自行次第九方便	122	42	親	親	親對	親對			1				シン	シンタイ					30	「ム」の上に「ン」	T2712_.84.0816d16
30-039-05	高山寺蔵胎蔵界自行次第九方便	123	42	對	對	親對	親對			2				タイ	シンタイ					30		T2712_.84.0816d16
30-039-05	高山寺蔵胎蔵界自行次第九方便	124	43	十	十	十方	十方			1				シ	シハウ					30		T2712_.84.0816d16
30-039-05	高山寺蔵胎蔵界自行次第九方便	125	43	方	方	十方	十方			2				ハウ	シハウ					30		T2712_.84.0816d16
30-039-05	高山寺蔵胎蔵界自行次第九方便	126	44	現	現	現在佛	現在佛			1				□ン	□ンサイフツ					30		T2712_.84.0816d16
30-039-05	高山寺蔵胎蔵界自行次第九方便	127	44	在	在	現在佛	現在佛			2				サイ	□ンサイフツ					30		T2712_.84.0816d16
30-039-05	高山寺蔵胎蔵界自行次第九方便	128	44	佛	佛	現在佛	現在佛			3				フツ	□ンサイフツ					30		T2712_.84.0816d16
30-039-05	高山寺蔵胎蔵界自行次第九方便	130	45	皆	皆	悉皆	悉皆			2				カイ	＊カイ					30		T2712_.84.0816d17
30-039-05	高山寺蔵胎蔵界自行次第九方便	131	46	懺	懺	懺悔	懺悔			1				サム	サムクワイ					30		T2712_.84.0816d17
30-039-05	高山寺蔵胎蔵界自行次第九方便	132	46	悔	悔	懺悔	懺悔			2				クワイ	サムクワイ					30		T2712_.84.0816d17
30-039-05	高山寺蔵胎蔵界自行次第九方便	133	47	不	不	不復作	不復作			1				フ	フフ＊					30		T2712_.84.0816d17
30-039-05	高山寺蔵胎蔵界自行次第九方便	134	47	復	復	不復作	不復作			2				フ	フフ＊					30		T2712_.84.0816d17
30-039-05	高山寺蔵胎蔵界自行次第九方便	144	48	種	種	三種	三種			2				シウ	＊シウ					33		T2712_.84.0816e01
30-039-05	高山寺蔵胎蔵界自行次第九方便	145	49	常	常	常身	常身			1				セイ	セイ＊					33		T2712_.84.0816e01
30-039-05	高山寺蔵胎蔵界自行次第九方便	147	50	正	正	正法藏	正法蔵			1				セイ	セイ＊サウ					33		T2712_.84.0816e01
30-039-05	高山寺蔵胎蔵界自行次第九方便	149	50	藏	蔵	正法藏	正法蔵			3				サウ	セイ＊サウ					33		T2712_.84.0816e01
30-039-05	高山寺蔵胎蔵界自行次第九方便	150	51	勝	勝	勝願	勝願			1				シ	シクヱン					34		T2712_.84.0816e02
30-039-05	高山寺蔵胎蔵界自行次第九方便	151	51	願	願	勝願	勝願			2				クヱン	シクヱン					34		T2712_.84.0816e02
30-039-05	高山寺蔵胎蔵界自行次第九方便	152	52	菩	菩	菩提	菩提			1				ホ	ホテイ					34		T2712_.84.0816e02
30-039-05	高山寺蔵胎蔵界自行次第九方便	153	52	提	提	菩提	菩提			2				テイ	ホテイ					34		T2712_.84.0816e02
30-039-05	高山寺蔵胎蔵界自行次第九方便	154	53	大	大	大心衆	大心衆			1				タイ	タイシムシウ					34		T2712_.84.0816e02
30-039-05	高山寺蔵胎蔵界自行次第九方便	155	53	心	心	大心衆	大心衆			2				シム	タイシムシウ					34		T2712_.84.0816e02
30-039-05	高山寺蔵胎蔵界自行次第九方便	156	53	衆	衆	大心衆	大心衆			3				シウ	タイシムシウ					34		T2712_.84.0816e02
30-039-05	高山寺蔵胎蔵界自行次第九方便	157	54	我	我	我今	我今			1				カ	カキム					34		T2712_.84.0816e03
30-039-05	高山寺蔵胎蔵界自行次第九方便	158	54	今	今	我今	我今			2				キム	カキム					34		T2712_.84.0816e03
30-039-05	高山寺蔵胎蔵界自行次第九方便	159	55	皆	皆	皆悉	皆悉			1				カイ	カイシツ					34		T2712_.84.0816e03
30-039-05	高山寺蔵胎蔵界自行次第九方便	160	55	悉	悉	皆悉	皆悉			2				シツ	カイシツ					34		T2712_.84.0816e03
30-039-05	高山寺蔵胎蔵界自行次第九方便	162	56	歸	歸	正歸依	正歸依			2				クヰ	＊クヰエ					34		T2712_.84.0816e03
30-039-05	高山寺蔵胎蔵界自行次第九方便	163	56	依	依	正歸依	正歸依			3				エ	＊クヰエ					34		T2712_.84.0816e03
30-039-05	高山寺蔵胎蔵界自行次第九方便	164	57	我	我	我淨	我浄			1				カ	カセキ					37		T2712_.84.0816e06
30-039-05	高山寺蔵胎蔵界自行次第九方便	165	57	淨	浄	我淨	我浄			2				セキ	カセキ					37		T2712_.84.0816e06
30-039-05	高山寺蔵胎蔵界自行次第九方便	166	58	此	此	此身	此身			1				シ	シシン					37		T2712_.84.0816e06
30-039-05	高山寺蔵胎蔵界自行次第九方便	167	58	身	身	此身	此身			2				シン	シシン					37		T2712_.84.0816e06
30-039-05	高山寺蔵胎蔵界自行次第九方便	168	59	離	離	離諸垢	離諸垢			1				リ	リシヨク					37		T2712_.84.0816e06
30-039-05	高山寺蔵胎蔵界自行次第九方便	169	59	諸	諸	離諸垢	離諸垢			2				シヨ	リシヨク					37		T2712_.84.0816e06
30-039-05	高山寺蔵胎蔵界自行次第九方便	170	59	垢	垢	離諸垢	離諸垢			3				ク	リシヨク					37		T2712_.84.0816e06
30-039-05	高山寺蔵胎蔵界自行次第九方便	171	60	及	及	及與	及与			1				キ□	キ□＊					37		T2712_.84.0816e07
30-039-05	高山寺蔵胎蔵界自行次第九方便	173	61	三	三	三世	三世			1				サム	サムセイ					37		T2712_.84.0816e07
30-039-05	高山寺蔵胎蔵界自行次第九方便	174	61	世	世	三世	三世			2				セイ	サムセイ					37		T2712_.84.0816e07
30-039-05	高山寺蔵胎蔵界自行次第九方便	175	62	身	身	身口意	身口意			1				シン	シンコウイ					37		T2712_.84.0816e07
30-039-05	高山寺蔵胎蔵界自行次第九方便	176	62	口	口	身口意	身口意			2				コウ	シンコウイ					37		T2712_.84.0816e07
30-039-05	高山寺蔵胎蔵界自行次第九方便	177	62	意	意	身口意	身口意			3				イ	シンコウイ					37		T2712_.84.0816e07
30-039-05	高山寺蔵胎蔵界自行次第九方便	178	63	過	過	過於	過於			1				クワ	クワ＊					38		T2712_.84.0816e08
30-039-05	高山寺蔵胎蔵界自行次第九方便	180	64	大	大	大海	大海			1				タイ	タイカイ					38		T2712_.84.0816e08
30-039-05	高山寺蔵胎蔵界自行次第九方便	181	64	海	海	大海	大海			2				カイ	タイカイ					38		T2712_.84.0816e08
30-039-05	高山寺蔵胎蔵界自行次第九方便	182	65	察	察	察塵數	察塵數			1				サツ	サツ＊シウ					38		T2712_.84.0816e08
30-039-05	高山寺蔵胎蔵界自行次第九方便	184	65	數	數	察塵數	察塵數			3				シウ	サツ＊シウ					38		T2712_.84.0816e08
30-039-05	高山寺蔵胎蔵界自行次第九方便	185	66	奉	奉	奉獻	奉獻			1				ホ	ホケン					38		T2712_.84.0816e09
30-039-05	高山寺蔵胎蔵界自行次第九方便	186	66	獻	獻	奉獻	奉獻			2				ケン	ホケン					38		T2712_.84.0816e09
30-039-05	高山寺蔵胎蔵界自行次第九方便	190	67	如	如	諸如來	諸如來			2				シヨ	＊シヨライ					38		T2712_.84.0816e09
30-039-05	高山寺蔵胎蔵界自行次第九方便	191	67	來	來	諸如來	諸如來			3				ライ	＊シヨライ					38		T2712_.84.0816e09
30-039-05	高山寺蔵胎蔵界自行次第九方便	192	68	淨	浄	淨菩提心	浄菩提心			1				セイ	セイホテイ□ム					43		T2712_.84.0816e12
30-039-05	高山寺蔵胎蔵界自行次第九方便	193	68	菩	菩	淨菩提心	浄菩提心			2				ホ	セイホテイ□ム					43		T2712_.84.0816e12
30-039-05	高山寺蔵胎蔵界自行次第九方便	194	68	提	提	淨菩提心	浄菩提心			3				テイ	セイホテイ□ム					43		T2712_.84.0816e12
30-039-05	高山寺蔵胎蔵界自行次第九方便	195	68	心	心	淨菩提心	浄菩提心			4				□ム	セイホテイ□ム					43		T2712_.84.0816e12
30-039-05	高山寺蔵胎蔵界自行次第九方便	196	69	勝	勝	勝願寳	勝願寳			1				シ	シクヱンホ					43		T2712_.84.0816e12
30-039-05	高山寺蔵胎蔵界自行次第九方便	197	69	願	願	勝願寳	勝願寳			2				クヱン	シクヱンホ					43		T2712_.84.0816e12
30-039-05	高山寺蔵胎蔵界自行次第九方便	198	69	寳	寳	勝願寳	勝願寳			3				ホ	シクヱンホ					43		T2712_.84.0816e12
30-039-05	高山寺蔵胎蔵界自行次第九方便	199	70	我	我	我今	我今			1				カ	カキム					43		T2712_.84.0816e13
30-039-05	高山寺蔵胎蔵界自行次第九方便	200	70	今	今	我今	我今			2				キム	カキム					43		T2712_.84.0816e13
30-039-05	高山寺蔵胎蔵界自行次第九方便	201	71	起	起	起發	起發			1				キ	キハツ					43		T2712_.84.0816e13
30-039-05	高山寺蔵胎蔵界自行次第九方便	202	71	發	發	起發	起發			2				ハツ	キハツ					43		T2712_.84.0816e13
30-039-05	高山寺蔵胎蔵界自行次第九方便	203	72	濟	濟	濟群生	濟群生			1				セイ	セイクヰンセイ					43		T2712_.84.0816e13
30-039-05	高山寺蔵胎蔵界自行次第九方便	204	72	群	群	濟群生	濟群生			2				クヰン	セイクヰンセイ					43		T2712_.84.0816e13
30-039-05	高山寺蔵胎蔵界自行次第九方便	205	72	生	生	濟群生	濟群生			3				セイ	セイクヰンセイ					43		T2712_.84.0816e13
30-039-05	高山寺蔵胎蔵界自行次第九方便	206	73	生	生	生苦等集	生苦等集			1				セイ	セイコウトウシフ					44		T2712_.84.0816e14
30-039-05	高山寺蔵胎蔵界自行次第九方便	207	73	苦	苦	生苦等集	生苦等集			2				コウ	セイコウトウシフ					44		T2712_.84.0816e14
30-039-05	高山寺蔵胎蔵界自行次第九方便	208	73	等	等	生苦等集	生苦等集			3				トウ	セイコウトウシフ					44		T2712_.84.0816e14
30-039-05	高山寺蔵胎蔵界自行次第九方便	209	73	集	集	生苦等集	生苦等集			4				シフ	セイコウトウシフ					44		T2712_.84.0816e14
30-039-05	高山寺蔵胎蔵界自行次第九方便	210	74	_	_	_纏繞	_纏繞			1				ソ	ソテンネイ					44		T2712_.84.0816e14
30-039-05	高山寺蔵胎蔵界自行次第九方便	211	74	纏	纏	_纏繞	_纏繞			2				テン	ソテンネイ					44	「纏」虫損	T2712_.84.0816e14
30-039-05	高山寺蔵胎蔵界自行次第九方便	212	74	繞	繞	_纏繞	_纏繞			3				ネイ	ソテンネイ					44	「繞」虫損	T2712_.84.0816e14
30-039-05	高山寺蔵胎蔵界自行次第九方便	213	75	及	及	及與	及与			1				キフ	キフヨ					44		T2712_.84.0816e15
30-039-05	高山寺蔵胎蔵界自行次第九方便	214	75	與	与	及與	及与			2				ヨ	キフヨ					44		T2712_.84.0816e15
30-039-05	高山寺蔵胎蔵界自行次第九方便	215	76	無	無	無知	無知			1				フ	フチ					44		T2712_.84.0816e15
30-039-05	高山寺蔵胎蔵界自行次第九方便	216	76	知	知	無知	無知			2				チ	フチ					44		T2712_.84.0816e15
30-039-05	高山寺蔵胎蔵界自行次第九方便	217	77	_	_	_害身	_害身			1				ソ	ソカイシン					44		T2712_.84.0816e15
30-039-05	高山寺蔵胎蔵界自行次第九方便	218	77	害	害	_害身	_害身			2				カイ	ソカイシン					44		T2712_.84.0816e15
30-039-05	高山寺蔵胎蔵界自行次第九方便	219	77	身	身	_害身	_害身			3				シン	ソカイシン					44		T2712_.84.0816e15
30-039-05	高山寺蔵胎蔵界自行次第九方便	220	78	救	救	救攝	救攝			1				キフ	キフセウ					45		T2712_.84.0816e16
30-039-05	高山寺蔵胎蔵界自行次第九方便	221	78	攝	攝	救攝	救攝			2				セウ	キフセウ					45		T2712_.84.0816e16
30-039-05	高山寺蔵胎蔵界自行次第九方便	225	79	解	解	令解脱	令解脱			2				カ	＊カタツ					45		T2712_.84.0816e16
30-039-05	高山寺蔵胎蔵界自行次第九方便	226	79	脱	脱	令解脱	令解脱			3				タツ	＊カタツ					45		T2712_.84.0816e16
30-039-05	高山寺蔵胎蔵界自行次第九方便	227	80	常	常	常當	常當			1				シヤウ	シヤウ＊					45		T2712_.84.0816e17
30-039-05	高山寺蔵胎蔵界自行次第九方便	229	81	利	利	利益	利益			1				リ	リエキ					45		T2712_.84.0816e17
30-039-05	高山寺蔵胎蔵界自行次第九方便	230	81	益	益	利益	利益			2				エキ	リエキ					45		T2712_.84.0816e17
30-039-05	高山寺蔵胎蔵界自行次第九方便	232	82	含	含	諸含識	諸含識			2				カム	＊カムシヨク					45		T2712_.84.0816e17
30-039-05	高山寺蔵胎蔵界自行次第九方便	233	82	識	識	諸含識	諸含識			3				シヨク	＊カムシヨク					45		T2712_.84.0816e17
30-039-05	高山寺蔵胎蔵界自行次第九方便	243	83	遍	遍	遍知	遍知			1				ヘン	ヘンチ					47		T2712_.84.0817a01
30-039-05	高山寺蔵胎蔵界自行次第九方便	244	83	知	知	遍知	遍知			2				チ	ヘンチ					47		T2712_.84.0817a01
30-039-05	高山寺蔵胎蔵界自行次第九方便	250	84	善	善	善巧	善巧			1				セン	セン＊					48		T2712_.84.0817a02
30-039-05	高山寺蔵胎蔵界自行次第九方便	252	85	方	方	方便力	方便力			1				□ウ	□ウ□ン□ヨク					48		T2712_.84.0817a02
30-039-05	高山寺蔵胎蔵界自行次第九方便	253	85	便	便	方便力	方便力			2				□ン	□ウ□ン□ヨク					48		T2712_.84.0817a02
30-039-05	高山寺蔵胎蔵界自行次第九方便	254	85	力	力	方便力	方便力			3				□ヨク	□ウ□ン□ヨク					48		T2712_.84.0817a02
30-039-05	高山寺蔵胎蔵界自行次第九方便	259	86	爲	為	爲群生	為群生			1				ヰ	ヰクヰ□＊					48		T2712_.84.0817a02
30-039-05	高山寺蔵胎蔵界自行次第九方便	260	86	群	群	爲群生	為群生			2				クヰ□	ヰクヰ□＊					48		T2712_.84.0817a02
30-039-05	高山寺蔵胎蔵界自行次第九方便	263	87	有	有	諸有	諸有			2				イウ	＊イウ					49		T2712_.84.0817a04
30-039-05	高山寺蔵胎蔵界自行次第九方便	265	88	脩	脩	_脩	_脩			2				シウ	＊シウ					49		T2712_.84.0817a04
30-039-05	高山寺蔵胎蔵界自行次第九方便	266	89	福	福	福業等	福業等			1				フク	フクケウトウ					49		T2712_.84.0817a04
30-039-05	高山寺蔵胎蔵界自行次第九方便	267	89	業	業	福業等	福業等			2				ケウ	フクケウトウ					49		T2712_.84.0817a04
30-039-05	高山寺蔵胎蔵界自行次第九方便	268	89	等	等	福業等	福業等			3				トウ	フクケウトウ					49		T2712_.84.0817a04
30-039-05	高山寺蔵胎蔵界自行次第九方便	273	90	盡	盡	盡隨喜	盡随喜			1				シン	シンスイキ					49		T2712_.84.0817a05
30-039-05	高山寺蔵胎蔵界自行次第九方便	274	90	隨	随	盡隨喜	盡随喜			2				スイ	シンスイキ					49		T2712_.84.0817a05
30-039-05	高山寺蔵胎蔵界自行次第九方便	275	90	喜	喜	盡隨喜	盡随喜			3				キ	シンスイキ					49		T2712_.84.0817a05
30-039-05	高山寺蔵胎蔵界自行次第九方便	278	91	勸	勸	勸請	勸請			1				クヱン	クヱンセイ					53		T2712_.84.0817a08
30-039-05	高山寺蔵胎蔵界自行次第九方便	279	91	請	請	勸請	勸請			2				セイ	クヱンセイ					53		T2712_.84.0817a08
30-039-05	高山寺蔵胎蔵界自行次第九方便	287	92	救	救	救世者	救世者			1				キウ	キウ＊シヤ					53		T2712_.84.0817a08
30-039-05	高山寺蔵胎蔵界自行次第九方便	289	92	者	者	救世者	救世者			3				シヤ	キウ＊シヤ					53		T2712_.84.0817a08
30-039-05	高山寺蔵胎蔵界自行次第九方便	290	93	唯	唯	唯願	唯願			1				イ	イ＊					54		T2712_.84.0817a10
30-039-05	高山寺蔵胎蔵界自行次第九方便	292	94	普	普	普於	普於			1				ホ	ホヨ					54		T2712_.84.0817a10
30-039-05	高山寺蔵胎蔵界自行次第九方便	293	94	於	於	普於	普於			2				ヨ	ホヨ					54		T2712_.84.0817a10
30-039-05	高山寺蔵胎蔵界自行次第九方便	297	95	恆	恒	恆以	恒以			1				コウ	コウイ					54		T2712_.84.0817a11
30-039-05	高山寺蔵胎蔵界自行次第九方便	298	95	以	以	恆以	恒以			2				イ	コウイ					54		T2712_.84.0817a11
30-039-05	高山寺蔵胎蔵界自行次第九方便	300	96	雲	雲	大雲	大雲			2				ヰン	＊ヰン					54		T2712_.84.0817a11
30-039-05	高山寺蔵胎蔵界自行次第九方便	301	97	降	降	降法雨	降法雨			1				カウ	カウハフウ					54		T2712_.84.0817a11
30-039-05	高山寺蔵胎蔵界自行次第九方便	302	97	法	法	降法雨	降法雨			2				ハフ	カウハフウ					54		T2712_.84.0817a11
30-039-05	高山寺蔵胎蔵界自行次第九方便	303	97	雨	雨	降法雨	降法雨			3				ウ	カウハフウ					54		T2712_.84.0817a11
30-039-05	高山寺蔵胎蔵界自行次第九方便	306	98	凡	凡	凡夫	凡夫			1				ハン	ハンフ					57		T2712_.84.0817a14
30-039-05	高山寺蔵胎蔵界自行次第九方便	307	98	夫	夫	凡夫	凡夫			2				フ	ハンフ					57		T2712_.84.0817a14
30-039-05	高山寺蔵胎蔵界自行次第九方便	309	99	住	住	_住處	_住處			2				チウ	＊チウシヨ					57		T2712_.84.0817a14
30-039-05	高山寺蔵胎蔵界自行次第九方便	310	99	處	處	_住處	_住處			3				シヨ	＊チウシヨ					57		T2712_.84.0817a14
30-039-05	高山寺蔵胎蔵界自行次第九方便	311	100	速	速	速捨	速捨			1				ソク	ソクシヤ					57		T2712_.84.0817a15
30-039-05	高山寺蔵胎蔵界自行次第九方便	312	100	捨	捨	速捨	速捨			2				シヤ	ソクシヤ					57		T2712_.84.0817a15
30-039-05	高山寺蔵胎蔵界自行次第九方便	314	101	苦	苦	衆苦	衆苦			2				コウ	＊コウ					57		T2712_.84.0817a15
30-039-05	高山寺蔵胎蔵界自行次第九方便	315	102	_	_	_集身	_集身			1				ソ	ソシ□シン					57		T2712_.84.0817a15
30-039-05	高山寺蔵胎蔵界自行次第九方便	316	102	集	集	_集身	_集身			2				シ□	ソシ□シン					57		T2712_.84.0817a15
30-039-05	高山寺蔵胎蔵界自行次第九方便	317	102	身	身	_集身	_集身			3				シン	ソシ□シン					57		T2712_.84.0817a15
30-039-05	高山寺蔵胎蔵界自行次第九方便	318	103	當	當	當得	當得			1				タウ	タウトク					58		T2712_.84.0817a16
30-039-05	高山寺蔵胎蔵界自行次第九方便	319	103	得	得	當得	當得			2				トク	タウトク					58		T2712_.84.0817a16
30-039-05	高山寺蔵胎蔵界自行次第九方便	320	104	至	至	至於	至於			1				シ	シヨ					58		T2712_.84.0817a16
30-039-05	高山寺蔵胎蔵界自行次第九方便	321	104	於	於	至於	至於			2				ヨ	シヨ					58		T2712_.84.0817a16
30-039-05	高山寺蔵胎蔵界自行次第九方便	322	105	無	無	無垢處	無垢處			1				フ	フクシヨ					58		T2712_.84.0817a16
30-039-05	高山寺蔵胎蔵界自行次第九方便	323	105	垢	垢	無垢處	無垢處			2				ク	フクシヨ					58		T2712_.84.0817a16
30-039-05	高山寺蔵胎蔵界自行次第九方便	324	105	處	處	無垢處	無垢處			3				シヨ	フクシヨ					58		T2712_.84.0817a16
30-039-05	高山寺蔵胎蔵界自行次第九方便	325	106	安	安	安住	安住			1				アン	アンチウ					58		T2712_.84.0817a17
30-039-05	高山寺蔵胎蔵界自行次第九方便	326	106	住	住	安住	安住			2				チウ	アンチウ					58		T2712_.84.0817a17
30-039-05	高山寺蔵胎蔵界自行次第九方便	327	107	清	清	清淨	清浄			1				セイ	セイセイ					58		T2712_.84.0817a17
30-039-05	高山寺蔵胎蔵界自行次第九方便	328	107	淨	浄	清淨	清浄			2				セイ	セイセイ					58		T2712_.84.0817a17
30-039-05	高山寺蔵胎蔵界自行次第九方便	329	108	法	法	法界身	法界身			1				ハフ	ハフカイシン					58		T2712_.84.0817a17
30-039-05	高山寺蔵胎蔵界自行次第九方便	330	108	界	界	法界身	法界身			2				カイ	ハフカイシン					58		T2712_.84.0817a17
30-039-05	高山寺蔵胎蔵界自行次第九方便	331	108	身	身	法界身	法界身			3				シン	ハフカイシン					58		T2712_.84.0817a17
30-039-05	高山寺蔵胎蔵界自行次第九方便	333	109	脩	脩	_脩	_脩			2				シウ	＊シウ					61		T2712_.84.0817a20
30-039-05	高山寺蔵胎蔵界自行次第九方便	337	110	善	善	衆善業	衆善業			2				セン	＊センケ□					61		T2712_.84.0817a20
30-039-05	高山寺蔵胎蔵界自行次第九方便	338	110	業	業	衆善業	衆善業			3				ケ□	＊センケ□					61		T2712_.84.0817a20
30-039-05	高山寺蔵胎蔵界自行次第九方便	339	111	利	利	利益	利益			1				リ	リエ□					61		T2712_.84.0817b01
30-039-05	高山寺蔵胎蔵界自行次第九方便	340	111	益	益	利益	利益			2				エ□	リエ□					61		T2712_.84.0817b01
30-039-05	高山寺蔵胎蔵界自行次第九方便	345	112	故	故	衆生故	衆生故			3				コ	＊＊コ					61		T2712_.84.0817b01
30-039-05	高山寺蔵胎蔵界自行次第九方便	348	113	盡	盡	盡皆	盡皆			1				シン	シン＊					62		T2712_.84.0817b02
30-039-05	高山寺蔵胎蔵界自行次第九方便	351	114	廻	廻	正廻向	正廻向			2				クワイ	＊クワイキヤウ					62		T2712_.84.0817b02
30-039-05	高山寺蔵胎蔵界自行次第九方便	352	114	向	向	正廻向	正廻向			3				キヤウ	＊クワイキヤウ					62		T2712_.84.0817b02
30-039-05	高山寺蔵胎蔵界自行次第九方便	353	115	除	除	除生	除生			1				チヨ	チヨ＊					62		T2712_.84.0817b03
30-039-05	高山寺蔵胎蔵界自行次第九方便	355	116	死	死	死苦	死苦			1				シ	シコウ					62		T2712_.84.0817b03
30-039-05	高山寺蔵胎蔵界自行次第九方便	356	116	苦	苦	死苦	死苦			2				コウ	シコウ					62		T2712_.84.0817b03
30-039-05	高山寺蔵胎蔵界自行次第九方便	357	117	至	至	至菩提	至菩提			1				シ	シ＊テイ					62		T2712_.84.0817b03
30-039-05	高山寺蔵胎蔵界自行次第九方便	359	117	提	提	至菩提	至菩提			3				テイ	シ＊テイ					62		T2712_.84.0817b03