資料番号	資料名	資料内漢字番号	資料内漢語番号	単字_見出し	単字_出現形	漢語_見出し	漢語_出現形	漢語_alphabet	語種	漢語内位置	単字長	声点	声点型	仮名注	仮名型	反切	類音	節博士	その他	出現位置	備考	SAT所在
30-038-02	正保版魚山私抄五悔	1	1	一	一	一切	一切			1								e4		26a5		T2713_.84.0829a09
30-038-02	正保版魚山私抄五悔	2	1	切	切	一切	一切			2								e4		26a5		T2713_.84.0829a09
30-038-02	正保版魚山私抄五悔	3	2	恭	恭	恭敬	恭敬			1								e5		26a5		T2713_.84.0829a09
30-038-02	正保版魚山私抄五悔	4	2	敬	敬	恭敬	恭敬			2								fr4		26a5		T2713_.84.0829a09
30-038-02	正保版魚山私抄五悔	5	3	敬	敬	敬禮	敬礼			1								r3		26a5		T2713_.84.0829a09
30-038-02	正保版魚山私抄五悔	6	3	禮	礼	敬禮	敬礼			2								e4		26a5		T2713_.84.0829a09
30-038-02	正保版魚山私抄五悔	7	4	常	常	常住	常住			1								e2		26a5		T2713_.84.0829a09
30-038-02	正保版魚山私抄五悔	8	4	住	住	常住	常住			2								rfR3		26a5		T2713_.84.0829a09
30-038-02	正保版魚山私抄五悔	9	5	三	三	三寶	三寶			1								f5		26a5		T2713_.84.0829a09
30-038-02	正保版魚山私抄五悔	10	6	寳	寳	三寳	三寳			2								e4		26a5		T2713_.84.0829a09
30-038-02	正保版魚山私抄五悔	11	7	娑	娑	娑縛婆縛_駄	娑縛婆縛_駄			1								e5		26b1	音写字	T2713_.84.0829a10
30-038-02	正保版魚山私抄五悔	12	7	縛	縛	娑縛婆縛_駄	娑縛婆縛_駄			2								r5		26b1	音写字	T2713_.84.0829a10
30-038-02	正保版魚山私抄五悔	13	7	婆	婆	娑縛婆縛_駄	娑縛婆縛_駄			3								f5		26b1	音写字	T2713_.84.0829a10
30-038-02	正保版魚山私抄五悔	14	7	縛	縛	娑縛婆縛_駄	娑縛婆縛_駄			4								e4		26b1	音写字	T2713_.84.0829a10
30-038-02	正保版魚山私抄五悔	15	7	_	_	娑縛婆縛_駄	娑縛婆縛_駄			5								e'5		26b1	音写字	T2713_.84.0829a10
30-038-02	正保版魚山私抄五悔	16	7	駄	駄	娑縛婆縛_駄	娑縛婆縛_駄			6								e4		26b1	音写字	T2713_.84.0829a10
30-038-02	正保版魚山私抄五悔	17	8	薩	薩	薩縛達_	薩縛達_			1								e5		26b2	音写字	T2713_.84.0829a11
30-038-02	正保版魚山私抄五悔	18	8	縛	縛	薩縛達_	薩縛達_			2								e5		26b2	音写字	T2713_.84.0829a11
30-038-02	正保版魚山私抄五悔	19	8	達	達	薩縛達_	薩縛達_			3								fr4		26b2	音写字	T2713_.84.0829a11
30-038-02	正保版魚山私抄五悔	20	8	_	_	薩縛達_	薩縛達_			4								e4		26b2	音写字	T2713_.84.0829a11
30-038-02	正保版魚山私抄五悔	21	9	娑	娑	娑縛婆縛_度憾	娑縛婆縛_度憾			1								e5		26b3	音写字	T2713_.84.0829a12
30-038-02	正保版魚山私抄五悔	22	9	縛	縛	娑縛婆縛_度憾	娑縛婆縛_度憾			2								e5		26b3	音写字	T2713_.84.0829a12
30-038-02	正保版魚山私抄五悔	23	9	婆	婆	娑縛婆縛_度憾	娑縛婆縛_度憾			3								r4		26b3	音写字	T2713_.84.0829a12
30-038-02	正保版魚山私抄五悔	24	9	縛	縛	娑縛婆縛_度憾	娑縛婆縛_度憾			4								e4		26b3	音写字	T2713_.84.0829a12
30-038-02	正保版魚山私抄五悔	25	9	_	_	娑縛婆縛_度憾	娑縛婆縛_度憾			5								e'5		26b3	音写字	T2713_.84.0829a12
30-038-02	正保版魚山私抄五悔	26	9	度	度	娑縛婆縛_度憾	娑縛婆縛_度憾			6								e4		26b3	音写字	T2713_.84.0829a12
30-038-02	正保版魚山私抄五悔	27	9	憾	憾	娑縛婆縛_度憾	娑縛婆縛_度憾			7								e4		26b3	音写字	T2713_.84.0829a12
30-038-02	正保版魚山私抄五悔	28	10	薩	薩	薩縛怛他__多	薩縛怛他__多			1								e5		27a1	音写字	T2713_.84.0829b01
30-038-02	正保版魚山私抄五悔	29	10	縛	縛	薩縛怛他__多	薩縛怛他__多			2								r5		27a1	音写字	T2713_.84.0829b01
30-038-02	正保版魚山私抄五悔	30	10	怛	怛	薩縛怛他__多	薩縛怛他__多			3								e'5		27a1	音写字	T2713_.84.0829b01
30-038-02	正保版魚山私抄五悔	31	10	他	他	薩縛怛他__多	薩縛怛他__多			4								f4		27a1	音写字	T2713_.84.0829b01
30-038-02	正保版魚山私抄五悔	32	10	__	__	薩縛怛他__多	薩縛怛他__多			5								e'5		27a1	音写字	T2713_.84.0829b01
30-038-02	正保版魚山私抄五悔	33	10	多	多	薩縛怛他__多	薩縛怛他__多			6								e4		27a1	音写字	T2713_.84.0829b01
30-038-02	正保版魚山私抄五悔	34	11	_	_	_那滿娜曩迦_弭	_那滿娜曩迦_弭			1								e4		27a3	音写字	T2713_.84.0829b03
30-038-02	正保版魚山私抄五悔	35	11	那	那	_那滿娜曩迦_弭	_那滿娜曩迦_弭			2								e5		27a3	音写字	T2713_.84.0829b03
30-038-02	正保版魚山私抄五悔	36	11	滿	滿	_那滿娜曩迦_弭	_那滿娜曩迦_弭			3								e5		27a3	音写字	T2713_.84.0829b03
30-038-02	正保版魚山私抄五悔	37	11	娜	娜	_那滿娜曩迦_弭	_那滿娜曩迦_弭			4								e4		27a3	音写字	T2713_.84.0829b03
30-038-02	正保版魚山私抄五悔	38	11	曩	曩	_那滿娜曩迦_弭	_那滿娜曩迦_弭			5								e4		27a3	音写字	T2713_.84.0829b03
30-038-02	正保版魚山私抄五悔	39	11	迦	迦	_那滿娜曩迦_弭	_那滿娜曩迦_弭			6								f4		27a3	音写字	T2713_.84.0829b03
30-038-02	正保版魚山私抄五悔	40	11	_	_	_那滿娜曩迦_弭	_那滿娜曩迦_弭			7								e'5		27a3	音写字	T2713_.84.0829b03
30-038-02	正保版魚山私抄五悔	41	11	弭	弭	_那滿娜曩迦_弭	_那滿娜曩迦_弭			8								e4		27a3	音写字	T2713_.84.0829b03
30-038-02	正保版魚山私抄五悔	42	12	歸	帰	歸命	帰命			1								e5		27b1		T2713_.84.0829b04
30-038-02	正保版魚山私抄五悔	43	12	命	命	歸命	帰命			2								ffR5		27b1		T2713_.84.0829b04
30-038-02	正保版魚山私抄五悔	44	13	十	十	十方	十方			1								ff5		27b1		T2713_.84.0829b04
30-038-02	正保版魚山私抄五悔	45	13	方	方	十方	十方			2								ff4		27b1		T2713_.84.0829b04
30-038-02	正保版魚山私抄五悔	46	14	一	一	一切佛	一切佛			1								e5		27b1		T2713_.84.0829b04
30-038-02	正保版魚山私抄五悔	47	14	切	切	一切佛	一切佛			2								_f5		27b1		T2713_.84.0829b04
30-038-02	正保版魚山私抄五悔	48	14	佛	佛	一切佛	一切佛			3								e4		27b1		T2713_.84.0829b04
30-038-02	正保版魚山私抄五悔	49	15	最	最	最勝	最勝			1					＊シ			r4		27b3		T2713_.84.0829b06
30-038-02	正保版魚山私抄五悔	50	15	勝	勝	最勝	最勝			2				シ	＊シ			ff4		27b3		T2713_.84.0829b06
30-038-02	正保版魚山私抄五悔	51	16	妙	妙	妙法	妙法			1				ヘウ	ヘウ＊			r3		27b3		T2713_.84.0829b06
30-038-02	正保版魚山私抄五悔	52	16	法	法	妙法	妙法			2								e4		27b3		T2713_.84.0829b06
30-038-02	正保版魚山私抄五悔	53	17	菩	菩	菩提衆	菩提衆			1					＊＊シウ			f4		27b3		T2713_.84.0829b06
30-038-02	正保版魚山私抄五悔	54	17	提	提	菩提衆	菩提衆			2					＊＊シウ			f3		27b3		T2713_.84.0829b06
30-038-02	正保版魚山私抄五悔	55	17	衆	衆	菩提衆	菩提衆			3				シウ	＊＊シウ			r3		27b3		T2713_.84.0829b06
30-038-02	正保版魚山私抄五悔	56	18	以	以	以身	以身			1								e5		28a1		T2713_.84.0829b07
30-038-02	正保版魚山私抄五悔	57	18	身	身	以身	以身			2								r5		28a1		T2713_.84.0829b07
30-038-02	正保版魚山私抄五悔	58	19	口	口	口意	口意			1				コ	コ＊			e5		28a1		T2713_.84.0829b07
30-038-02	正保版魚山私抄五悔	59	19	意	意	口意	口意			2					コ＊			f4		28a1		T2713_.84.0829b07
30-038-02	正保版魚山私抄五悔	60	20	清	清	清淨業	清浄業			1								f5		28a1		T2713_.84.0829b07
30-038-02	正保版魚山私抄五悔	61	20	淨	浄	清淨業	清浄業			2								fr4		28a1		T2713_.84.0829b07
30-038-02	正保版魚山私抄五悔	62	20	業	業	清淨業	清浄業			3								e4		28a1		T2713_.84.0829b07
30-038-02	正保版魚山私抄五悔	63	21	慇	慇	慇懃	慇懃			1								f5		28a2		T2713_.84.0829b08
30-038-02	正保版魚山私抄五悔	64	21	懃	懃	慇懃	慇懃			2								ff4		28a2		T2713_.84.0829b08
30-038-02	正保版魚山私抄五悔	65	22	合	合	合掌	合掌			1								e3		28a2		T2713_.84.0829b08
30-038-02	正保版魚山私抄五悔	66	22	掌	掌	合掌	合掌			2								e4		28a2		T2713_.84.0829b08
30-038-02	正保版魚山私抄五悔	67	23	恭	恭	恭敬禮	恭敬礼			1								e5		28a2		T2713_.84.0829b08
30-038-02	正保版魚山私抄五悔	68	23	敬	敬	恭敬禮	恭敬礼			2								ff4		28a2		T2713_.84.0829b08
30-038-02	正保版魚山私抄五悔	69	23	禮	礼	恭敬禮	恭敬礼			3								e4		28a2		T2713_.84.0829b08
30-038-02	正保版魚山私抄五悔	70	24	歸	帰	歸命	帰命			1								e5		28a3		T2713_.84.0829b09
30-038-02	正保版魚山私抄五悔	71	24	命	命	歸命	帰命			2								f5		28a3		T2713_.84.0829b09
30-038-02	正保版魚山私抄五悔	72	25	頂	頂	頂禮	頂礼			1								r3		28a3		T2713_.84.0829b09
30-038-02	正保版魚山私抄五悔	73	25	禮	礼	頂禮	頂礼			2								e4		28a3		T2713_.84.0829b09
30-038-02	正保版魚山私抄五悔	74	26	大	大	大悲	大悲			1								r4		28a3		T2713_.84.0829b09
30-038-02	正保版魚山私抄五悔	75	27	無	無	無始	無始			1								e5		28b1		T2713_.84.0829b10
30-038-02	正保版魚山私抄五悔	76	27	始	始	無始	無始			2								r5		28b1		T2713_.84.0829b10
30-038-02	正保版魚山私抄五悔	77	28	輪	輪	輪廻	輪廻			1								f5		28b1		T2713_.84.0829b10
30-038-02	正保版魚山私抄五悔	78	29	迴	迴	輪迴	輪迴			2								e4		28b1		T2713_.84.0829b10
30-038-02	正保版魚山私抄五悔	79	30	諸	諸	諸有中	諸有中			1					＊イウ＊			f5		28b1		T2713_.84.0829b10
30-038-02	正保版魚山私抄五悔	80	30	有	有	諸有中	諸有中			2				イウ	＊イウ＊			e5		28b1		T2713_.84.0829b10
30-038-02	正保版魚山私抄五悔	81	30	中	中	諸有中	諸有中			3					＊イウ＊			f5		28b1		T2713_.84.0829b10
30-038-02	正保版魚山私抄五悔	82	31	身	身	身口	身口			1								f4		28b2		T2713_.84.0829b11
30-038-02	正保版魚山私抄五悔	83	31	口	口	身口	身口			2								e'5		28b2		T2713_.84.0829b11
30-038-02	正保版魚山私抄五悔	84	32	意	意	意業	意業			1								fr4		28b2		T2713_.84.0829b11
30-038-02	正保版魚山私抄五悔	85	32	業	業	意業	意業			2								e4		28b2		T2713_.84.0829b11
30-038-02	正保版魚山私抄五悔	86	33	所	所	所生罪	所生罪			1								r5		28b2		T2713_.84.0829b11
30-038-02	正保版魚山私抄五悔	87	33	生	生	所生罪	所生罪			2								f5		28b2		T2713_.84.0829b11
30-038-02	正保版魚山私抄五悔	88	33	罪	罪	所生罪	所生罪			3								fr4		28b2		T2713_.84.0829b11
30-038-02	正保版魚山私抄五悔	89	34	如	如	如佛	如佛			1								f4		28b3		T2713_.84.0829b12
30-038-02	正保版魚山私抄五悔	90	34	佛	佛	如佛	如佛			2								f3		28b3		T2713_.84.0829b12
30-038-02	正保版魚山私抄五悔	91	35	菩	菩	菩薩	菩薩			1								e3		28b3		T2713_.84.0829b12
30-038-02	正保版魚山私抄五悔	92	35	薩	薩	菩薩	菩薩			2								e4		28b3		T2713_.84.0829b12
30-038-02	正保版魚山私抄五悔	93	36	所	所	所懺悔	所懺悔			1					＊＊クワイ			e5		28b3		T2713_.84.0829b12
30-038-02	正保版魚山私抄五悔	94	36	懺	懺	所懺悔	所懺悔			2					＊＊クワイ			f5		28b3		T2713_.84.0829b12
30-038-02	正保版魚山私抄五悔	95	36	悔	悔	所懺悔	所懺悔			3				クワイ	＊＊クワイ			fr4		28b3		T2713_.84.0829b12
30-038-02	正保版魚山私抄五悔	96	37	我	我	我今	我今			1								r5		29a1		T2713_.84.0829c01
30-038-02	正保版魚山私抄五悔	97	37	今	今	我今	我今			2								ff4		29a1		T2713_.84.0829c01
30-038-02	正保版魚山私抄五悔	98	38	陳	陳	陳懺	陳懺			1								r3		29a1		T2713_.84.0829c01
30-038-02	正保版魚山私抄五悔	99	38	懺	懺	陳懺	陳懺			2								e4		29a1		T2713_.84.0829c01
30-038-02	正保版魚山私抄五悔	100	39	亦	亦	亦如是	亦如是			1								e'5		29a1		T2713_.84.0829c01
30-038-02	正保版魚山私抄五悔	101	39	如	如	亦如是	亦如是			2								f4		29a1		T2713_.84.0829c01
30-038-02	正保版魚山私抄五悔	102	39	是	是	亦如是	亦如是			3								e4		29a1		T2713_.84.0829c01
30-038-02	正保版魚山私抄五悔	103	40	我	我	我今	我今			1								e5		29a2		T2713_.84.0829c02
30-038-02	正保版魚山私抄五悔	104	40	今	今	我今	我今			2								r5		29a2		T2713_.84.0829c02
30-038-02	正保版魚山私抄五悔	105	41	深	深	深發	深發			1								f5		29a2		T2713_.84.0829c02
30-038-02	正保版魚山私抄五悔	106	41	發	發	深發	深發			2								e4		29a2		T2713_.84.0829c02
30-038-02	正保版魚山私抄五悔	107	42	歡	歡	歡喜心	歡喜心			1								f4		29a2		T2713_.84.0829c02
30-038-02	正保版魚山私抄五悔	108	42	喜	喜	歡喜心	歡喜心			2								e'5		29a2		T2713_.84.0829c02
30-038-02	正保版魚山私抄五悔	109	42	心	心	歡喜心	歡喜心			3								f5		29a2		T2713_.84.0829c02
30-038-02	正保版魚山私抄五悔	110	43	隨	随	隨喜	随喜			1								f4〔別〕F4		29a3		T2713_.84.0829c03
30-038-02	正保版魚山私抄五悔	111	43	喜	喜	隨喜	随喜			2								e'5		29a3		T2713_.84.0829c03
30-038-02	正保版魚山私抄五悔	112	44	一	一	一切	一切			1								e'5		29a3		T2713_.84.0829c03
30-038-02	正保版魚山私抄五悔	113	44	切	切	一切	一切			2								f5		29a3		T2713_.84.0829c03
30-038-02	正保版魚山私抄五悔	114	45	福	福	福智聚	福智聚			1								e5		29a3		T2713_.84.0829c03
30-038-02	正保版魚山私抄五悔	115	45	智	智	福智聚	福智聚			2								f5		29a3		T2713_.84.0829c03
30-038-02	正保版魚山私抄五悔	116	45	聚	聚	福智聚	福智聚			3								fr4		29a3		T2713_.84.0829c03
30-038-02	正保版魚山私抄五悔	117	46	諸	諸	諸佛	諸佛			1								f4		29b1		T2713_.84.0829c04
30-038-02	正保版魚山私抄五悔	118	46	佛	佛	諸佛	諸佛			2								f3		29b1		T2713_.84.0829c04
30-038-02	正保版魚山私抄五悔	119	47	菩	菩	菩薩	菩薩			1								e3		29b1		T2713_.84.0829c04
30-038-02	正保版魚山私抄五悔	120	47	薩	薩	菩薩	菩薩			2								e4		29b1		T2713_.84.0829c04
30-038-02	正保版魚山私抄五悔	121	48	行	行	行願中	行願中			1								f4		29b1		T2713_.84.0829c04
30-038-02	正保版魚山私抄五悔	122	48	願	願	行願中	行願中			2								r4〔別〕r'4		29b1		T2713_.84.0829c04
30-038-02	正保版魚山私抄五悔	123	48	中	中	行願中	行願中			3								f5		29b1		T2713_.84.0829c04
30-038-02	正保版魚山私抄五悔	124	49	金	金	金剛	金剛			1								f5		29b2		T2713_.84.0829c05
30-038-02	正保版魚山私抄五悔	125	49	剛	剛	金剛	金剛			2								e4		29b2		T2713_.84.0829c05
30-038-02	正保版魚山私抄五悔	126	50	三	三	三業	三業			1								f5		29b2		T2713_.84.0829c05
30-038-02	正保版魚山私抄五悔	127	50	業	業	三業	三業			2								e4		29b2		T2713_.84.0829c05
30-038-02	正保版魚山私抄五悔	128	51	所	所	所生福	所生福			1								r5		29b2		T2713_.84.0829c05
30-038-02	正保版魚山私抄五悔	129	51	生	生	所生福	所生福			2								f5		29b2		T2713_.84.0829c05
30-038-02	正保版魚山私抄五悔	130	51	福	福	所生福	所生福			3								e4		29b2		T2713_.84.0829c05
30-038-02	正保版魚山私抄五悔	131	52	縁	縁	縁覺	縁覺			1								f4		29b3		T2713_.84.0829c06
30-038-02	正保版魚山私抄五悔	132	52	覺	覺	縁覺	縁覺			2								e4		29b3		T2713_.84.0829c06
30-038-02	正保版魚山私抄五悔	133	53	聲	聲	聲聞	聲聞			1								f5		29b3		T2713_.84.0829c06
30-038-02	正保版魚山私抄五悔	134	53	聞	聞	聲聞	聲聞			2								e4		29b3		T2713_.84.0829c06
30-038-02	正保版魚山私抄五悔	135	54	及	及	及有情	及有情			1					＊イウ＊			e4		29b3		T2713_.84.0829c06
30-038-02	正保版魚山私抄五悔	136	54	有	有	及有情	及有情			2				イウ	＊イウ＊			e5		29b3		T2713_.84.0829c06
30-038-02	正保版魚山私抄五悔	137	54	情	情	及有情	及有情			3					＊イウ＊			f5		29b3		T2713_.84.0829c06
30-038-02	正保版魚山私抄五悔	138	55	所	所	所集	所集			1								r5		30a1		T2713_.84.0829c07
30-038-02	正保版魚山私抄五悔	139	55	集	集	所集	所集			2								f5		30a1		T2713_.84.0829c07
30-038-02	正保版魚山私抄五悔	140	56	善	善	善根	善根			1								fr4		30a1		T2713_.84.0829c07
30-038-02	正保版魚山私抄五悔	141	56	根	根	善根	善根			2								e4		30a1		T2713_.84.0829c07
30-038-02	正保版魚山私抄五悔	142	57	盡	盡	盡隨喜	盡随喜			1								r4		30a1		T2713_.84.0829c07
30-038-02	正保版魚山私抄五悔	143	57	隨	随	盡隨喜	盡随喜			2								f4		30a1		T2713_.84.0829c07
30-038-02	正保版魚山私抄五悔	144	57	喜	喜	盡隨喜	盡随喜			3								e4		30a1		T2713_.84.0829c07
30-038-02	正保版魚山私抄五悔	145	58	一	一	一切	一切			1								e5		30a2		T2713_.84.0829c08
30-038-02	正保版魚山私抄五悔	146	58	切	切	一切	一切			2								ffR5		30a2		T2713_.84.0829c08
30-038-02	正保版魚山私抄五悔	147	59	世	世	世燈	世燈			1								r4		30a2		T2713_.84.0829c08
30-038-02	正保版魚山私抄五悔	148	59	燈	燈	世燈	世燈			2								_f5		30a2		T2713_.84.0829c08
30-038-02	正保版魚山私抄五悔	149	60	_	_	_道場	_道場			1								f4		30a2		T2713_.84.0829c08
30-038-02	正保版魚山私抄五悔	150	60	道	道	_道場	_道場			2								"r4, タトノ中音"		30a2		T2713_.84.0829c08
30-038-02	正保版魚山私抄五悔	151	60	場	場	_道場	_道場			3								f5		30a2		T2713_.84.0829c08
30-038-02	正保版魚山私抄五悔	152	61	覺	覺	覺眼	覺眼			1								e1_		30a3		T2713_.84.0829c09
30-038-02	正保版魚山私抄五悔	153	61	眼	眼	覺眼	覺眼			2								f1_		30a3		T2713_.84.0829c09
30-038-02	正保版魚山私抄五悔	154	62	開	開	開敷	開敷			1								e5		30a3		T2713_.84.0829c09
30-038-02	正保版魚山私抄五悔	155	62	敷	敷	開敷	開敷			2								f5		30a3		T2713_.84.0829c09
30-038-02	正保版魚山私抄五悔	156	63	照	照	照三有	照三有			1								r4		30a3		T2713_.84.0829c09
30-038-02	正保版魚山私抄五悔	157	63	三	三	照三有	照三有			2								ff5		30a3		T2713_.84.0829c09
30-038-02	正保版魚山私抄五悔	158	63	有	有	照三有	照三有			3								e4		30a3		T2713_.84.0829c09
30-038-02	正保版魚山私抄五悔	159	64	我	我	我今	我今			1								r5		30b1		T2713_.84.0829c10
30-038-02	正保版魚山私抄五悔	160	64	今	今	我今	我今			2								fff5		30b1		T2713_.84.0829c10
30-038-02	正保版魚山私抄五悔	161	65	_	_	_跪	_跪			1								r3		30b1		T2713_.84.0829c10
30-038-02	正保版魚山私抄五悔	162	65	跪	跪	_跪	_跪			2								e4		30b1		T2713_.84.0829c10
30-038-02	正保版魚山私抄五悔	163	66	先	先	先勸請	先勸請			1								r4		30b1		T2713_.84.0829c10
30-038-02	正保版魚山私抄五悔	164	66	勸	勸	先勸請	先勸請			2								r4		30b1		T2713_.84.0829c10
30-038-02	正保版魚山私抄五悔	165	66	請	請	先勸請	先勸請			3								f5		30b1		T2713_.84.0829c10
30-038-02	正保版魚山私抄五悔	166	67	轉	轉	轉於	轉於			1								e5		30b2		T2713_.84.0829c11
30-038-02	正保版魚山私抄五悔	167	67	於	於	轉於	轉於			2								e'5		30b2		T2713_.84.0829c11
30-038-02	正保版魚山私抄五悔	168	68	无	无	无上	无上			1								fr4		30b2		T2713_.84.0829c11
30-038-02	正保版魚山私抄五悔	169	68	上	上	无上	无上			2								e4		30b2		T2713_.84.0829c11
30-038-02	正保版魚山私抄五悔	170	69	妙	妙	妙法輪	妙法輪			1		去濁	去濁＊＊					r4		30b2		T2713_.84.0829c11
30-038-02	正保版魚山私抄五悔	171	69	法	法	妙法輪	妙法輪			2			去濁＊＊					e5		30b2		T2713_.84.0829c11
30-038-02	正保版魚山私抄五悔	172	69	輪	輪	妙法輪	妙法輪			3			去濁＊＊					f5		30b2		T2713_.84.0829c11
30-038-02	正保版魚山私抄五悔	173	70	所	所	所有	所有			1								e1_		30b3		T2713_.84.0829c12
30-038-02	正保版魚山私抄五悔	174	70	有	有	所有	所有			2								f1_		30b3		T2713_.84.0829c12
30-038-02	正保版魚山私抄五悔	175	71	如	如	如來	如來			1								f5		30b3		T2713_.84.0829c12
30-038-02	正保版魚山私抄五悔	176	71	來	來	如來	如來			2								e4		30b3		T2713_.84.0829c12
30-038-02	正保版魚山私抄五悔	177	72	三	三	三界主	三界主			1					＊＊シユ			f5		30b3		T2713_.84.0829c12
30-038-02	正保版魚山私抄五悔	178	72	界	界	三界主	三界主			2					＊＊シユ			fr4		30b3		T2713_.84.0829c12
30-038-02	正保版魚山私抄五悔	179	72	主	主	三界主	三界主			3				シユ	＊＊シユ			e4		30b3		T2713_.84.0829c12
30-038-02	正保版魚山私抄五悔	180	73	臨	臨	臨般	臨般			1								e5		31a1		T2713_.84.0830a01
30-038-02	正保版魚山私抄五悔	181	73	般	般	臨般	臨般			2								f5		31a1		T2713_.84.0830a01
30-038-02	正保版魚山私抄五悔	182	74	无	无	无餘	无餘			1								fr4		31a1		T2713_.84.0830a01
30-038-02	正保版魚山私抄五悔	183	74	餘	餘	无餘	无餘			2								e4		31a1		T2713_.84.0830a01
30-038-02	正保版魚山私抄五悔	184	75	涅	涅	涅槃者	涅槃者			1								e5		31a1		T2713_.84.0830a01
30-038-02	正保版魚山私抄五悔	185	75	槃	槃	涅槃者	涅槃者			2								_f5		31a1		T2713_.84.0830a01
30-038-02	正保版魚山私抄五悔	186	75	者	者	涅槃者	涅槃者			3								e4		31a1		T2713_.84.0830a01
30-038-02	正保版魚山私抄五悔	187	76	我	我	我皆	我皆			1								r5		31a2		T2713_.84.0830a02
30-038-02	正保版魚山私抄五悔	188	76	皆	皆	我皆	我皆			2								f5		31a2		T2713_.84.0830a02
30-038-02	正保版魚山私抄五悔	189	77	勸	勸	勸請	勸請			1								fr4		31a2		T2713_.84.0830a02
30-038-02	正保版魚山私抄五悔	190	77	請	請	勸請	勸請			2								e4		31a2		T2713_.84.0830a02
30-038-02	正保版魚山私抄五悔	191	78	令	令	令久住	令久住			1								f4		31a2		T2713_.84.0830a02
30-038-02	正保版魚山私抄五悔	192	78	久	久	令久住	令久住			2								r4		31a2		T2713_.84.0830a02
30-038-02	正保版魚山私抄五悔	193	78	住	住	令久住	令久住			3								f5		31a2		T2713_.84.0830a02
30-038-02	正保版魚山私抄五悔	194	79	不	不	不捨	不捨			1								r3		31a3		T2713_.84.0830a03
30-038-02	正保版魚山私抄五悔	195	79	捨	捨	不捨	不捨			2								e4		31a3		T2713_.84.0830a03
30-038-02	正保版魚山私抄五悔	196	80	悲	悲	悲願	悲願			1								f5		31a3		T2713_.84.0830a03
30-038-02	正保版魚山私抄五悔	197	80	願	願	悲願	悲願			2								fr4		31a3		T2713_.84.0830a03
30-038-02	正保版魚山私抄五悔	198	81	救	救	救世間	救世間			1								r4		31a3		T2713_.84.0830a03
30-038-02	正保版魚山私抄五悔	199	81	世	世	救世間	救世間			2								r4		31a3		T2713_.84.0830a03
30-038-02	正保版魚山私抄五悔	200	81	間	間	救世間	救世間			3								f5		31a3		T2713_.84.0830a03
30-038-02	正保版魚山私抄五悔	201	82	懺	懺	懺悔	懺悔			1								e5		31b1		T2713_.84.0830a04
30-038-02	正保版魚山私抄五悔	202	82	悔	悔	懺悔	懺悔			2								r5		31b1		T2713_.84.0830a04
30-038-02	正保版魚山私抄五悔	203	83	隨	随	隨喜	随喜			1								e5		31b1		T2713_.84.0830a04
30-038-02	正保版魚山私抄五悔	204	83	喜	喜	隨喜	随喜			2								_f5		31b1		T2713_.84.0830a04
30-038-02	正保版魚山私抄五悔	205	84	勸	勸	勸請福	勸請福			1								e5		31b1		T2713_.84.0830a04
30-038-02	正保版魚山私抄五悔	206	84	請	請	勸請福	勸請福			2								f5		31b1		T2713_.84.0830a04
30-038-02	正保版魚山私抄五悔	207	84	福	福	勸請福	勸請福			3								e4		31b1		T2713_.84.0830a04
30-038-02	正保版魚山私抄五悔	208	85	願	願	願我	願我			1								e5		31b2		T2713_.84.0830a05
30-038-02	正保版魚山私抄五悔	209	85	我	我	願我	願我			2								frr5		31b2		T2713_.84.0830a05
30-038-02	正保版魚山私抄五悔	210	86	不	不	不失	不失			1								ffr'1_		31b2		T2713_.84.0830a05
30-038-02	正保版魚山私抄五悔	211	86	失	失	不失	不失			2								f5		31b2		T2713_.84.0830a05
30-038-02	正保版魚山私抄五悔	212	87	菩	菩	菩提心	菩提心			1								f4		31b2		T2713_.84.0830a05
30-038-02	正保版魚山私抄五悔	213	87	提	提	菩提心	菩提心			2								r4		31b2		T2713_.84.0830a05
30-038-02	正保版魚山私抄五悔	214	87	心	心	菩提心	菩提心			3								f5		31b2		T2713_.84.0830a05
30-038-02	正保版魚山私抄五悔	215	88	諸	諸	諸佛	諸佛			1								f4		31b3		T2713_.84.0830a06
30-038-02	正保版魚山私抄五悔	216	88	佛	佛	諸佛	諸佛			2								f3		31b3		T2713_.84.0830a06
30-038-02	正保版魚山私抄五悔	217	89	菩	菩	菩薩	菩薩			1								e3		31b3		T2713_.84.0830a06
30-038-02	正保版魚山私抄五悔	218	89	薩	薩	菩薩	菩薩			2								e4		31b3		T2713_.84.0830a06
30-038-02	正保版魚山私抄五悔	219	90	妙	妙	妙衆中	妙衆中			1					＊シウ＊			r4		31b3		T2713_.84.0830a06
30-038-02	正保版魚山私抄五悔	220	90	衆	衆	妙衆中	妙衆中			2				シウ	＊シウ＊			e5		31b3		T2713_.84.0830a06
30-038-02	正保版魚山私抄五悔	221	90	中	中	妙衆中	妙衆中			3					＊シウ＊			f5		31b3		T2713_.84.0830a06
30-038-02	正保版魚山私抄五悔	222	91	常	常	常爲	常為			1								e5		32a1		T2713_.84.0830a07
30-038-02	正保版魚山私抄五悔	223	91	爲	為	常爲	常為			2								e'5		32a1		T2713_.84.0830a07
30-038-02	正保版魚山私抄五悔	224	92	善	善	善友	善友			1								fr4		32a1		T2713_.84.0830a07
30-038-02	正保版魚山私抄五悔	225	92	友	友	善友	善友			2								e4		32a1		T2713_.84.0830a07
30-038-02	正保版魚山私抄五悔	226	93	不	不	不_捨	不_捨			1								e'5		32a1		T2713_.84.0830a07
30-038-02	正保版魚山私抄五悔	227	93	_	_	不_捨	不_捨			2								f5		32a1		T2713_.84.0830a07
30-038-02	正保版魚山私抄五悔	228	93	捨	捨	不_捨	不_捨			3								e4		32a1		T2713_.84.0830a07
30-038-02	正保版魚山私抄五悔	229	94	離	離	離於	離於			1								e5		32a2		T2713_.84.0830a08
30-038-02	正保版魚山私抄五悔	230	94	於	於	離於	離於			2								frr5		32a2		T2713_.84.0830a08
30-038-02	正保版魚山私抄五悔	231	95	八	八	八難	八難			1								ffr1_		32a2		T2713_.84.0830a08
30-038-02	正保版魚山私抄五悔	232	95	難	難	八難	八難			2								f5		32a2		T2713_.84.0830a08
30-038-02	正保版魚山私抄五悔	233	96	生	生	生无難	生无難			1								f5		32a2		T2713_.84.0830a08
30-038-02	正保版魚山私抄五悔	234	96	无	无	生无難	生无難			2								fr4		32a2		T2713_.84.0830a08
30-038-02	正保版魚山私抄五悔	235	96	難	難	生无難	生无難			3								e4		32a2		T2713_.84.0830a08
30-038-02	正保版魚山私抄五悔	236	97	宿	宿	宿命	宿命			1								e5		32a3		T2713_.84.0830a09
30-038-02	正保版魚山私抄五悔	237	97	命	命	宿命	宿命			2								f5		32a3		T2713_.84.0830a09
30-038-02	正保版魚山私抄五悔	238	98	住	住	住智	住智			1								fr4		32a3		T2713_.84.0830a09
30-038-02	正保版魚山私抄五悔	239	98	智	智	住智	住智			2								e4		32a3		T2713_.84.0830a09
30-038-02	正保版魚山私抄五悔	240	99	莊	莊	莊嚴身	莊嚴身			1								f5		32a3		T2713_.84.0830a09
30-038-02	正保版魚山私抄五悔	241	99	嚴	嚴	莊嚴身	莊嚴身			2								r4		32a3		T2713_.84.0830a09
30-038-02	正保版魚山私抄五悔	242	99	身	身	莊嚴身	莊嚴身			3								f5		32a3		T2713_.84.0830a09
30-038-02	正保版魚山私抄五悔	243	100	遠	遠	遠離	遠離			1								e1_		32b1		T2713_.84.0830a10
30-038-02	正保版魚山私抄五悔	244	100	離	離	遠離	遠離			2								f1_		32b1		T2713_.84.0830a10
30-038-02	正保版魚山私抄五悔	245	101	愚	愚	愚迷	愚迷			1								fr4		32b1		T2713_.84.0830a10
30-038-02	正保版魚山私抄五悔	246	101	迷	迷	愚迷	愚迷			2								e4		32b1		T2713_.84.0830a10
30-038-02	正保版魚山私抄五悔	247	102	具	具	具悲智	具悲智			1								r4		32b1		T2713_.84.0830a10
30-038-02	正保版魚山私抄五悔	248	102	悲	悲	具悲智	具悲智			2								f5		32b1		T2713_.84.0830a10
30-038-02	正保版魚山私抄五悔	249	102	智	智	具悲智	具悲智			3								e4		32b1		T2713_.84.0830a10
30-038-02	正保版魚山私抄五悔	250	103	悉	悉	悉能	悉能			1								e5		32b2		T2713_.84.0830a11
30-038-02	正保版魚山私抄五悔	251	103	能	能	悉能	悉能			2								f5		32b2		T2713_.84.0830a11
30-038-02	正保版魚山私抄五悔	252	104	滿	満	滿足	満足			1								f4		32b2		T2713_.84.0830a11
30-038-02	正保版魚山私抄五悔	253	104	足	足	滿足	満足			2								e4		32b2		T2713_.84.0830a11
30-038-02	正保版魚山私抄五悔	254	105	波	波	波羅密	波羅密			1								f4		32b2		T2713_.84.0830a11
30-038-02	正保版魚山私抄五悔	255	105	羅	羅	波羅密	波羅密			2								e'5		32b2		T2713_.84.0830a11
30-038-02	正保版魚山私抄五悔	256	105	密	密	波羅密	波羅密			3								e4		32b2		T2713_.84.0830a11
30-038-02	正保版魚山私抄五悔	257	106	富	富	富樂	富樂			1								r3		32b3		T2713_.84.0830a12
30-038-02	正保版魚山私抄五悔	258	106	樂	樂	富樂	富樂			2								e4		32b3		T2713_.84.0830a12
30-038-02	正保版魚山私抄五悔	259	107	豐	豐	豐饒	豐饒			1					＊セウ			e5		32b3		T2713_.84.0830a12
30-038-02	正保版魚山私抄五悔	260	107	饒	饒	豐饒	豐饒			2				セウ	＊セウ			f5		32b3		T2713_.84.0830a12
30-038-02	正保版魚山私抄五悔	261	108	生	生	生勝族	生勝族			1								f5		32b3		T2713_.84.0830a12
30-038-02	正保版魚山私抄五悔	262	108	勝	勝	生勝族	生勝族			2								r5		32b3		T2713_.84.0830a12
30-038-02	正保版魚山私抄五悔	263	108	族	族	生勝族	生勝族			3								f5		32b3		T2713_.84.0830a12
30-038-02	正保版魚山私抄五悔	264	109	眷	眷	眷屬	眷屬			1								e5		33a1		T2713_.84.0830b01
30-038-02	正保版魚山私抄五悔	265	109	屬	屬	眷屬	眷屬			2								frr5		33a1		T2713_.84.0830b01
30-038-02	正保版魚山私抄五悔	266	110	廣	廣	廣多	廣多			1								ffr1_		33a1		T2713_.84.0830b01
30-038-02	正保版魚山私抄五悔	267	110	多	多	廣多	廣多			2								f5		33a1		T2713_.84.0830b01
30-038-02	正保版魚山私抄五悔	268	111	恆	恒	恆熾盛	恒熾盛			1								f4		33a1		T2713_.84.0830b01
30-038-02	正保版魚山私抄五悔	269	111	熾	熾	恆熾盛	恒熾盛			2								r4		33a1		T2713_.84.0830b01
30-038-02	正保版魚山私抄五悔	270	111	盛	盛	恆熾盛	恒熾盛			3								f5		33a1		T2713_.84.0830b01
30-038-02	正保版魚山私抄五悔	271	112	四	四	四無	四無			1								e'5		33a2		T2713_.84.0830b02
30-038-02	正保版魚山私抄五悔	272	112	無	無	四無	四無			2								f5		33a2		T2713_.84.0830b02
30-038-02	正保版魚山私抄五悔	273	113	_	_	_弁	_弁			1								fr4		33a2		T2713_.84.0830b02
30-038-02	正保版魚山私抄五悔	274	113	弁	弁	_弁	_弁			2								e4		33a2		T2713_.84.0830b02
30-038-02	正保版魚山私抄五悔	275	114	十	十	十自在	十自在			1								f4		33a2		T2713_.84.0830b02
30-038-02	正保版魚山私抄五悔	276	114	自	自	十自在	十自在			2								r4		33a2		T2713_.84.0830b02
30-038-02	正保版魚山私抄五悔	277	114	在	在	十自在	十自在			3								f5		33a2		T2713_.84.0830b02
30-038-02	正保版魚山私抄五悔	278	115	六	六	六通	六通			1								e5		33a3		T2713_.84.0830b03
30-038-02	正保版魚山私抄五悔	279	115	通	通	六通	六通			2								f5		33a3		T2713_.84.0830b03
30-038-02	正保版魚山私抄五悔	280	116	諸	諸	諸禪	諸禪			1								fr4		33a3		T2713_.84.0830b03
30-038-02	正保版魚山私抄五悔	281	116	禪	禪	諸禪	諸禪			2								e4		33a3		T2713_.84.0830b03
30-038-02	正保版魚山私抄五悔	282	117	悉	悉	悉圓滿	悉圓滿			1								e5		33a3		T2713_.84.0830b03
30-038-02	正保版魚山私抄五悔	283	117	圓	圓	悉圓滿	悉圓滿			2								"_f5, チヱント云ヤウニウツル也"		33a3		T2713_.84.0830b03
30-038-02	正保版魚山私抄五悔	284	117	滿	滿	悉圓滿	悉圓滿			3								e4		33a3		T2713_.84.0830b03
30-038-02	正保版魚山私抄五悔	285	118	如	如	如金剛憧	如金剛憧			1								e4		33b1		T2713_.84.0830b04
30-038-02	正保版魚山私抄五悔	286	118	金	金	如金剛憧	如金剛憧			2								f5		33b1		T2713_.84.0830b04
30-038-02	正保版魚山私抄五悔	287	118	剛	剛	如金剛憧	如金剛憧			3								f4		33b1		T2713_.84.0830b04
30-038-02	正保版魚山私抄五悔	288	118	憧	憧	如金剛憧	如金剛憧			4								e4		33b1		T2713_.84.0830b04
30-038-02	正保版魚山私抄五悔	289	119	及	及	及普賢	及普賢			1								e4		33b1		T2713_.84.0830b04
30-038-02	正保版魚山私抄五悔	290	119	普	普	及普賢	及普賢			2								e5		33b1		T2713_.84.0830b04
30-038-02	正保版魚山私抄五悔	291	119	賢	賢	及普賢	及普賢			3								f5		33b1		T2713_.84.0830b04
30-038-02	正保版魚山私抄五悔	292	120	願	願	願讃	願讃			1								r3		33b2		T2713_.84.0830b05
30-038-02	正保版魚山私抄五悔	293	120	讃	讃	願讃	願讃			2								e4		33b2		T2713_.84.0830b05
30-038-02	正保版魚山私抄五悔	294	121	迴	迴	迴向	迴向			1								f3		33b2		T2713_.84.0830b05
30-038-02	正保版魚山私抄五悔	295	121	向	向	迴向	迴向			2								r3		33b2		T2713_.84.0830b05
30-038-02	正保版魚山私抄五悔	296	122	亦	亦	亦如是	亦如是			1								e'5		33b2		T2713_.84.0830b05
30-038-02	正保版魚山私抄五悔	297	122	如	如	亦如是	亦如是			2								f4		33b2		T2713_.84.0830b05
30-038-02	正保版魚山私抄五悔	298	122	是	是	亦如是	亦如是			3								e4		33b2		T2713_.84.0830b05
30-038-02	正保版魚山私抄五悔	299	123	歸	帰	歸命	帰命			1								e5		33b3		T2713_.84.0830b06
30-038-02	正保版魚山私抄五悔	300	123	命	命	歸命	帰命			2								f5		33b3		T2713_.84.0830b06
30-038-02	正保版魚山私抄五悔	301	124	頂	頂	頂禮	頂礼			1								r3		33b3		T2713_.84.0830b06
30-038-02	正保版魚山私抄五悔	302	124	禮	礼	頂禮	頂礼			2								e4		33b3		T2713_.84.0830b06
30-038-02	正保版魚山私抄五悔	303	125	大	大	大悲	大悲			1								r4		33b3		T2713_.84.0830b06
30-038-02	正保版魚山私抄五悔	304	125	悲	悲	大悲	大悲			2								f5		33b3		T2713_.84.0830b06
30-038-02	正保版魚山私抄五悔	305	126	_	_	_盧舎那佛	_盧舎那佛			1								e3		33b3		T2713_.84.0830b06
30-038-02	正保版魚山私抄五悔	306	126	盧	盧	_盧舎那佛	_盧舎那佛			2								e3		33b3		T2713_.84.0830b06
30-038-02	正保版魚山私抄五悔	307	126	舎	舎	_盧舎那佛	_盧舎那佛			3								e2		33b3		T2713_.84.0830b06
30-038-02	正保版魚山私抄五悔	308	126	那	那	_盧舎那佛	_盧舎那佛			4								e2		33b3		T2713_.84.0830b06
30-038-02	正保版魚山私抄五悔	309	126	佛	佛	_盧舎那佛	_盧舎那佛			5								rf3		33b3		T2713_.84.0830b06
30-038-02	正保版魚山私抄五悔	310	127	_	_	_冒地質多	_冒地質多			1								e2		34a1	音写字	T2713_.84.0830b07
30-038-02	正保版魚山私抄五悔	311	127	冒	冒	_冒地質多	_冒地質多			2								e'2		34a1	音写字	T2713_.84.0830b07
30-038-02	正保版魚山私抄五悔	312	127	地	地	_冒地質多	_冒地質多			3								e3		34a1	音写字	T2713_.84.0830b07
30-038-02	正保版魚山私抄五悔	313	127	質	質	_冒地質多	_冒地質多			4								e3		34a1	音写字	T2713_.84.0830b07
30-038-02	正保版魚山私抄五悔	314	127	多	多	_冒地質多	_冒地質多			5								f3		34a1	音写字	T2713_.84.0830b07
30-038-02	正保版魚山私抄五悔	315	128	_	_	_三摩耶薩怛_鑁	_三摩耶薩怛_鑁			1								e2		34a1	音写字	T2713_.84.0830b07
30-038-02	正保版魚山私抄五悔	316	128	三	三	_三摩耶薩怛_鑁	_三摩耶薩怛_鑁			2								e2		34a1	音写字	T2713_.84.0830b07
30-038-02	正保版魚山私抄五悔	317	128	摩	摩	_三摩耶薩怛_鑁	_三摩耶薩怛_鑁			3								e'2		34a1	音写字	T2713_.84.0830b07
30-038-02	正保版魚山私抄五悔	318	128	耶	耶	_三摩耶薩怛_鑁	_三摩耶薩怛_鑁			4								e3		34a1	音写字	T2713_.84.0830b07
30-038-02	正保版魚山私抄五悔	319	128	薩	薩	_三摩耶薩怛_鑁	_三摩耶薩怛_鑁			5								e'2		34a1	音写字	T2713_.84.0830b07
30-038-02	正保版魚山私抄五悔	320	129	怛	怛	_三摩耶薩怛鑁	_三摩耶薩怛鑁			6								e'3		34a1	音写字	T2713_.84.0830b07
30-038-02	正保版魚山私抄五悔	321	129	鑁	鑁	_三摩耶薩怛鑁	_三摩耶薩怛鑁			7								f3		34a1	音写字	T2713_.84.0830b07
30-038-02	正保版魚山私抄五悔	322	130	歸	帰	歸命	帰命			1								e'1		34a2		T2713_.84.0830b08
30-038-02	正保版魚山私抄五悔	323	130	命	命	歸命	帰命			2								e1		34a2		T2713_.84.0830b08
30-038-02	正保版魚山私抄五悔	324	131	摩	摩	摩訶	摩訶			1								e2		34a2		T2713_.84.0830b08
30-038-02	正保版魚山私抄五悔	325	131	訶	訶	摩訶	摩訶			2								Rf_r2		34a2		T2713_.84.0830b08
30-038-02	正保版魚山私抄五悔	326	132	毘	毘	毘盧舎那佛	毘盧舎那佛			1								r3		34a2		T2713_.84.0830b08
30-038-02	正保版魚山私抄五悔	327	132	盧	盧	毘盧舎那佛	毘盧舎那佛			2								e4		34a2		T2713_.84.0830b08
30-038-02	正保版魚山私抄五悔	328	132	舎	舎	毘盧舎那佛	毘盧舎那佛			3								f_4		34a2		T2713_.84.0830b08
30-038-02	正保版魚山私抄五悔	329	132	那	那	毘盧舎那佛	毘盧舎那佛			4								Rf_rf_2		34a2		T2713_.84.0830b08
30-038-02	正保版魚山私抄五悔	330	132	佛	佛	毘盧舎那佛	毘盧舎那佛			5								e2		34a2		T2713_.84.0830b08
30-038-02	正保版魚山私抄五悔	331	133	四	四	四方	四方			1								f4〔別〕ff5		34b1		T2713_.84.0830b09
30-038-02	正保版魚山私抄五悔	332	133	方	方	四方	四方			2								Rf_r2		34b1		T2713_.84.0830b09
30-038-02	正保版魚山私抄五悔	333	134	四	四	四智	四智			1								f4		34b1		T2713_.84.0830b09
30-038-02	正保版魚山私抄五悔	334	134	智	智	四智	四智			2								rf_rf_3		34b1		T2713_.84.0830b09
30-038-02	正保版魚山私抄五悔	335	135	四	四	四波羅密	四波羅密			1								e2		34b1		T2713_.84.0830b09
30-038-02	正保版魚山私抄五悔	336	135	波	波	四波羅密	四波羅密			2								e1		34b1		T2713_.84.0830b09
30-038-02	正保版魚山私抄五悔	337	135	羅	羅	四波羅密	四波羅密			3								e1		34b1		T2713_.84.0830b09
30-038-02	正保版魚山私抄五悔	338	135	密	密	四波羅密	四波羅密			4								e1		34b1		T2713_.84.0830b09
30-038-02	正保版魚山私抄五悔	339	136	十	十	十六	十六			1								e4		34b2		T2713_.84.0830b10
30-038-02	正保版魚山私抄五悔	340	136	六	六	十六	十六			2								e4		34b2		T2713_.84.0830b10
30-038-02	正保版魚山私抄五悔	341	137	八	八	八供	八供			1								e4		34b2		T2713_.84.0830b10
30-038-02	正保版魚山私抄五悔	342	137	供	供	八供	八供			2								f_4		34b2		T2713_.84.0830b10
30-038-02	正保版魚山私抄五悔	343	138	四	四	四攝智	四攝智			1								r2		34b2		T2713_.84.0830b10
30-038-02	正保版魚山私抄五悔	344	138	攝	攝	四攝智	四攝智			2								rf_rf_3		34b2		T2713_.84.0830b10
30-038-02	正保版魚山私抄五悔	345	138	智	智	四攝智	四攝智			3								e2		34b2		T2713_.84.0830b10
30-038-02	正保版魚山私抄五悔	346	139	教	教	教令	教令			1								e4		35a1		T2713_.84.0830c01
30-038-02	正保版魚山私抄五悔	347	139	令	令	教令	教令			2								f_4		35a1		T2713_.84.0830c01
30-038-02	正保版魚山私抄五悔	348	140	輪	輪	輪者	輪者			1								r'2		35a1		T2713_.84.0830c01
30-038-02	正保版魚山私抄五悔	349	140	者	者	輪者	輪者			2								rf_rf_fr3		35a1		T2713_.84.0830c01
30-038-02	正保版魚山私抄五悔	350	141	降	降	降三世	降三世			1								e2		35a1		T2713_.84.0830c01
30-038-02	正保版魚山私抄五悔	351	141	三	三	降三世	降三世			2								e1		35a1		T2713_.84.0830c01
30-038-02	正保版魚山私抄五悔	352	141	世	世	降三世	降三世			3								e1		35a1		T2713_.84.0830c01
30-038-02	正保版魚山私抄五悔	353	142	兩	兩	兩部界會	兩部界會			1								e4		35a2		T2713_.84.0830c02
30-038-02	正保版魚山私抄五悔	354	142	部	部	兩部界會	兩部界會			2								e4		35a2		T2713_.84.0830c02
30-038-02	正保版魚山私抄五悔	355	142	界	界	兩部界會	兩部界會			3								e4		35a2		T2713_.84.0830c02
30-038-02	正保版魚山私抄五悔	356	142	會	會	兩部界會	兩部界會			4								f_4		35a2		T2713_.84.0830c02
30-038-02	正保版魚山私抄五悔	357	143	諸	諸	諸如來	諸如來			1								r'2		35a2		T2713_.84.0830c02
30-038-02	正保版魚山私抄五悔	358	143	如	如	諸如來	諸如來			2								rf_rf_3		35a2		T2713_.84.0830c02
30-038-02	正保版魚山私抄五悔	359	143	來	來	諸如來	諸如來			3								e2		35a2		T2713_.84.0830c02
30-038-02	正保版魚山私抄五悔	360	144	外	外	外金剛部	外金剛部			1								e2		35a3		T2713_.84.0830c03
30-038-02	正保版魚山私抄五悔	361	144	金	金	外金剛部	外金剛部			2								r3		35a3		T2713_.84.0830c03
30-038-02	正保版魚山私抄五悔	362	144	剛	剛	外金剛部	外金剛部			3								f4		35a3		T2713_.84.0830c03
30-038-02	正保版魚山私抄五悔	363	144	部	部	外金剛部	外金剛部			4								rf_rf_fr3		35a3		T2713_.84.0830c03
30-038-02	正保版魚山私抄五悔	364	145	威	威	威_天	威_天			1								e2		35a3		T2713_.84.0830c03
30-038-02	正保版魚山私抄五悔	365	145	_	_	威_天	威_天			2								e1		35a3		T2713_.84.0830c03
30-038-02	正保版魚山私抄五悔	366	145	天	天	威_天	威_天			3								e1		35a3		T2713_.84.0830c03
30-038-02	正保版魚山私抄五悔	367	146	不	不	不越	不越			1								e'4		35b1		T2713_.84.0830c04
30-038-02	正保版魚山私抄五悔	368	146	越	越	不越	不越			2								e4		35b1		T2713_.84.0830c04
30-038-02	正保版魚山私抄五悔	369	147	本	本	本誓	本誓			1								e4		35b1		T2713_.84.0830c04
30-038-02	正保版魚山私抄五悔	370	147	誓	誓	本誓	本誓			2								f4		35b1		T2713_.84.0830c04
30-038-02	正保版魚山私抄五悔	371	148	三	三	三昧耶	三昧耶			1								f4		35b1		T2713_.84.0830c04
30-038-02	正保版魚山私抄五悔	372	148	昧	昧	三昧耶	三昧耶			2								Rf_rf_2		35b1		T2713_.84.0830c04
30-038-02	正保版魚山私抄五悔	373	148	耶	耶	三昧耶	三昧耶			3								e2		35b1		T2713_.84.0830c04
30-038-02	正保版魚山私抄五悔	374	149	降	降	降臨	降臨			1								r3		35b2		T2713_.84.0830c05
30-038-02	正保版魚山私抄五悔	375	149	臨	臨	降臨	降臨			2								e4		35b2		T2713_.84.0830c05
30-038-02	正保版魚山私抄五悔	376	150	壇	壇	壇場	壇場			1								f4		35b2		T2713_.84.0830c05
30-038-02	正保版魚山私抄五悔	377	150	場	場	壇場	壇場			2								rf_rf_fr3		35b2		T2713_.84.0830c05
30-038-02	正保版魚山私抄五悔	378	151	受	受	受妙供	受妙供			1								e2		35b2		T2713_.84.0830c05
30-038-02	正保版魚山私抄五悔	379	151	妙	妙	受妙供	受妙供			2								e1		35b2		T2713_.84.0830c05
30-038-02	正保版魚山私抄五悔	380	151	供	供	受妙供	受妙供			3								e1		35b2		T2713_.84.0830c05
30-038-02	正保版魚山私抄五悔	381	152	弘	弘	弘法	弘法			1								e4		35b3		T2713_.84.0830c06
30-038-02	正保版魚山私抄五悔	382	152	法	法	弘法	弘法			2								e4		35b3		T2713_.84.0830c06
30-038-02	正保版魚山私抄五悔	383	153	大	大	大師	大師			1								e4		35b3		T2713_.84.0830c06
30-038-02	正保版魚山私抄五悔	384	153	師	師	大師	大師			2								f_4		35b3		T2713_.84.0830c06
30-038-02	正保版魚山私抄五悔	385	154	_	_	_法樂	_法樂			1								r2		35b3		T2713_.84.0830c06
30-038-02	正保版魚山私抄五悔	386	154	法	法	_法樂	_法樂			2								rf_rf_3		35b3		T2713_.84.0830c06
30-038-02	正保版魚山私抄五悔	387	154	樂	樂	_法樂	_法樂			3								e2		35b3		T2713_.84.0830c06
30-038-02	正保版魚山私抄五悔	388	155	三	三	三國	三國			1								r3		36a1		T2713_.84.0830c07
30-038-02	正保版魚山私抄五悔	389	155	國	國	三國	三國			2								e4		36a1		T2713_.84.0830c07
30-038-02	正保版魚山私抄五悔	390	156	傳	傳	傳燈	傳燈			1								f4		36a1		T2713_.84.0830c07
30-038-02	正保版魚山私抄五悔	391	156	燈	燈	傳燈	傳燈			2								rf_rf_fr3		36a1		T2713_.84.0830c07
30-038-02	正保版魚山私抄五悔	392	157	諸	諸	諸阿闍梨	諸阿闍梨			1								e2		36a1		T2713_.84.0830c07
30-038-02	正保版魚山私抄五悔	393	157	阿	阿	諸阿闍梨	諸阿闍梨			2								e1		36a1		T2713_.84.0830c07
30-038-02	正保版魚山私抄五悔	394	157	闍	闍	諸阿闍梨	諸阿闍梨			3								e1		36a1		T2713_.84.0830c07
30-038-02	正保版魚山私抄五悔	395	157	梨	梨	諸阿闍梨	諸阿闍梨			4								e1		36a1		T2713_.84.0830c07
30-038-02	正保版魚山私抄五悔	396	158	護	護	護持	護持			1								e4		36a2		T2713_.84.0830c08
30-038-02	正保版魚山私抄五悔	397	158	持	持	護持	護持			2								e'4		36a2		T2713_.84.0830c08
30-038-02	正保版魚山私抄五悔	398	159	大	大	大衆	大衆			1								e4		36a2		T2713_.84.0830c08
30-038-02	正保版魚山私抄五悔	399	159	衆	衆	大衆	大衆			2								f_4		36a2		T2713_.84.0830c08
30-038-02	正保版魚山私抄五悔	400	160	除	除	除不_	除不_			1								r'2		36a2		T2713_.84.0830c08
30-038-02	正保版魚山私抄五悔	401	160	不	不	除不_	除不_			2								rf_rf_3		36a2		T2713_.84.0830c08
30-038-02	正保版魚山私抄五悔	402	160	_	_	除不_	除不_			3								e2		36a2		T2713_.84.0830c08
30-038-02	正保版魚山私抄五悔	403	161	滅	滅	滅罪	滅罪			1								e4		36a3		T2713_.84.0830c09
30-038-02	正保版魚山私抄五悔	404	161	罪	罪	滅罪	滅罪			2								f_4		36a3		T2713_.84.0830c09
30-038-02	正保版魚山私抄五悔	405	162	生	生	生善	生善			1								r'2		36a3		T2713_.84.0830c09
30-038-02	正保版魚山私抄五悔	406	162	善	善	生善	生善			2								rf_rf_fr'3		36a3		T2713_.84.0830c09
30-038-02	正保版魚山私抄五悔	407	163	成	成	成大願	成大願			1								e2		36a3		T2713_.84.0830c09
30-038-02	正保版魚山私抄五悔	408	163	大	大	成大願	成大願			2								e1		36a3		T2713_.84.0830c09
30-038-02	正保版魚山私抄五悔	409	163	願	願	成大願	成大願			3								e1		36a3		T2713_.84.0830c09
30-038-02	正保版魚山私抄五悔	410	164	天	天	天下	天下			1								e4		36b1		T2713_.84.0830c10
30-038-02	正保版魚山私抄五悔	411	164	下	下	天下	天下			2								frf3		36b1		T2713_.84.0830c10
30-038-02	正保版魚山私抄五悔	412	165	法	法	法界	法界			1								e2		36b1		T2713_.84.0830c10
30-038-02	正保版魚山私抄五悔	413	165	界	界	法界	法界			2								e1		36b1		T2713_.84.0830c10
30-038-02	正保版魚山私抄五悔	414	166	同	同	同利益	同利益			1								e2		36b1		T2713_.84.0830c10
30-038-02	正保版魚山私抄五悔	415	166	利	利	同利益	同利益			2								e1		36b1		T2713_.84.0830c10
30-038-02	正保版魚山私抄五悔	416	166	益	益	同利益	同利益			3								e1		36b1		T2713_.84.0830c10
30-038-02	正保版魚山私抄五悔	417	167	衆	衆	衆生	衆生			1				シユ	シユ＊			e3		36b3		T2713_.84.0830c12
30-038-02	正保版魚山私抄五悔	418	167	生	生	衆生	衆生			2					シユ＊			e4		36b3		T2713_.84.0830c12
30-038-02	正保版魚山私抄五悔	419	168	無	無	無邊	無邊			1								r3		36b3		T2713_.84.0830c12
30-038-02	正保版魚山私抄五悔	420	168	邊	邊	無邊	無邊			2								e2		36b3		T2713_.84.0830c12
30-038-02	正保版魚山私抄五悔	421	169	誓	誓	誓願度	誓願度			1								f4		36b3		T2713_.84.0830c12
30-038-02	正保版魚山私抄五悔	422	169	願	願	誓願度	誓願度			2								rf_rf_3		36b3		T2713_.84.0830c12
30-038-02	正保版魚山私抄五悔	423	169	度	度	誓願度	誓願度			3								e2		36b3		T2713_.84.0830c12
30-038-02	正保版魚山私抄五悔	424	170	福	福	福智	福智			1								e4		37a1		T2713_.84.0831a01
30-038-02	正保版魚山私抄五悔	425	170	智	智	福智	福智			2								f_4		37a1		T2713_.84.0831a01
30-038-02	正保版魚山私抄五悔	426	171	無	無	無邊	無邊			1								r'2		37a1		T2713_.84.0831a01
30-038-02	正保版魚山私抄五悔	427	171	邊	邊	無邊	無邊			2								rf_rf_fr3		37a1		T2713_.84.0831a01
30-038-02	正保版魚山私抄五悔	428	172	誓	誓	誓願集	誓願集			1								e2		37a1		T2713_.84.0831a01
30-038-02	正保版魚山私抄五悔	429	172	願	願	誓願集	誓願集			2								e1		37a1		T2713_.84.0831a01
30-038-02	正保版魚山私抄五悔	430	172	集	集	誓願集	誓願集			3								e1		37a1		T2713_.84.0831a01
30-038-02	正保版魚山私抄五悔	431	173	法	法	法門	法門			1								e4		37a2		T2713_.84.0831a02
30-038-02	正保版魚山私抄五悔	432	173	門	門	法門	法門			2								R4		37a2		T2713_.84.0831a02
30-038-02	正保版魚山私抄五悔	433	174	無	無	無邊	無邊			1								e4		37a2		T2713_.84.0831a02
30-038-02	正保版魚山私抄五悔	434	174	邊	邊	無邊	無邊			2								e4		37a2		T2713_.84.0831a02
30-038-02	正保版魚山私抄五悔	435	175	誓	誓	誓願覺	誓願覺			1								f4		37a2		T2713_.84.0831a02
30-038-02	正保版魚山私抄五悔	436	175	願	願	誓願覺	誓願覺			2								rf_rf_3		37a2		T2713_.84.0831a02
30-038-02	正保版魚山私抄五悔	437	175	覺	覺	誓願覺	誓願覺			3								e2		37a2		T2713_.84.0831a02
30-038-02	正保版魚山私抄五悔	438	176	如	如	如來	如來			1								r3		37b1		T2713_.84.0831a03
30-038-02	正保版魚山私抄五悔	439	176	來	來	如來	如來			2								e4		37b1		T2713_.84.0831a03
30-038-02	正保版魚山私抄五悔	440	177	無	無	無邊	無邊			1								f4		37b1		T2713_.84.0831a03
30-038-02	正保版魚山私抄五悔	441	177	邊	邊	無邊	無邊			2								rf_rf_3		37b1		T2713_.84.0831a03
30-038-02	正保版魚山私抄五悔	442	178	誓	誓	誓願事	誓願事			1								e2		37b1		T2713_.84.0831a03
30-038-02	正保版魚山私抄五悔	443	178	願	願	誓願事	誓願事			2								e1		37b1		T2713_.84.0831a03
30-038-02	正保版魚山私抄五悔	444	178	事	事	誓願事	誓願事			3								e1		37b1		T2713_.84.0831a03
30-038-02	正保版魚山私抄五悔	445	179	菩	菩	菩提	菩提			1								e4		37b2		T2713_.84.0831a04
30-038-02	正保版魚山私抄五悔	446	179	提	提	菩提	菩提			2								frf3		37b2		T2713_.84.0831a04
30-038-02	正保版魚山私抄五悔	447	180	無	無	無上	無上			1								e2		37b2		T2713_.84.0831a04
30-038-02	正保版魚山私抄五悔	448	180	上	上	無上	無上			2								e1		37b2		T2713_.84.0831a04
30-038-02	正保版魚山私抄五悔	449	181	誓	誓	誓願證	誓願證			1								e2		37b2		T2713_.84.0831a04
30-038-02	正保版魚山私抄五悔	450	181	願	願	誓願證	誓願證			2								e1		37b2		T2713_.84.0831a04
30-038-02	正保版魚山私抄五悔	451	181	證	證	誓願證	誓願證			3								e1		37b2		T2713_.84.0831a04
30-038-02	正保版魚山私抄五悔	452	182	_	_	_阿謨迦布惹摩尼播_摩縛曰__	_阿謨迦布惹摩尼播_摩縛曰__			1								e1		37b3	音写字	T2713_.84.0831a05
30-038-02	正保版魚山私抄五悔	453	182	阿	阿	_阿謨迦布惹摩尼播_摩縛曰__	_阿謨迦布惹摩尼播_摩縛曰__			2								e1		37b3	音写字	T2713_.84.0831a05
30-038-02	正保版魚山私抄五悔	454	182	謨	謨	_阿謨迦布惹摩尼播_摩縛曰__	_阿謨迦布惹摩尼播_摩縛曰__			3								e1		37b3	音写字	T2713_.84.0831a05
30-038-02	正保版魚山私抄五悔	455	182	迦	迦	_阿謨迦布惹摩尼播_摩縛曰__	_阿謨迦布惹摩尼播_摩縛曰__			4								e1		37b3	音写字	T2713_.84.0831a05
30-038-02	正保版魚山私抄五悔	456	182	布	布	_阿謨迦布惹摩尼播_摩縛曰__	_阿謨迦布惹摩尼播_摩縛曰__			5								e1		37b3	音写字	T2713_.84.0831a05
30-038-02	正保版魚山私抄五悔	457	182	惹	惹	_阿謨迦布惹摩尼播_摩縛曰__	_阿謨迦布惹摩尼播_摩縛曰__			6								e1		37b3	音写字	T2713_.84.0831a05
30-038-02	正保版魚山私抄五悔	458	182	摩	摩	_阿謨迦布惹摩尼播_摩縛曰__	_阿謨迦布惹摩尼播_摩縛曰__			7								e1		37b3	音写字	T2713_.84.0831a05
30-038-02	正保版魚山私抄五悔	459	182	尼	尼	_阿謨迦布惹摩尼播_摩縛曰__	_阿謨迦布惹摩尼播_摩縛曰__			8								e1		37b3	音写字	T2713_.84.0831a05
30-038-02	正保版魚山私抄五悔	460	182	播	播	_阿謨迦布惹摩尼播_摩縛曰__	_阿謨迦布惹摩尼播_摩縛曰__			9								e1		37b3	音写字	T2713_.84.0831a05
30-038-02	正保版魚山私抄五悔	461	182	_	_	_阿謨迦布惹摩尼播_摩縛曰__	_阿謨迦布惹摩尼播_摩縛曰__			10								e1		37b3	音写字	T2713_.84.0831a05
30-038-02	正保版魚山私抄五悔	462	182	摩	摩	_阿謨迦布惹摩尼播_摩縛曰__	_阿謨迦布惹摩尼播_摩縛曰__			11								e1		37b3	音写字	T2713_.84.0831a05
30-038-02	正保版魚山私抄五悔	463	182	縛	縛	_阿謨迦布惹摩尼播_摩縛曰__	_阿謨迦布惹摩尼播_摩縛曰__			12								e1		37b3	音写字	T2713_.84.0831a05
30-038-02	正保版魚山私抄五悔	464	182	曰	曰	_阿謨迦布惹摩尼播_摩縛曰__	_阿謨迦布惹摩尼播_摩縛曰__			13								e1		37b3	音写字	T2713_.84.0831a05
30-038-02	正保版魚山私抄五悔	465	182	__	__	_阿謨迦布惹摩尼播_摩縛曰__	_阿謨迦布惹摩尼播_摩縛曰__			14								e1		37b3	音写字	T2713_.84.0831a05
30-038-02	正保版魚山私抄五悔	466	183	怛	怛	怛他__多	怛他__多			1								e2		38a1	音写字	T2713_.84.0831a06
30-038-02	正保版魚山私抄五悔	467	183	他	他	怛他__多	怛他__多			2								e1		38a1	音写字	T2713_.84.0831a06
30-038-02	正保版魚山私抄五悔	468	183	__	__	怛他__多	怛他__多			3								e2		38a1	音写字	T2713_.84.0831a06
30-038-02	正保版魚山私抄五悔	469	183	多	多	怛他__多	怛他__多			4								e1		38a1	音写字	T2713_.84.0831a06
30-038-02	正保版魚山私抄五悔	470	184	以	以	以我	以我			1								e1		38a1		T2713_.84.0831a06
30-038-02	正保版魚山私抄五悔	471	184	我	我	以我	以我			2								e1		38a1		T2713_.84.0831a06
30-038-02	正保版魚山私抄五悔	472	185	如	如	如來	如來			1								e3		38a1		T2713_.84.0831a06
30-038-02	正保版魚山私抄五悔	473	185	來	來	如來	如來			2								e3		38a1		T2713_.84.0831a06
30-038-02	正保版魚山私抄五悔	474	186	及	及	及以	及以			1								F3		38a1		T2713_.84.0831a06
30-038-02	正保版魚山私抄五悔	475	186	以	以	及以	及以			2								e1		38a1		T2713_.84.0831a06
30-038-02	正保版魚山私抄五悔	476	187	普	普	普供養	普供養			1								e1		38a2		T2713_.84.0831a07
30-038-02	正保版魚山私抄五悔	477	187	供	供	普供養	普供養			2								e1		38a2		T2713_.84.0831a07
30-038-02	正保版魚山私抄五悔	478	187	養	養	普供養	普供養			3								e1		38a2		T2713_.84.0831a07
30-038-02	正保版魚山私抄五悔	479	188	摩	摩	摩訶	摩訶			1								e5_		38a2		T2713_.84.0831a07
30-038-02	正保版魚山私抄五悔	480	188	訶	訶	摩訶	摩訶			2								e1		38a2		T2713_.84.0831a07
30-038-02	正保版魚山私抄五悔	481	189	普	普	普供養	普供養			1								e1		38a2		T2713_.84.0831a07
30-038-02	正保版魚山私抄五悔	482	189	供	供	普供養	普供養			2								e1		38a2		T2713_.84.0831a07
30-038-02	正保版魚山私抄五悔	483	189	養	養	普供養	普供養			3								e1		38a2		T2713_.84.0831a07
30-038-02	正保版魚山私抄五悔	484	190	兩	兩	兩部	兩部			1								e2		38a3		T2713_.84.0831a08
30-038-02	正保版魚山私抄五悔	485	190	部	部	兩部	兩部			2								e1		38a3		T2713_.84.0831a08
30-038-02	正保版魚山私抄五悔	486	191	諸	諸	諸尊	諸尊			1								r1		38a3		T2713_.84.0831a08
30-038-02	正保版魚山私抄五悔	487	191	尊	尊	諸尊	諸尊			2								e2		38a3		T2713_.84.0831a08
30-038-02	正保版魚山私抄五悔	488	192	護	護	護法	護法			1								f2		38a3		T2713_.84.0831a08
30-038-02	正保版魚山私抄五悔	489	192	法	法	護法	護法			2								e1		38a3		T2713_.84.0831a08
30-038-02	正保版魚山私抄五悔	490	193	所	所	所設	所設			1								e1		38a3		T2713_.84.0831a08
30-038-02	正保版魚山私抄五悔	491	193	設	設	所設	所設			2								e1		38a3		T2713_.84.0831a08
30-038-02	正保版魚山私抄五悔	492	194	哀	哀	哀愍	哀愍			1								e2		38b1		T2713_.84.0831a09
30-038-02	正保版魚山私抄五悔	493	194	愍	愍	哀愍	哀愍			2								e1		38b1		T2713_.84.0831a09
30-038-02	正保版魚山私抄五悔	494	195	過	過	過去	過去			1								e1		38b1		T2713_.84.0831a09
30-038-02	正保版魚山私抄五悔	495	195	去	去	過去	過去			2								e1		38b1		T2713_.84.0831a09
30-038-02	正保版魚山私抄五悔	496	196	頓	頓	頓證	頓證			1								f2		38b1		T2713_.84.0831a09
30-038-02	正保版魚山私抄五悔	497	196	證	證	頓證	頓證			2								e1		38b1		T2713_.84.0831a09
30-038-02	正保版魚山私抄五悔	498	197	護	護	護持	護持			1								e5_		38b1		T2713_.84.0831a09
30-038-02	正保版魚山私抄五悔	499	197	持	持	護持	護持			2								e1		38b1		T2713_.84.0831a09
30-038-02	正保版魚山私抄五悔	500	198	消	消	消除	消除			1								r5_〔別〕r1		38b1		T2713_.84.0831a09
30-038-02	正保版魚山私抄五悔	501	198	除	除	消除	消除			2								e1〔別〕e2		38b1		T2713_.84.0831a09
30-038-02	正保版魚山私抄五悔	502	199	_	_	_長	_長			1								e2		38b1		T2713_.84.0831a09
30-038-02	正保版魚山私抄五悔	503	199	長	長	_長	_長			2								e1		38b1		T2713_.84.0831a09
30-038-02	正保版魚山私抄五悔	504	200	恆	恒	恆受	恒受			1				カウ	カウ＊			e2		38b2		T2713_.84.0831a10
30-038-02	正保版魚山私抄五悔	505	200	受	受	恆受	恒受			2					カウ＊			e1		38b2		T2713_.84.0831a10
30-038-02	正保版魚山私抄五悔	506	201	无	无	无邊	无邊			1								e2		38b2		T2713_.84.0831a10
30-038-02	正保版魚山私抄五悔	507	201	邊	邊	无邊	无邊			2								e2		38b2		T2713_.84.0831a10
30-038-02	正保版魚山私抄五悔	508	202	决	决	决定	决定			1								f2		38b2		T2713_.84.0831a10
30-038-02	正保版魚山私抄五悔	509	202	定	定	决定	决定			2								e1		38b2		T2713_.84.0831a10
30-038-02	正保版魚山私抄五悔	510	203	南	南	南無	南無			1				ナウ	ナウホ			"e4_, 声明集中最下音也, 下山也"		38b3	音写字	T2713_.84.0831a11
30-038-02	正保版魚山私抄五悔	511	203	無	無	南無	南無			2				ホ	ナウホ			r5_		38b3	音写字	T2713_.84.0831a11
30-038-02	正保版魚山私抄五悔	512	204	摩	摩	摩訶	摩訶			1								e4		38b3		T2713_.84.0831a11
30-038-02	正保版魚山私抄五悔	513	204	訶	訶	摩訶	摩訶			2								e1		38b3		T2713_.84.0831a11
30-038-02	正保版魚山私抄五悔	514	205	南	南	南無	南無			1								"e1, 已下ナモ"		38b3	音写字	T2713_.84.0831a11
30-038-02	正保版魚山私抄五悔	515	205	無	無	南無	南無			2								e1		38b3	音写字	T2713_.84.0831a11
30-038-02	正保版魚山私抄五悔	516	206	阿	阿	阿_	阿_			1					＊シユク			e2		38b3		T2713_.84.0831a11
30-038-02	正保版魚山私抄五悔	517	206	_	_	阿_	阿_			2				シユク	＊シユク			e1		38b3		T2713_.84.0831a11
30-038-02	正保版魚山私抄五悔	518	207	南	南	南無	南無			1								e1		39a1	音写字	T2713_.84.0831b01
30-038-02	正保版魚山私抄五悔	519	207	無	無	南無	南無			2								e1		39a1	音写字	T2713_.84.0831b01
30-038-02	正保版魚山私抄五悔	520	208	寳	寳	寳生	寳生			1								e2		39a1		T2713_.84.0831b01
30-038-02	正保版魚山私抄五悔	521	208	生	生	寳生	寳生			2								f2		39a1		T2713_.84.0831b01
30-038-02	正保版魚山私抄五悔	522	209	南	南	南無	南無			1								e1		39a1	音写字	T2713_.84.0831b01
30-038-02	正保版魚山私抄五悔	523	209	無	無	南無	南無			2								e1		39a1	音写字	T2713_.84.0831b01
30-038-02	正保版魚山私抄五悔	524	210	無	無	無量	無量			1								f1		39a1		T2713_.84.0831b01
30-038-02	正保版魚山私抄五悔	525	210	量	量	無量	無量			2								r1		39a1		T2713_.84.0831b01
30-038-02	正保版魚山私抄五悔	526	211	南	南	南無	南無			1								e1		39a1	音写字	T2713_.84.0831b01
30-038-02	正保版魚山私抄五悔	527	211	無	無	南無	南無			2								e1		39a1	音写字	T2713_.84.0831b01
30-038-02	正保版魚山私抄五悔	528	212	不	不	不空	不空			1					＊コウ			e2		39a1		T2713_.84.0831b01
30-038-02	正保版魚山私抄五悔	529	212	空	空	不空	不空			2				コウ	＊コウ			e1		39a1		T2713_.84.0831b01
30-038-02	正保版魚山私抄五悔	530	213	南	南	南無	南無			1								e1		39a2	音写字	T2713_.84.0831b02
30-038-02	正保版魚山私抄五悔	531	213	無	無	南無	南無			2								e1		39a2	音写字	T2713_.84.0831b02
30-038-02	正保版魚山私抄五悔	532	214	四	四	四波羅	四波羅			1								r5_		39a2		T2713_.84.0831b02
30-038-02	正保版魚山私抄五悔	533	214	波	波	四波羅	四波羅			2								e1		39a2		T2713_.84.0831b02
30-038-02	正保版魚山私抄五悔	534	214	羅	羅	四波羅	四波羅			3								e1		39a2		T2713_.84.0831b02
30-038-02	正保版魚山私抄五悔	535	215	南	南	南無	南無			1								e1		39a2	音写字	T2713_.84.0831b02
30-038-02	正保版魚山私抄五悔	536	215	無	無	南無	南無			2								e1		39a2	音写字	T2713_.84.0831b02
30-038-02	正保版魚山私抄五悔	537	216	十	十	十六	十六			1								f1		39a2		T2713_.84.0831b02
30-038-02	正保版魚山私抄五悔	538	216	六	六	十六	十六			2								e1		39a2		T2713_.84.0831b02
30-038-02	正保版魚山私抄五悔	539	217	南	南	南無	南無			1								e1		39a2	音写字	T2713_.84.0831b02
30-038-02	正保版魚山私抄五悔	540	217	無	無	南無	南無			2								e1		39a2	音写字	T2713_.84.0831b02
30-038-02	正保版魚山私抄五悔	541	218	八	八	八供養	八供養			1					＊クヰヨウ＊			e2		39a2		T2713_.84.0831b02
30-038-02	正保版魚山私抄五悔	542	218	供	供	八供養	八供養			2				クヰヨウ	＊クヰヨウ＊			e1		39a2		T2713_.84.0831b02
30-038-02	正保版魚山私抄五悔	543	218	養	養	八供養	八供養			3					＊クヰヨウ＊			e1		39a2		T2713_.84.0831b02
30-038-02	正保版魚山私抄五悔	544	219	南	南	南無	南無			1								e1		39a3	音写字	T2713_.84.0831b03
30-038-02	正保版魚山私抄五悔	545	219	無	無	南無	南無			2								e1		39a3	音写字	T2713_.84.0831b03
30-038-02	正保版魚山私抄五悔	546	220	四	四	四攝	四攝			1								r5_		39a3		T2713_.84.0831b03
30-038-02	正保版魚山私抄五悔	547	220	攝	攝	四攝	四攝			2								e1		39a3		T2713_.84.0831b03
30-038-02	正保版魚山私抄五悔	548	221	南	南	南無	南無			1								e1		39b1	音写字	T2713_.84.0831b04
30-038-02	正保版魚山私抄五悔	549	221	無	無	南無	南無			2								e3		39b1	音写字	T2713_.84.0831b04
30-038-02	正保版魚山私抄五悔	550	222	金	金	金剛界	金剛界			1								f3		39b1		T2713_.84.0831b04
30-038-02	正保版魚山私抄五悔	551	222	剛	剛	金剛界	金剛界			2								e2		39b1		T2713_.84.0831b04
30-038-02	正保版魚山私抄五悔	552	222	界	界	金剛界	金剛界			3								e2		39b1		T2713_.84.0831b04
30-038-02	正保版魚山私抄五悔	553	223	南	南	南無	南無			1								e3		39b1	音写字	T2713_.84.0831b04
30-038-02	正保版魚山私抄五悔	554	223	無	無	南無	南無			2								e3		39b1	音写字	T2713_.84.0831b04
30-038-02	正保版魚山私抄五悔	555	224	大	大	大悲	大悲			1								e3		39b1		T2713_.84.0831b04
30-038-02	正保版魚山私抄五悔	556	224	悲	悲	大悲	大悲			2								e2		39b1		T2713_.84.0831b04
30-038-02	正保版魚山私抄五悔	557	225	胎	胎	胎藏界	胎藏界			1								e3		39b1		T2713_.84.0831b04
30-038-02	正保版魚山私抄五悔	558	225	藏	藏	胎藏界	胎藏界			2								e2		39b1		T2713_.84.0831b04
30-038-02	正保版魚山私抄五悔	559	225	界	界	胎藏界	胎藏界			3								e1		39b1		T2713_.84.0831b04
30-038-02	正保版魚山私抄五悔	560	226	迴	迴	迴向	迴向			1								e4		39b2		T2713_.84.0831b05
30-038-02	正保版魚山私抄五悔	561	226	向	向	迴向	迴向			2								e3		39b2		T2713_.84.0831b05
30-038-02	正保版魚山私抄五悔	562	227	大	大	大菩提	大菩提			1								e3		39b2		T2713_.84.0831b05
30-038-02	正保版魚山私抄五悔	563	227	菩	菩	大菩提	大菩提			2								e4		39b2		T2713_.84.0831b05
30-038-02	正保版魚山私抄五悔	564	227	提	提	大菩提	大菩提			3								e4		39b2		T2713_.84.0831b05
30-038-02	正保版魚山私抄五悔	565	228	至	至	至心	至心			1								e5		39b2		T2713_.84.0831b05
30-038-02	正保版魚山私抄五悔	566	228	心	心	至心	至心			2								e5		39b2		T2713_.84.0831b05
30-038-02	正保版魚山私抄五悔	567	229	迴	迴	迴向	迴向			1								f3		39b2		T2713_.84.0831b05
30-038-02	正保版魚山私抄五悔	568	229	向	向	迴向	迴向			2								r3		39b2		T2713_.84.0831b05
30-038-02	正保版魚山私抄五悔	569	230	懺	懺	懺悔	懺悔			1								e5		39b3		T2713_.84.0831b06
30-038-02	正保版魚山私抄五悔	570	230	悔	悔	懺悔	懺悔			2								e5		39b3		T2713_.84.0831b06
30-038-02	正保版魚山私抄五悔	571	231	隨	随	隨喜	随喜			1								e5		39b3		T2713_.84.0831b06
30-038-02	正保版魚山私抄五悔	572	231	喜	喜	隨喜	随喜			2								e2		39b3		T2713_.84.0831b06