資料番号	資料名	資料内漢字番号	資料内漢語番号	単字_見出し	単字_出現形	漢語_見出し	漢語_出現形	漢語_alphabet	語種	漢語内位置	単字長	声点	声点型	仮名注	仮名型	反切	類音	節博士	その他	出現位置	備考
40-016-03	新猿楽記_尊経閣文庫_康永本	1	1	唐	唐	唐術	唐術			1		〔墨〕平	平入濁							082-04	
40-016-03	新猿楽記_尊経閣文庫_康永本	2	1	術	術	唐術	唐術			2		〔墨〕入濁	平入濁							082-04	
40-016-03	新猿楽記_尊経閣文庫_康永本	3	2	鼓	鼓	輪鼓	輪鼓			2		〔墨〕上濁	＊上濁	〔墨〕コ	＊コ					082-04	
40-016-03	新猿楽記_尊経閣文庫_康永本	4	3	大	大	大動	大動			1		〔墨〕平	平平？							082-05	
40-016-03	新猿楽記_尊経閣文庫_康永本	5	3	動	動	大動	大動			2		〔墨〕平？	平平？							082-05	
40-016-03	新猿楽記_尊経閣文庫_康永本	6	4	專	専	專當	専當			1		〔朱〕平濁	平濁平濁							082-06	
40-016-03	新猿楽記_尊経閣文庫_康永本	7	4	當	當	專當	専當			2		〔朱〕平濁	平濁平濁							082-06	
40-016-03	新猿楽記_尊経閣文庫_康永本	8	5	秋	秋	千秋	千秋			2		〔朱〕平濁	＊平濁							082-07	
40-016-03	新猿楽記_尊経閣文庫_康永本	9	6	歳	歳	萬歳	万歳			2		〔朱〕平濁	＊平濁							082-08	
40-016-03	新猿楽記_尊経閣文庫_康永本	10	7	仁	仁	仁南	仁南			1		〔朱〕平濁	平濁平	〔墨〕シン	シン＊					083-01	
40-016-03	新猿楽記_尊経閣文庫_康永本	11	7	南	南	仁南	仁南			2		〔朱〕平	平濁平		シン＊					083-01	
40-016-03	新猿楽記_尊経閣文庫_康永本	12	8	仙	仙	仙	仙			1		〔朱〕平	平							083-03	
40-016-03	新猿楽記_尊経閣文庫_康永本	13	9	先	先	先生	先生			1		〔朱〕去	去上濁							083-04	上濁は声点か
40-016-03	新猿楽記_尊経閣文庫_康永本	14	9	生	生	先生	先生			2		〔朱〕上濁	去上濁							083-04	上濁は声点か
40-016-03	新猿楽記_尊経閣文庫_康永本	15	10	言	言	言失	言失			1		〔朱〕去濁	去濁＊							083-05	
40-016-03	新猿楽記_尊経閣文庫_康永本	16	11	菊	菊	菊正	菊正			1		〔朱〕入	入＊		＊マサ					083-06	人名
40-016-03	新猿楽記_尊経閣文庫_康永本	17	12	物	物	被物	被物			2		〔朱〕入濁	＊入濁							083-12	汚損？
40-016-03	新猿楽記_尊経閣文庫_康永本	18	13	祿	祿	祿物	祿物			1		〔朱〕入	入入							083-12	
40-016-03	新猿楽記_尊経閣文庫_康永本	19	13	物	物	祿物	祿物			2		〔朱〕入	入入							083-12	
40-016-03	新猿楽記_尊経閣文庫_康永本	20	14	萬	万	萬	万			1		〔朱〕／〔墨〕去濁	／去濁							083-12	
40-016-03	新猿楽記_尊経閣文庫_康永本	21	15	弱	弱	弱冠	弱冠			1		〔朱〕入濁	入濁上							084-06	
40-016-03	新猿楽記_尊経閣文庫_康永本	22	15	冠	冠	弱冠	弱冠			2		〔朱〕上	入濁上							084-06	
40-016-03	新猿楽記_尊経閣文庫_康永本	23	16	懸	懸	懸隔	懸隔			1		〔朱〕平	平入濁							084-08	
40-016-03	新猿楽記_尊経閣文庫_康永本	24	16	隔	隔	懸隔	懸隔			2		〔朱〕入濁	平入濁							084-08	
40-016-03	新猿楽記_尊経閣文庫_康永本	25	17	喉	コ	喉痺	コヒ			1		〔朱〕上	上上濁							084-11	
40-016-03	新猿楽記_尊経閣文庫_康永本	26	17	痺	ヒ	喉痺	コヒ			2		〔朱〕上濁	上上濁							084-11	
40-016-03	新猿楽記_尊経閣文庫_康永本	27	18	嫉	嫉	嫉妬	嫉妬			1		〔朱〕入	入平							085-03	
40-016-03	新猿楽記_尊経閣文庫_康永本	28	18	妬	妬	嫉妬	嫉妬			2		〔朱〕平	入平							085-03	
40-016-03	新猿楽記_尊経閣文庫_康永本	29	19	睚	睚	睚眦	睚眦			1		〔朱〕上濁	上濁平	〔墨〕カイ	カイサイ					085-04	
40-016-03	新猿楽記_尊経閣文庫_康永本	30	19	眦	眦	睚眦	睚眦			2		〔朱〕平	上濁平	〔墨〕サイ	カイサイ					085-04	
40-016-03	新猿楽記_尊経閣文庫_康永本	31	20	西	西	西施	西施			1		〔朱〕平	平上							085-08	
40-016-03	新猿楽記_尊経閣文庫_康永本	32	20	施	施	西施	西施			2		〔朱〕上	平上							085-08	
40-016-03	新猿楽記_尊経閣文庫_康永本	33	21	操	操	心操	心操			2		〔朱〕去濁	＊去濁							085-09	
40-016-03	新猿楽記_尊経閣文庫_康永本	34	22	剛	剛	剛柔	剛柔			1		〔朱〕平	平平濁							085-09	
40-016-03	新猿楽記_尊経閣文庫_康永本	35	22	柔	柔	剛柔	剛柔			2		〔朱〕平濁	平平濁							085-09	
40-016-03	新猿楽記_尊経閣文庫_康永本	36	23	進	進	進退	進退			1		〔朱〕去	去＊							085-09	
40-016-03	新猿楽記_尊経閣文庫_康永本	37	24	厨	厨	厨膳	厨膳			1		〔朱〕去濁	去濁平濁	〔墨〕ツ	ツセン					085-12	
40-016-03	新猿楽記_尊経閣文庫_康永本	38	24	膳	膳	厨膳	厨膳			2		〔朱〕平濁	去濁平濁	〔墨〕セン	ツセン					085-12	
40-016-03	新猿楽記_尊経閣文庫_康永本	39	25	妖	妖	妖艷	妖艶			1		〔朱〕上	上去							086-04	
40-016-03	新猿楽記_尊経閣文庫_康永本	40	25	艷	艶	妖艷	妖艶			2		〔朱〕去	上去							086-04	
40-016-03	新猿楽記_尊経閣文庫_康永本	41	26	窮	窮	窮屈	窮屈			1		〔朱〕平	平入							086-05	
40-016-03	新猿楽記_尊経閣文庫_康永本	42	26	屈	屈	窮屈	窮屈			2		〔朱〕入	平入							086-05	
40-016-03	新猿楽記_尊経閣文庫_康永本	43	27	喧	喧	喧囂	喧囂			1		〔朱〕平	平平	〔墨〕クヱン	クヱンケウ					086-05	
40-016-03	新猿楽記_尊経閣文庫_康永本	44	27	囂	囂	喧囂	喧囂			2		〔朱〕平	平平	〔墨〕ケウ	クヱンケウ					086-05	
40-016-03	新猿楽記_尊経閣文庫_康永本	45	28	衞	衛	衞官	衛官			1		〔朱〕去	去平							086-06	
40-016-03	新猿楽記_尊経閣文庫_康永本	46	28	官	官	衞官	衛官			2		〔朱〕平	去平							086-06	
40-016-03	新猿楽記_尊経閣文庫_康永本	47	29	長	長	長生	長生			1		〔朱〕平	平上							086-12	
40-016-03	新猿楽記_尊経閣文庫_康永本	48	29	生	生	長生	長生			2		〔朱〕上	平上							086-12	
40-016-03	新猿楽記_尊経閣文庫_康永本	49	30	博	博	博打	博打			1		〔朱〕入濁	入濁＊	〔墨〕ハク	ハクチ					086-14	
40-016-03	新猿楽記_尊経閣文庫_康永本	50	31	筒	筒	筒	筒			1		〔朱〕去濁	去濁	〔墨〕トウ	トウ					086-14	
40-016-03	新猿楽記_尊経閣文庫_康永本	51	32	語	語	語條	語条			1		〔朱〕平濁	平濁平濁	〔墨〕コ	コ＊					086-15	
40-016-03	新猿楽記_尊経閣文庫_康永本	52	32	條	条	語條	語条			2		〔朱〕平濁	平濁平濁		コ＊					086-15	
40-016-03	新猿楽記_尊経閣文庫_康永本	53	33	謀	謀	謀計	謀計			1		〔朱〕平濁	平濁去	〔墨〕ホウ	ホウケイ					086-15	
40-016-03	新猿楽記_尊経閣文庫_康永本	54	33	計	計	謀計	謀計			2		〔朱〕去	平濁去	〔墨〕ケイ	ホウケイ					086-15	
40-016-03	新猿楽記_尊経閣文庫_康永本	55	34	五	五	五四	五四			1		〔朱〕上濁	上濁平	〔墨〕ク	ク＊					086-15	
40-016-03	新猿楽記_尊経閣文庫_康永本	56	34	四	四	五四	五四			2		〔朱〕平	上濁平		ク＊					086-15	
40-016-03	新猿楽記_尊経閣文庫_康永本	57	35	平	平	平賽	平賽			1		〔朱〕／〔墨〕去濁	／去濁＊		＊サイ					087-02	
40-016-03	新猿楽記_尊経閣文庫_康永本	58	36	定	定	定筒	定筒			1		〔墨〕去濁	去濁上濁							087-02	
40-016-03	新猿楽記_尊経閣文庫_康永本	59	36	筒	筒	定筒	定筒			2		〔墨〕上濁	去濁上濁							087-02	
40-016-03	新猿楽記_尊経閣文庫_康永本	60	37	宴	宴	宴丸	宴丸			1		〔朱〕去	去去濁		＊マロ					087-03	人名
40-016-03	新猿楽記_尊経閣文庫_康永本	61	37	丸	丸	宴丸	宴丸			2		〔朱〕去濁	去去濁		＊マロ					087-03	人名
40-016-03	新猿楽記_尊経閣文庫_康永本	62	38	豐	豊	豐藤太	豊藤太			1		〔朱〕平濁	平濁平濁上濁							087-04	
40-016-03	新猿楽記_尊経閣文庫_康永本	63	38	藤	藤	豐藤太	豊藤太			2		〔朱〕平濁	平濁平濁上濁							087-04	
40-016-03	新猿楽記_尊経閣文庫_康永本	64	38	太	太	豐藤太	豊藤太			3		〔朱〕上濁	平濁平濁上濁							087-04	
40-016-03	新猿楽記_尊経閣文庫_康永本	65	39	拯	拯	竹藤拯	竹藤拯			3		〔墨〕上濁	＊＊上濁	〔墨〕セウ／シヨ	＊＊セウ／＊＊シヨ					087-04	セウ合点。声点ともB点
40-016-03	新猿楽記_尊経閣文庫_康永本	66	40	物	物	二物	二物			2		〔朱〕入	＊入							087-06	
40-016-03	新猿楽記_尊経閣文庫_康永本	67	41	手	手	三手	三手			2		〔朱〕平濁	＊平濁							087-06	
40-016-03	新猿楽記_尊経閣文庫_康永本	68	42	勢	勢	四勢	四勢			2		〔朱〕去？	＊去？							087-06	第一字虫損
40-016-03	新猿楽記_尊経閣文庫_康永本	69	43	力	力	五力	五力			2		〔朱〕入	＊入							087-06	
40-016-03	新猿楽記_尊経閣文庫_康永本	70	44	論	論	六論	六論			2		〔朱〕去？	＊去？							087-06	
40-016-03	新猿楽記_尊経閣文庫_康永本	71	45	盜	盗	七盜	七盗			2		〔朱〕去	＊去							087-06	
40-016-03	新猿楽記_尊経閣文庫_康永本	72	46	甲	甲	甲冑	甲冑			1		〔朱〕入	入平							087-11	
40-016-03	新猿楽記_尊経閣文庫_康永本	73	46	冑	冑	甲冑	甲冑			2		〔朱〕平	入平							087-11	
40-016-03	新猿楽記_尊経閣文庫_康永本	74	47	陣	陣	陣	陣			1		〔朱〕去濁	去濁							087-12	
40-016-03	新猿楽記_尊経閣文庫_康永本	75	48	屬	属	屬降	属降			1		〔朱〕入	入平濁	〔墨〕シヨク	シヨクカウ					087-14	
40-016-03	新猿楽記_尊経閣文庫_康永本	76	48	降	降	屬降	属降			2		〔朱〕平濁	入平濁	〔墨〕カウ	シヨクカウ					087-14	
40-016-03	新猿楽記_尊経閣文庫_康永本	77	49	會	會	會稽	會稽			1		〔墨〕東	東東？	〔墨〕クワイ	クワイケイ					087-14	
40-016-03	新猿楽記_尊経閣文庫_康永本	78	49	稽	稽	會稽	會稽			2		〔墨〕東？	東東？	〔墨〕ケイ	クワイケイ					087-14	
40-016-03	新猿楽記_尊経閣文庫_康永本	79	50	解	解	解烏	解烏			1		〔朱〕去	去＊	〔墨〕カイ	カイヲ					087-15	人名、声点か？
40-016-03	新猿楽記_尊経閣文庫_康永本	80	51	靫	靫	靫徳	靫徳			1		〔朱〕去	去＊	〔墨〕カイ	カイ＊					087-15	声点か？
40-016-03	新猿楽記_尊経閣文庫_康永本	81	52	勳	勲	勳藤次	勲藤次			1		〔朱〕平濁	平濁平濁上濁							088-01	
40-016-03	新猿楽記_尊経閣文庫_康永本	82	52	藤	藤	勳藤次	勲藤次			2		〔朱〕平濁	平濁平濁上濁							088-01	
40-016-03	新猿楽記_尊経閣文庫_康永本	83	52	次	次	勳藤次	勲藤次			3		〔朱〕上濁	平濁平濁上濁							088-01	
40-016-03	新猿楽記_尊経閣文庫_康永本	84	53	水	水	水干	水干			1		〔朱〕上	上平							088-04	
40-016-03	新猿楽記_尊経閣文庫_康永本	85	53	干	干	水干	水干			2		〔朱〕平	上平							088-04	
40-016-03	新猿楽記_尊経閣文庫_康永本	86	54	農	農	農人	農人			1		〔朱〕去	去上							088-06	
40-016-03	新猿楽記_尊経閣文庫_康永本	87	54	人	人	農人	農人			2		〔朱〕上	去上							088-06	
40-016-03	新猿楽記_尊経閣文庫_康永本	88	55			タネマキ	タネマキ			5		〔朱〕＊＊マキ[上]	＊＊マキ[上]							088-06	
40-016-03	新猿楽記_尊経閣文庫_康永本	89	56			ナワシロ	ナワシロ			5		〔朱〕ナ[上]ワ＊＊	ナ[上]ワ＊＊							088-06	
40-016-03	新猿楽記_尊経閣文庫_康永本	90	57	耕	耕	耕作	耕作			1		〔朱〕平	平入							088-06	
40-016-03	新猿楽記_尊経閣文庫_康永本	91	57	作	作	耕作	耕作			2		〔朱〕入	平入							088-06	
40-016-03	新猿楽記_尊経閣文庫_康永本	92	58	播	播	播植	播植			1		〔朱〕去	去＊							088-07	
40-016-03	新猿楽記_尊経閣文庫_康永本	93	59	早	早	早_	早_			1		〔朱〕平	平＊							088-08	異本注記左傍と脚注位置「025307」に朱平声・チヨウ
40-016-03	新猿楽記_尊経閣文庫_康永本	94	60	西	西	西收	西収			1		〔朱〕上	上平							088-12	朱点だが他より大きく別筆か？
40-016-03	新猿楽記_尊経閣文庫_康永本	95	60	收	収	西收	西収			2		〔朱〕平	上平							088-12	朱点だが他より大きく別筆か？
40-016-03	新猿楽記_尊経閣文庫_康永本	96	61	稼	稼	稼穡	稼穡			1		〔朱〕去	去入							088-13	
40-016-03	新猿楽記_尊経閣文庫_康永本	97	61	穡	穡	稼穡	稼穡			2		〔朱〕入	去入							088-13	
40-016-03	新猿楽記_尊経閣文庫_康永本	98	62	豐	豊	豐瞻	豊瞻			1		〔朱〕去	去平	〔墨〕ホウ	ホウセン					088-13	
40-016-03	新猿楽記_尊経閣文庫_康永本	99	62	瞻	瞻	豐瞻	豊瞻			2		〔朱〕平	去平	〔墨〕セン	ホウセン					088-13	
40-016-03	新猿楽記_尊経閣文庫_康永本	100	63	不	不	不熟	不熟			1		〔朱〕上	上入濁							088-14	
40-016-03	新猿楽記_尊経閣文庫_康永本	101	63	熟	熟	不熟	不熟			2		〔朱〕入濁	上入濁							088-14	
40-016-03	新猿楽記_尊経閣文庫_康永本	102	64	收	収	收納	収納			1		〔朱〕平	平平							088-14	
40-016-03	新猿楽記_尊経閣文庫_康永本	103	64	納	納	收納	収納			2		〔朱〕平	平平							088-14	
40-016-03	新猿楽記_尊経閣文庫_康永本	104	65	官	官	官使	官使			1		〔朱〕去	去上濁							088-14	
40-016-03	新猿楽記_尊経閣文庫_康永本	105	65	使	使	官使	官使			2		〔朱〕上濁	去上濁							088-14	
40-016-03	新猿楽記_尊経閣文庫_康永本	106	66	遞	遞	遞送	遞送			1		〔朱〕去	去平	〔墨〕タイ	タイソウ					088-14	
40-016-03	新猿楽記_尊経閣文庫_康永本	107	66	送	送	遞送	遞送			2		〔朱〕平	去平	〔墨〕ソウ	タイソウ					088-14	
40-016-03	新猿楽記_尊経閣文庫_康永本	108	67	調	調	調庸	調庸			1		〔朱〕／〔墨〕上濁	／上濁＊							089-01	墨筆に朱筆上書き
40-016-03	新猿楽記_尊経閣文庫_康永本	109	68	代	代	代稻	代稲			1		〔朱〕上濁	上濁平							089-01	
40-016-03	新猿楽記_尊経閣文庫_康永本	110	68	稻	稲	代稻	代稲			2		〔朱〕平	上濁平							089-01	
40-016-03	新猿楽記_尊経閣文庫_康永本	111	69	供	供	供給	供給			1		〔朱〕平	平入濁							089-01	
40-016-03	新猿楽記_尊経閣文庫_康永本	112	69	給	給	供給	供給			2		〔朱〕入濁	平入濁							089-01	
40-016-03	新猿楽記_尊経閣文庫_康永本	113	70	毛	毛	土毛	土毛			2		〔朱〕上	＊上							089-01	朱点だが他より大きく別筆か？
40-016-03	新猿楽記_尊経閣文庫_康永本	114	71	交	交	交易	交易			1		〔朱〕去	去＊	〔墨〕ケウ	ケウヤク					089-02	
40-016-03	新猿楽記_尊経閣文庫_康永本	115	72	班	班	班給	班給			1		〔朱〕去	去平	〔墨〕ハ[朱去濁]ン	ハ[朱去濁]ンキ[朱上濁]ウ					089-02	
40-016-03	新猿楽記_尊経閣文庫_康永本	116	72	給	給	班給	班給			2		〔朱〕平	去平	〔墨〕キ[朱上濁]ウ	ハ[朱去濁]ンキ[朱上濁]ウ					089-02	
40-016-03	新猿楽記_尊経閣文庫_康永本	117	73	把	把	束把	束把			2		〔朱〕上	＊上	〔墨〕ハ	ソクハ					089-03	ソ字淡墨でなぞる
40-016-03	新猿楽記_尊経閣文庫_康永本	118	74	合	合	合夕	合夕			1		〔朱〕入濁	入濁＊	〔墨〕カツ	カツシヤク					089-03	カツ虫損
40-016-03	新猿楽記_尊経閣文庫_康永本	119	75	輸	輸	輸税	輸税			1		〔朱〕平	平去	〔墨〕シユ	シユサイ					089-04	
40-016-03	新猿楽記_尊経閣文庫_康永本	120	75	税	税	輸税	輸税			2		〔朱〕去	平去	〔墨〕サイ	シユサイ					089-04	
40-016-03	新猿楽記_尊経閣文庫_康永本	121	76	贖	贖	贖課	贖課			1		〔朱〕入	入平	〔墨〕ソク	ソククワ					089-04	
40-016-03	新猿楽記_尊経閣文庫_康永本	122	76	課	課	贖課	贖課			2		〔朱〕平	入平	〔墨〕クワ	ソククワ					089-04	
40-016-03	新猿楽記_尊経閣文庫_康永本	123	77	民	民	民烟	民烟			1		〔朱〕平	平＊	〔墨〕ミン	ミンヱン					089-04	
40-016-03	新猿楽記_尊経閣文庫_康永本	124	78	飄	飄	飄_	飄_			1		〔朱〕平	平平							089-07	
40-016-03	新猿楽記_尊経閣文庫_康永本	125	78	_	_	飄_	飄_			2		〔朱〕平	平平							089-07	
40-016-03	新猿楽記_尊経閣文庫_康永本	126	79	頻	頻	頻鳥	頻鳥			1		〔朱〕去濁	去濁＊							089-08	
40-016-03	新猿楽記_尊経閣文庫_康永本	127	80	地	地	地祇	地祇			1		〔朱〕平濁	平濁平濁							089-08	
40-016-03	新猿楽記_尊経閣文庫_康永本	128	80	祇	祇	地祇	地祇			2		〔朱〕平濁	平濁平濁							089-08	
40-016-03	新猿楽記_尊経閣文庫_康永本	129	81	野	野	野干	野干			1		〔朱〕平	平去		＊カン					089-09	
40-016-03	新猿楽記_尊経閣文庫_康永本	130	81	干	干	野干	野干			2		〔朱〕去	平去	〔墨〕カン	＊カン					089-09	
40-016-03	新猿楽記_尊経閣文庫_康永本	131	82	史	史	史生	史生			1		〔朱〕去	去上							089-11	
40-016-03	新猿楽記_尊経閣文庫_康永本	132	82	生	生	史生	史生			2		〔朱〕上	去上							089-11	
40-016-03	新猿楽記_尊経閣文庫_康永本	133	83	已	已	已南	已南			1		〔朱〕平	平上							089-12	
40-016-03	新猿楽記_尊経閣文庫_康永本	134	83	南	南	已南	已南			2		〔朱〕上	平上							089-12	
40-016-03	新猿楽記_尊経閣文庫_康永本	135	84	寒	寒	寒氷	寒氷			1		〔朱〕平	平上		＊ヘウ					089-14	
40-016-03	新猿楽記_尊経閣文庫_康永本	136	84	氷	氷	寒氷	寒氷			2		〔朱〕上	平上	〔墨〕ヘウ	＊ヘウ					089-14	
40-016-03	新猿楽記_尊経閣文庫_康永本	137	85	莫	莫	莫耶	莫耶			1		〔朱〕入濁	入濁平							090-05	
40-016-03	新猿楽記_尊経閣文庫_康永本	138	85	耶	耶	莫耶	莫耶			2		〔朱〕平	入濁平							090-05	
40-016-03	新猿楽記_尊経閣文庫_康永本	139	86	呉	呉	呉山	呉山			1		〔朱〕平濁	平濁上	〔墨〕コ	コ＊					090-05	
40-016-03	新猿楽記_尊経閣文庫_康永本	140	86	山	山	呉山	呉山			2		〔朱〕上	平濁上		コ＊					090-05	
40-016-03	新猿楽記_尊経閣文庫_康永本	141	87	律	律	律	律			1		〔朱〕入	入							090-09	
40-016-03	新猿楽記_尊経閣文庫_康永本	142	88	令	令	令	令			1		〔朱〕平	平							090-09	
40-016-03	新猿楽記_尊経閣文庫_康永本	143	89	格	格	格	格			1		〔朱〕入	入							090-09	
40-016-03	新猿楽記_尊経閣文庫_康永本	144	90	式	式	式	式			1		〔朱〕入	入							090-09	
40-016-03	新猿楽記_尊経閣文庫_康永本	145	91	詩	詩	詩賦	詩賦			1		〔朱〕平	平平							090-10	
40-016-03	新猿楽記_尊経閣文庫_康永本	146	91	賦	賦	詩賦	詩賦			2		〔朱〕平	平平							090-10	
40-016-03	新猿楽記_尊経閣文庫_康永本	147	92	序	序	序	序			1		〔朱〕平濁	平濁							090-10	
40-016-03	新猿楽記_尊経閣文庫_康永本	148	93	表	表	表	表			1		〔朱〕上	上							090-10	
40-016-03	新猿楽記_尊経閣文庫_康永本	149	94	詔	詔	詔	詔			1		〔朱〕平濁	平濁							090-10	
40-016-03	新猿楽記_尊経閣文庫_康永本	150	95	宣	宣	宣旨	宣旨			1		〔朱〕平	平平濁							090-10	
40-016-03	新猿楽記_尊経閣文庫_康永本	151	95	旨	旨	宣旨	宣旨			2		〔朱〕平濁	平平濁							090-10	
40-016-03	新猿楽記_尊経閣文庫_康永本	152	96	宣	宣	宣命	宣命			1		〔朱〕平	平平							090-10	
40-016-03	新猿楽記_尊経閣文庫_康永本	153	96	命	命	宣命	宣命			2		〔朱〕平	平平							090-10	
40-016-03	新猿楽記_尊経閣文庫_康永本	154	97	位	位	位記	位記			1		〔朱〕平	平平							090-10	
40-016-03	新猿楽記_尊経閣文庫_康永本	155	97	記	記	位記	位記			2		〔朱〕平	平平							090-10	
40-016-03	新猿楽記_尊経閣文庫_康永本	156	98	奏	奏	奏状	奏状			1		〔朱〕平	平上濁							090-11	
40-016-03	新猿楽記_尊経閣文庫_康永本	157	98	状	状	奏状	奏状			2		〔朱〕上濁	平上濁							090-11	
40-016-03	新猿楽記_尊経閣文庫_康永本	158	99	陳	陳	陳状	陳状			1		〔朱〕平	平上濁							090-11	
40-016-03	新猿楽記_尊経閣文庫_康永本	159	99	状	状	陳状	陳状			2		〔朱〕上濁	平上濁							090-11	
40-016-03	新猿楽記_尊経閣文庫_康永本	160	100	勘	勘	勘状	勘状			1		〔朱〕平	平上濁							090-11	
40-016-03	新猿楽記_尊経閣文庫_康永本	161	100	状	状	勘状	勘状			2		〔朱〕上濁	平上濁							090-11	
40-016-03	新猿楽記_尊経閣文庫_康永本	162	101	勘	勘	勘文	勘文			1		〔朱〕平	平去							090-11	
40-016-03	新猿楽記_尊経閣文庫_康永本	163	101	文	文	勘文	勘文			2		〔朱〕去	平去							090-11	
40-016-03	新猿楽記_尊経閣文庫_康永本	164	102	移	移	移牒	移牒			1		〔朱〕平	平平	淡〔墨〕イ	淡イ＊					090-11	入声だが
40-016-03	新猿楽記_尊経閣文庫_康永本	165	102	牒	牒	移牒	移牒			2		〔朱〕平	平平		淡イ＊					090-11	入声だが
40-016-03	新猿楽記_尊経閣文庫_康永本	166	103	願	願	願文	願文			1		〔朱〕去濁	去濁平							090-11	
40-016-03	新猿楽記_尊経閣文庫_康永本	167	103	文	文	願文	願文			2		〔朱〕平	去濁平							090-11	
40-016-03	新猿楽記_尊経閣文庫_康永本	168	104	咒	咒	咒願	咒願			1		〔朱〕平	平平濁							090-11	
40-016-03	新猿楽記_尊経閣文庫_康永本	169	104	願	願	咒願	咒願			2		〔朱〕平濁	平平濁							090-11	
40-016-03	新猿楽記_尊経閣文庫_康永本	170	105	符	符	符牒	符牒			1		〔朱〕上	上平	淡〔墨〕フ	淡フテウ					090-12	
40-016-03	新猿楽記_尊経閣文庫_康永本	171	105	牒	牒	符牒	符牒			2		〔朱〕平	上平	淡〔墨〕テウ	淡フテウ					090-12	
40-016-03	新猿楽記_尊経閣文庫_康永本	172	106	告	告	告書	告書			1		〔朱〕平濁	平濁上							090-12	告字異本「告」に声点
40-016-03	新猿楽記_尊経閣文庫_康永本	173	106	書	書	告書	告書			2		〔朱〕上	平濁上							090-12	告字異本「告」に声点
40-016-03	新猿楽記_尊経閣文庫_康永本	174	107	教	教	教書	教書			1		〔朱〕去	去上							090-12	
40-016-03	新猿楽記_尊経閣文庫_康永本	175	107	書	書	教書	教書			2		〔朱〕上	去上							090-12	
40-016-03	新猿楽記_尊経閣文庫_康永本	176	108	日	日	日記	日記			1		〔朱〕入	入平							090-12	
40-016-03	新猿楽記_尊経閣文庫_康永本	177	108	記	記	日記	日記			2		〔朱〕平	入平							090-12	
40-016-03	新猿楽記_尊経閣文庫_康永本	178	109	消	消	消息	消息			1		〔朱〕去	去入							090-12	
40-016-03	新猿楽記_尊経閣文庫_康永本	179	109	息	息	消息	消息			2		〔朱〕入	去入							090-12	
40-016-03	新猿楽記_尊経閣文庫_康永本	180	110	往	往	往來	往来			1		〔朱〕平	平＊							090-12	来字虫損
40-016-03	新猿楽記_尊経閣文庫_康永本	181	111	憲	憲	憲法	憲法			1		〔朱〕去	去平							090-13	
40-016-03	新猿楽記_尊経閣文庫_康永本	182	111	法	法	憲法	憲法			2		〔朱〕平	去平							090-13	
40-016-03	新猿楽記_尊経閣文庫_康永本	183	112	韻	韻	韻題	韻題			1		〔朱〕去	去去濁	〔墨〕イン	イン＊					090-14	
40-016-03	新猿楽記_尊経閣文庫_康永本	184	112	題	題	韻題	韻題			2		〔朱〕去濁	去去濁		イン＊					090-14	
40-016-03	新猿楽記_尊経閣文庫_康永本	185	113	以	以	以言	以言			1		〔朱〕上	上平濁							090-14	人名
40-016-03	新猿楽記_尊経閣文庫_康永本	186	113	言	言	以言	以言			2		〔朱〕平濁	上平濁							090-14	人名
40-016-03	新猿楽記_尊経閣文庫_康永本	187	114	匡	匡	匡衡	匡衡			1		〔朱〕上	上平濁							090-15	人名
40-016-03	新猿楽記_尊経閣文庫_康永本	188	114	衡	衡	匡衡	匡衡			2		〔朱〕平濁	上平濁							090-15	人名
40-016-03	新猿楽記_尊経閣文庫_康永本	189	115	文	文	文時	文時			1		〔朱〕平濁	平濁平濁							090-15	人名
40-016-03	新猿楽記_尊経閣文庫_康永本	190	115	時	時	文時	文時			2		〔朱〕平濁	平濁平濁							090-15	人名
40-016-03	新猿楽記_尊経閣文庫_康永本	191	116	直	直	直幹	直幹			1		〔朱〕入	入上							090-15	人名
40-016-03	新猿楽記_尊経閣文庫_康永本	192	116	幹	幹	直幹	直幹			2		〔朱〕上	入上							090-15	人名
40-016-03	新猿楽記_尊経閣文庫_康永本	193	117	剩	剰	剩除	剰除			1		〔朱〕上濁	上濁上濁	〔墨〕シヨウ	シヨウチ					090-15	
40-016-03	新猿楽記_尊経閣文庫_康永本	194	117	除	除	剩除	剰除			2		〔朱〕上濁	上濁上濁	〔墨〕チ	シヨウチ					090-15	
40-016-03	新猿楽記_尊経閣文庫_康永本	195	118	開	開	開方除	開方除			1		〔朱〕去	去上上濁		チのみ淡＊ホウチ					091-01	
40-016-03	新猿楽記_尊経閣文庫_康永本	196	118	方	方	開方除	開方除			2		〔朱〕上	去上上濁	〔墨〕ホウ	チのみ淡＊ホウチ					091-01	
40-016-03	新猿楽記_尊経閣文庫_康永本	197	118	除	除	開方除	開方除			3		〔朱〕上濁	去上上濁	淡〔墨〕チ	チのみ淡＊ホウチ					091-01	
40-016-03	新猿楽記_尊経閣文庫_康永本	198	119	開	開	開立	開立			1		〔朱〕去	去＊							091-01	
40-016-03	新猿楽記_尊経閣文庫_康永本	199	120	方	方	方除	方除			1		〔朱〕去	去上		淡＊チ					091-01	
40-016-03	新猿楽記_尊経閣文庫_康永本	200	120	除	除	方除	方除			2		〔朱〕上	去上	淡〔墨〕チ	淡＊チ					091-01	
40-016-03	新猿楽記_尊経閣文庫_康永本	201	121	町	町	町段	町段			1		〔朱〕去	去上							091-02	
40-016-03	新猿楽記_尊経閣文庫_康永本	202	121	段	段	町段	町段			2		〔朱〕上	去上							091-02	
40-016-03	新猿楽記_尊経閣文庫_康永本	203	122	歩	歩	歩數	歩数			1		〔朱〕平濁	平濁平							091-02	
40-016-03	新猿楽記_尊経閣文庫_康永本	204	122	數	数	歩數	歩数			2		〔朱〕平	平濁平							091-02	
40-016-03	新猿楽記_尊経閣文庫_康永本	205	123	算	算	算經	算経			1		〔朱〕東	東上濁							091-02	
40-016-03	新猿楽記_尊経閣文庫_康永本	206	123	經	経	算經	算経			2		〔朱〕上濁	東上濁							091-02	
40-016-03	新猿楽記_尊経閣文庫_康永本	207	124	近	近	近代	近代			1		〔朱〕去	去平濁							091-03	
40-016-03	新猿楽記_尊経閣文庫_康永本	208	124	代	代	近代	近代			2		〔朱〕平濁	去平濁							091-03	
40-016-03	新猿楽記_尊経閣文庫_康永本	209	125	給	給	給料	給料			1		〔朱〕平	平平							091-03	
40-016-03	新猿楽記_尊経閣文庫_康永本	210	125	料	料	給料	給料			2		〔朱〕平	平平							091-03	
40-016-03	新猿楽記_尊経閣文庫_康永本	211	126	業	業	得業	得業			2		〔朱〕入濁	＊入濁	〔墨〕コウ	＊コウ					091-03	
40-016-03	新猿楽記_尊経閣文庫_康永本	212	127	進	進	進士	進士			1		〔朱〕平	平平濁							091-03	
40-016-03	新猿楽記_尊経閣文庫_康永本	213	127	士	士	進士	進士			2		〔朱〕平濁	平平濁							091-03	
40-016-03	新猿楽記_尊経閣文庫_康永本	214	128	秀	秀	秀才	秀才			1		〔朱〕上	上平							091-03	
40-016-03	新猿楽記_尊経閣文庫_康永本	215	128	才	才	秀才	秀才			2		〔朱〕平	上平							091-03	
40-016-03	新猿楽記_尊経閣文庫_康永本	216	129	成	成	成業	成業			1		〔朱〕去濁	去濁入濁							091-03	
40-016-03	新猿楽記_尊経閣文庫_康永本	217	129	業	業	成業	成業			2		〔朱〕入濁	去濁入濁							091-03	
40-016-03	新猿楽記_尊経閣文庫_康永本	218	130	大	大	大業	大業			1		〔朱〕去	去平濁		淡＊ケウ					091-03	
40-016-03	新猿楽記_尊経閣文庫_康永本	219	130	業	業	大業	大業			2		〔朱〕平濁	去平濁	淡〔墨〕ケウ	淡＊ケウ					091-03	
40-016-03	新猿楽記_尊経閣文庫_康永本	220	131	長	長	長大	長大			1		〔朱〕平	平平濁							091-07	
40-016-03	新猿楽記_尊経閣文庫_康永本	221	131	大	大	長大	長大			2		〔朱〕平濁	平平濁							091-07	
40-016-03	新猿楽記_尊経閣文庫_康永本	222	132	形	形	形貌	形貌			1		〔朱〕去濁	去濁平		＊メウ					091-07	
40-016-03	新猿楽記_尊経閣文庫_康永本	223	132	貌	貌	形貌	形貌			2		〔朱〕平	去濁平	〔墨〕メウ	＊メウ					091-07	
40-016-03	新猿楽記_尊経閣文庫_康永本	224	133	雄	雄	雄爾	雄爾			1		〔朱〕平	平平濁							091-07	
40-016-03	新猿楽記_尊経閣文庫_康永本	225	133	爾	爾	雄爾	雄爾			2		〔朱〕平濁	平平濁							091-07	
40-016-03	新猿楽記_尊経閣文庫_康永本	226	134	強	強	強力	強力			1		〔朱〕平濁	平濁入							091-07	
40-016-03	新猿楽記_尊経閣文庫_康永本	227	134	力	力	強力	強力			2		〔朱〕入	平濁入							091-07	
40-016-03	新猿楽記_尊経閣文庫_康永本	228	135	勇	勇	勇捍	勇捍			1		〔朱〕平	平去	〔墨〕ユウ	ユウカン					091-07	
40-016-03	新猿楽記_尊経閣文庫_康永本	229	135	捍	捍	勇捍	勇捍			2		〔朱〕去	平去	〔墨〕カン	ユウカン					091-07	
40-016-03	新猿楽記_尊経閣文庫_康永本	230	136	貢	貢	貢御	貢御			1		〔朱〕平濁	平濁平濁	淡〔墨〕ク	淡クコ					091-14	
40-016-03	新猿楽記_尊経閣文庫_康永本	231	136	御	御	貢御	貢御			2		〔朱〕平濁	平濁平濁	淡〔墨〕コ	淡クコ					091-14	
40-016-03	新猿楽記_尊経閣文庫_康永本	232	137	白	白	白丁	白丁			1		〔朱〕入	入平濁		＊チヤウ					091-14	
40-016-03	新猿楽記_尊経閣文庫_康永本	233	137	丁	丁	白丁	白丁			2		〔朱〕平濁	入平濁	〔墨〕チヤウ	＊チヤウ					091-14	
40-016-03	新猿楽記_尊経閣文庫_康永本	234	138	食	食	食歎	食歎			1		〔朱〕入	入平		＊タン					092-04	
40-016-03	新猿楽記_尊経閣文庫_康永本	235	138	歎	歎	食歎	食歎			2		〔朱〕平	入平	〔墨〕タン	＊タン					092-04	
40-016-03	新猿楽記_尊経閣文庫_康永本	236	139	愛	愛	愛酒	愛酒			1		〔朱〕去	去上							092-05	
40-016-03	新猿楽記_尊経閣文庫_康永本	237	139	酒	酒	愛酒	愛酒			2		〔朱〕上	去上							092-05	
40-016-03	新猿楽記_尊経閣文庫_康永本	238	140	形	形	形貌	形貌			1		〔朱〕去濁	去濁平							092-10	
40-016-03	新猿楽記_尊経閣文庫_康永本	239	140	貌	貌	形貌	形貌			2		〔朱〕平	去濁平							092-10	
40-016-03	新猿楽記_尊経閣文庫_康永本	240	141	端	端	端正	端正			1		〔朱〕去	去平濁	〔墨〕タン	タン＊					092-10	
40-016-03	新猿楽記_尊経閣文庫_康永本	241	141	正	正	端正	端正			2		〔朱〕平濁	去平濁		タン＊					092-10	
40-016-03	新猿楽記_尊経閣文庫_康永本	242	142	造	造	造殿	造殿			1		〔朱〕去濁	去濁平							093-04	
40-016-03	新猿楽記_尊経閣文庫_康永本	243	142	殿	殿	造殿	造殿			2		〔朱〕平	去濁平							093-04	
40-016-03	新猿楽記_尊経閣文庫_康永本	244	143	樣	様	樣躰	様躰			1		〔朱〕平	平平濁		＊タイ					093-11	
40-016-03	新猿楽記_尊経閣文庫_康永本	245	143	躰	躰	樣躰	様躰			2		〔朱〕平濁	平平濁	〔墨〕タイ	＊タイ					093-11	
40-016-03	新猿楽記_尊経閣文庫_康永本	246	144	飛	飛	飛檐	飛檐			1		〔朱〕平	平平		＊ヱン					093-11	
40-016-03	新猿楽記_尊経閣文庫_康永本	247	144	檐	檐	飛檐	飛檐			2		〔朱〕平	平平	〔墨〕ヱン	＊ヱン					093-11	
40-016-03	新猿楽記_尊経閣文庫_康永本	248	145	身	身	身躰	身躰			1		〔朱〕去	去平濁							094-01	
40-016-03	新猿楽記_尊経閣文庫_康永本	249	145	躰	躰	身躰	身躰			2		〔朱〕平濁	去平濁							094-01	
40-016-03	新猿楽記_尊経閣文庫_康永本	250	146	擣	擣	擣__	擣__			1		〔朱〕平	平上	〔墨〕タウ	タウシ					094-05	
40-016-03	新猿楽記_尊経閣文庫_康永本	251	146	__	__	擣__	擣__			2		〔朱〕上	平上	〔墨〕シ	タウシ					094-05	
40-016-03	新猿楽記_尊経閣文庫_康永本	252	147	_	_	_鵲	_鵲			1		〔朱〕去	去入濁							094-07	
40-016-03	新猿楽記_尊経閣文庫_康永本	253	147	鵲	鵲	_鵲	_鵲			2		〔朱〕入濁	去入濁							094-07	
40-016-03	新猿楽記_尊経閣文庫_康永本	254	148	課	課	四課	四課			2		〔墨〕平	＊平							094-10	
40-016-03	新猿楽記_尊経閣文庫_康永本	255	149	傳	傳	三傳	三傳			2		〔墨〕平濁	＊平濁							094-11	
40-016-03	新猿楽記_尊経閣文庫_康永本	256	150	覆	覆	覆物	覆物			1		〔朱〕入	入＊	〔墨〕フク	フク＊					094-11	
40-016-03	新猿楽記_尊経閣文庫_康永本	257	151	反	反	反閉	反閉			1		〔朱〕平	平平	〔墨〕ヘン	ヘンヘイ／ヘンハイ					094-14	ハイに朱合点
40-016-03	新猿楽記_尊経閣文庫_康永本	258	151	閉	閉	反閉	反閉			2		〔朱〕平	平平	〔墨〕ヘイ／ハイ	ヘンヘイ／ヘンハイ					094-14	ハイに朱合点
40-016-03	新猿楽記_尊経閣文庫_康永本	259	152	解	解	解除	解除			1		〔朱〕平濁	平濁上濁	〔墨〕ケ　	ケ＊　					094-14	
40-016-03	新猿楽記_尊経閣文庫_康永本	260	152	除	除	解除	解除			2		〔朱〕上濁	平濁上濁	　	ケ＊　					094-14	
40-016-03	新猿楽記_尊経閣文庫_康永本	261	153	七	七	七佐	七佐			1		〔朱〕入	入上							095-01	
40-016-03	新猿楽記_尊経閣文庫_康永本	262	153	佐	佐	七佐	七佐			2		〔朱〕上	入上							095-01	
40-016-03	新猿楽記_尊経閣文庫_康永本	263	154	注	注	注暦	注暦			1		〔朱〕平	平＊		＊リヤク					095-01	
40-016-03	新猿楽記_尊経閣文庫_康永本	264	155	天	天	天文圖	天文圖			1		〔朱〕去	去上上		＊＊ノツ					095-01	
40-016-03	新猿楽記_尊経閣文庫_康永本	265	155	文	文	天文圖	天文圖			2		〔朱〕上	去上上		＊＊ノツ					095-01	
40-016-03	新猿楽記_尊経閣文庫_康永本	266	155	圖	圖	天文圖	天文圖			3		〔朱〕上濁	去上上濁	〔墨〕ツ	＊＊ノツ					095-01	
40-016-03	新猿楽記_尊経閣文庫_康永本	267	156	宿	宿	宿耀	宿耀			1		〔朱〕入	入去							095-02	朱平声点あり？
40-016-03	新猿楽記_尊経閣文庫_康永本	268	156	耀	耀	宿耀	宿耀			2		〔朱〕去	入去							095-02	朱平声点あり？
40-016-03	新猿楽記_尊経閣文庫_康永本	269	157	地	地	地判經	地判経			1		〔朱〕平濁	平濁平上濁							095-02	
40-016-03	新猿楽記_尊経閣文庫_康永本	270	157	判	判	地判經	地判経			2		〔朱〕平	平濁平上濁							095-02	
40-016-03	新猿楽記_尊経閣文庫_康永本	271	157	經	経	地判經	地判経			3		〔朱〕上濁	平濁平上濁							095-02	
40-016-03	新猿楽記_尊経閣文庫_康永本	272	158	人	人	人躰	人躰			1		〔朱〕去	去平濁							095-03	
40-016-03	新猿楽記_尊経閣文庫_康永本	273	158	躰	躰	人躰	人躰			2		〔朱〕平濁	去平濁							095-03	
40-016-03	新猿楽記_尊経閣文庫_康永本	274	159	方	方	方磬	方磬			1		〔朱〕去	去平濁	〔墨〕ホウ	ホウ＊					095-07	
40-016-03	新猿楽記_尊経閣文庫_康永本	275	159	磬	磬	方磬	方磬			2		〔朱〕平濁	去平濁		ホウ＊					095-07	
40-016-03	新猿楽記_尊経閣文庫_康永本	276	160	將	将	將基	将基			1		〔朱〕去	去上濁							095-08	
40-016-03	新猿楽記_尊経閣文庫_康永本	277	160	基	基	將基	将基			2		〔朱〕上濁	去上濁							095-08	
40-016-03	新猿楽記_尊経閣文庫_康永本	278	161	彈	弾	彈基	弾基			1		〔朱〕平	平平濁							095-08	
40-016-03	新猿楽記_尊経閣文庫_康永本	279	161	基	基	彈基	弾基			2		〔朱〕平濁	平平濁							095-08	
40-016-03	新猿楽記_尊経閣文庫_康永本	280	162	長	長	長歌	長歌			1		〔朱〕平	平上							095-10	
40-016-03	新猿楽記_尊経閣文庫_康永本	281	162	歌	歌	長歌	長歌			2		〔朱〕上	平上							095-10	
40-016-03	新猿楽記_尊経閣文庫_康永本	282	163	短	短	短歌	短歌			1		〔朱〕平	平上							095-10	
40-016-03	新猿楽記_尊経閣文庫_康永本	283	163	歌	歌	短歌	短歌			2		〔朱〕上	平上							095-10	
40-016-03	新猿楽記_尊経閣文庫_康永本	284	164	旋	旋	旋頭	旋頭			1		〔朱〕平	平平濁							095-10	
40-016-03	新猿楽記_尊経閣文庫_康永本	285	164	頭	頭	旋頭	旋頭			2		〔朱〕平濁	平平濁							095-10	
40-016-03	新猿楽記_尊経閣文庫_康永本	286	165	混	混	混本	混本			1		〔朱〕去	去平濁							095-10	
40-016-03	新猿楽記_尊経閣文庫_康永本	287	165	本	本	混本	混本			2		〔朱〕平濁	去平濁							095-10	
40-016-03	新猿楽記_尊経閣文庫_康永本	288	166	畫	画	畫女	画女			1		〔朱〕平濁	平濁上濁							096-02	
40-016-03	新猿楽記_尊経閣文庫_康永本	289	166	女	女	畫女	画女			2		〔朱〕上濁	平濁上濁							096-02	
40-016-03	新猿楽記_尊経閣文庫_康永本	290	167	末	末	末孫	末孫			1		〔朱〕入濁	入濁平							096-06	
40-016-03	新猿楽記_尊経閣文庫_康永本	291	167	孫	孫	末孫	末孫			2		〔朱〕平	入濁平							096-06	
40-016-03	新猿楽記_尊経閣文庫_康永本	292	168	寵	寵	寵愛	寵愛			1		〔朱〕去	去平							096-09	
40-016-03	新猿楽記_尊経閣文庫_康永本	293	168	愛	愛	寵愛	寵愛			2		〔朱〕平	去平							096-09	
40-016-03	新猿楽記_尊経閣文庫_康永本	294	169	饗	饗	饗應	饗応			1		〔朱〕上	上＊							096-10	
40-016-03	新猿楽記_尊経閣文庫_康永本	295	170	艷	艶	艷書	艶書			1		〔朱〕去	去上濁							096-15	
40-016-03	新猿楽記_尊経閣文庫_康永本	296	170	書	書	艷書	艶書			2		〔朱〕上濁	去上濁							096-15	
40-016-03	新猿楽記_尊経閣文庫_康永本	297	171	形	形	形貌	形貌			1		〔朱〕去濁	去濁上							097-01	
40-016-03	新猿楽記_尊経閣文庫_康永本	298	171	貌	貌	形貌	形貌			2		〔朱〕上	去濁上							097-01	
40-016-03	新猿楽記_尊経閣文庫_康永本	299	172	翡	翡	翡翠	翡翠			1		〔朱〕平	平去	〔墨〕ヒ	ヒスイ					097-01	
40-016-03	新猿楽記_尊経閣文庫_康永本	300	172	翠	翠	翡翠	翡翠			2		〔朱〕去	平去	〔墨〕スイ	ヒスイ					097-01	
40-016-03	新猿楽記_尊経閣文庫_康永本	301	173	嬋	嬋	嬋娟	嬋娟			1		〔朱〕平	平＊							097-02	
40-016-03	新猿楽記_尊経閣文庫_康永本	302	174	蘭	蘭	蘭麝	蘭麝			1		〔朱〕平	平上濁							097-06	
40-016-03	新猿楽記_尊経閣文庫_康永本	303	174	麝	麝	蘭麝	蘭麝			2		〔朱〕上濁	平上濁							097-06	
40-016-03	新猿楽記_尊経閣文庫_康永本	304	175	艷	艶	艷	艶			1		〔朱〕去	去							097-07	
40-016-03	新猿楽記_尊経閣文庫_康永本	305	176	長	長	頤長	頤長			2		〔朱〕平	＊平							097-12	
40-016-03	新猿楽記_尊経閣文庫_康永本	306	177	_	_	淫_	淫_			2		〔朱〕入	＊入							098-02	
40-016-03	新猿楽記_尊経閣文庫_康永本	307	178	心	心	心操	心操			1		〔朱〕平	平去濁							098-03	
40-016-03	新猿楽記_尊経閣文庫_康永本	308	178	操	操	心操	心操			2		〔朱〕去濁	平去濁							098-03	
40-016-03	新猿楽記_尊経閣文庫_康永本	309	179	_	_	_	_			1		〔朱〕平濁	平濁	〔墨〕シン	シン					098-03	
40-016-03	新猿楽記_尊経閣文庫_康永本	310	180	家	家	家治	家治			1		〔朱〕平	平平濁	〔墨〕ケ　	ケ＊　					098-04	
40-016-03	新猿楽記_尊経閣文庫_康永本	311	180	治	治	家治	家治			2		〔朱〕平濁	平平濁	　	ケ＊　					098-04	
40-016-03	新猿楽記_尊経閣文庫_康永本	312	181	營	営	營世	営世			1		〔朱〕平	平去	〔墨〕ヱイ	ヱイセイ					098-04	
40-016-03	新猿楽記_尊経閣文庫_康永本	313	181	世	世	營世	営世			2		〔朱〕去	平去	〔墨〕セイ	ヱイセイ					098-04	
40-016-03	新猿楽記_尊経閣文庫_康永本	314	182	弊	弊	弊衣	弊衣			1		〔朱〕平	平上							098-08	
40-016-03	新猿楽記_尊経閣文庫_康永本	315	182	衣	衣	弊衣	弊衣			2		〔朱〕上	平上							098-08	
40-016-03	新猿楽記_尊経閣文庫_康永本	316	183	調	調	不調	不調			2		〔朱〕上濁	＊上濁							098-10	
40-016-03	新猿楽記_尊経閣文庫_康永本	317	184	白	白	白物	白物			1		〔墨〕入	入入濁							098-10	
40-016-03	新猿楽記_尊経閣文庫_康永本	318	184	物	物	白物	白物			2		〔墨〕入濁	入入濁							098-10	
40-016-03	新猿楽記_尊経閣文庫_康永本	319	185	短	短	短弱	短弱			1		〔朱〕平	平入濁							098-11	
40-016-03	新猿楽記_尊経閣文庫_康永本	320	185	弱	弱	短弱	短弱			2		〔朱〕入濁	平入濁							098-11	
40-016-03	新猿楽記_尊経閣文庫_康永本	321	186	顔	顔	豐顔	豊顔			2		〔朱〕平濁	＊平濁							098-11	
40-016-03	新猿楽記_尊経閣文庫_康永本	322	187	博	博	博奕	博奕			1		〔朱〕入濁	入濁入							098-13	
40-016-03	新猿楽記_尊経閣文庫_康永本	323	187	奕	奕	博奕	博奕			2		〔朱〕入	入濁入							098-13	
40-016-03	新猿楽記_尊経閣文庫_康永本	324	188	竊	窃	竊盜	窃盗			1		〔朱〕入	入去							098-14	掲出字__盗
40-016-03	新猿楽記_尊経閣文庫_康永本	325	188	盜	盗	竊盜	窃盗			2		〔朱〕去	入去							098-14	掲出字__盗
40-016-03	新猿楽記_尊経閣文庫_康永本	326	189	道	道	道鏡院	道鏡院			1		〔朱〕去濁	去濁平平							099-06	
40-016-03	新猿楽記_尊経閣文庫_康永本	327	189	鏡	鏡	道鏡院	道鏡院			2		〔朱〕平	去濁平平							099-06	
40-016-03	新猿楽記_尊経閣文庫_康永本	328	189	院	院	道鏡院	道鏡院			3		〔朱〕平	去濁平平							099-06	
40-016-03	新猿楽記_尊経閣文庫_康永本	329	190	賞	賞	賞	賞			1		〔朱〕上	上							099-07	
40-016-03	新猿楽記_尊経閣文庫_康永本	330	191	白	白	白太主	白太主			1		〔朱〕入	入上＊	〔墨〕ハク	ハク＊ヌシ					099-07	
40-016-03	新猿楽記_尊経閣文庫_康永本	331	191	太	太	白太主	白太主			2		〔朱〕上	入上＊		ハク＊ヌシ					099-07	
40-016-03	新猿楽記_尊経閣文庫_康永本	332	192	參	参	參詣	参詣			1		〔朱〕平	平去濁							099-09	
40-016-03	新猿楽記_尊経閣文庫_康永本	333	192	詣	詣	參詣	参詣			2		〔朱〕去濁	平去濁							099-09	
40-016-03	新猿楽記_尊経閣文庫_康永本	334	193	好	好	好色	好色			1		〔朱〕平	平入							099-15	
40-016-03	新猿楽記_尊経閣文庫_康永本	335	193	色	色	好色	好色			2		〔朱〕入	平入							099-15	
40-016-03	新猿楽記_尊経閣文庫_康永本	336	194	河	河	河上	河上			1		〔朱〕平	平去							100-01	
40-016-03	新猿楽記_尊経閣文庫_康永本	337	194	上	上	河上	河上			2		〔朱〕去	平去							100-01	
40-016-03	新猿楽記_尊経閣文庫_康永本	338	195	遊	遊	遊蕩	遊蕩			1		〔朱〕平	平去		＊タウ					100-01	
40-016-03	新猿楽記_尊経閣文庫_康永本	339	195	蕩	蕩	遊蕩	遊蕩			2		〔朱〕去	平去	〔墨〕タウ	＊タウ					100-01	
40-016-03	新猿楽記_尊経閣文庫_康永本	340	196	淫	淫	淫奔	淫奔			1		〔朱〕／〔墨〕去／平	／去上濁／平平	〔墨〕イン	イン＊					100-03	
40-016-03	新猿楽記_尊経閣文庫_康永本	341	196	奔	奔	淫奔	淫奔			2		〔朱〕／〔墨〕上濁／平	／去上濁／平平		イン＊					100-03	
40-016-03	新猿楽記_尊経閣文庫_康永本	342	197	徴	徴	徴嬖	徴嬖			1		〔朱〕平	平平	〔墨〕テウ	テウヘイ					100-03	
40-016-03	新猿楽記_尊経閣文庫_康永本	343	197	嬖	嬖	徴嬖	徴嬖			2		〔朱〕平	平平	〔墨〕ヘイ	テウヘイ					100-03	
40-016-03	新猿楽記_尊経閣文庫_康永本	344	198	行	行	行	行			1		〔朱〕去	去	〔墨〕カウ	カウ					100-03	
40-016-03	新猿楽記_尊経閣文庫_康永本	345	199	偃	偃	偃仰	偃仰			1		〔朱〕上	上上濁	〔墨〕ヱン	ヱンキヤウ					100-03	
40-016-03	新猿楽記_尊経閣文庫_康永本	346	199	仰	仰	偃仰	偃仰			2		〔朱〕上濁	上上濁	〔墨〕キヤウ	ヱンキヤウ					100-03	
40-016-03	新猿楽記_尊経閣文庫_康永本	347	200	養	養	養風	養風			1		〔朱〕上／〔墨〕平	上上／平去							100-03	墨筆は圏点
40-016-03	新猿楽記_尊経閣文庫_康永本	348	200	養	養	養風	養風			1		〔朱〕上／〔墨〕去	上上／平去							100-03	朱去声点は圏点（墨筆に重ねたか）
40-016-03	新猿楽記_尊経閣文庫_康永本	349	201	琴	琴	琴	琴			1		〔朱〕平	平	〔墨〕キム	キム					100-04	
40-016-03	新猿楽記_尊経閣文庫_康永本	350	202	絃	絃	絃	絃			1		〔朱〕平	平							100-04	
40-016-03	新猿楽記_尊経閣文庫_康永本	351	203	麥	麦	麥齒	麦歯			1		〔朱〕入濁	入濁上	〔墨〕ハク	ハクシ					100-04	
40-016-03	新猿楽記_尊経閣文庫_康永本	352	203	齒	歯	麥齒	麦歯			2		〔朱〕上	入濁上	〔墨〕シ	ハクシ					100-04	
40-016-03	新猿楽記_尊経閣文庫_康永本	353	204	龍	龍	龍飛	龍飛			1		〔朱〕平	平平	〔墨〕リヨウ	リヨウ＊					100-04	
40-016-03	新猿楽記_尊経閣文庫_康永本	354	204	飛	飛	龍飛	龍飛			2		〔朱〕平	平平		リヨウ＊					100-04	
40-016-03	新猿楽記_尊経閣文庫_康永本	355	205	虎	虎	虎歩	虎歩			1		〔朱〕去	去上		＊ホ					100-04	
40-016-03	新猿楽記_尊経閣文庫_康永本	356	205	歩	歩	虎歩	虎歩			2		〔朱〕上	去上	〔墨〕ホ	＊ホ					100-04	
40-016-03	新猿楽記_尊経閣文庫_康永本	357	206	頻	頻	頻伽	頻伽			1		〔朱〕上濁	上濁上濁	ヒン	ヒンカ					100-05	
40-016-03	新猿楽記_尊経閣文庫_康永本	358	206	伽	伽	頻伽	頻伽			2		〔朱〕上濁	上濁上濁	カ	ヒンカ					100-05	
40-016-03	新猿楽記_尊経閣文庫_康永本	359	207	間	間	間	間			1		〔朱〕東	東							100-07	
40-016-03	新猿楽記_尊経閣文庫_康永本	360	208	餘	餘	餘命	餘命			1		〔朱〕平	平去							100-08	
40-016-03	新猿楽記_尊経閣文庫_康永本	361	208	命	命	餘命	餘命			2		〔朱〕去	平去							100-08	
40-016-03	新猿楽記_尊経閣文庫_康永本	362	209	能	能	能書	能書			1		〔朱〕平	平上濁							100-09	
40-016-03	新猿楽記_尊経閣文庫_康永本	363	209	書	書	能書	能書			2		〔朱〕上濁	平上濁							100-09	
40-016-03	新猿楽記_尊経閣文庫_康永本	364	210	古	古	古文	古文			1		〔朱〕平	平去							100-09	
40-016-03	新猿楽記_尊経閣文庫_康永本	365	210	文	文	古文	古文			2		〔朱〕去	平去							100-09	
40-016-03	新猿楽記_尊経閣文庫_康永本	366	211	正	正	正文	正文			1		〔朱〕平	平去							100-09	
40-016-03	新猿楽記_尊経閣文庫_康永本	367	211	文	文	正文	正文			2		〔朱〕去	平去							100-09	
40-016-03	新猿楽記_尊経閣文庫_康永本	368	212	眞	真	眞行草	真行草			1		〔朱〕平	平平濁平							100-09	
40-016-03	新猿楽記_尊経閣文庫_康永本	369	212	行	行	眞行草	真行草			2		〔朱〕平濁	平平濁平							100-09	
40-016-03	新猿楽記_尊経閣文庫_康永本	370	212	草	草	眞行草	真行草			3		〔朱〕平	平平濁平							100-09	
40-016-03	新猿楽記_尊経閣文庫_康永本	371	213	筆	筆	筆勢	筆勢			1		〔朱〕入	入平							100-10	
40-016-03	新猿楽記_尊経閣文庫_康永本	372	213	勢	勢	筆勢	筆勢			2		〔朱〕平	入平							100-10	
40-016-03	新猿楽記_尊経閣文庫_康永本	373	214	浮	浮	浮雲	浮雲			1		〔朱〕平	平平							100-10	
40-016-03	新猿楽記_尊経閣文庫_康永本	374	214	雲	雲	浮雲	浮雲			2		〔朱〕平	平平							100-10	
40-016-03	新猿楽記_尊経閣文庫_康永本	375	215	字	字	字行	字行			1		〔朱〕平濁	平濁上濁							100-10	
40-016-03	新猿楽記_尊経閣文庫_康永本	376	215	行	行	字行	字行			2		〔朱〕上濁	平濁上濁							100-10	
40-016-03	新猿楽記_尊経閣文庫_康永本	377	216	流	流	流水	流水			1		〔朱〕平	平上							100-11	
40-016-03	新猿楽記_尊経閣文庫_康永本	378	216	水	水	流水	流水			2		〔朱〕上	平上							100-11	
40-016-03	新猿楽記_尊経閣文庫_康永本	379	217	羲	羲	羲之	羲之			1		〔朱〕平濁	平濁上							100-11	
40-016-03	新猿楽記_尊経閣文庫_康永本	380	217	之	之	羲之	羲之			2		〔朱〕上	平濁上							100-11	
40-016-03	新猿楽記_尊経閣文庫_康永本	381	218	垂	垂	垂露	垂露			1		〔朱〕平	平上							100-11	
40-016-03	新猿楽記_尊経閣文庫_康永本	382	218	露	露	垂露	垂露			2		〔朱〕上	平上							100-11	
40-016-03	新猿楽記_尊経閣文庫_康永本	383	219	點	點	點	點			1		〔朱〕平	平							100-11	
40-016-03	新猿楽記_尊経閣文庫_康永本	384	220	貫	貫	貫花	貫花			1		〔朱〕平	平平							100-11	
40-016-03	新猿楽記_尊経閣文庫_康永本	385	220	花	花	貫花	貫花			2		〔朱〕平	平平							100-11	
40-016-03	新猿楽記_尊経閣文庫_康永本	386	221	和	和	和尚	和尚			1		〔朱〕平	平去							100-11	
40-016-03	新猿楽記_尊経閣文庫_康永本	387	221	尚	尚	和尚	和尚			2		〔朱〕去	平去							100-11	
40-016-03	新猿楽記_尊経閣文庫_康永本	388	222	墨	墨	一墨	一墨			2		〔朱〕入濁	＊入濁							100-12	
40-016-03	新猿楽記_尊経閣文庫_康永本	389	223	額	額	額	額			1		〔朱〕入濁	入濁							100-13	
40-016-03	新猿楽記_尊経閣文庫_康永本	390	224	御	御	御所	御所			1		〔朱〕平濁	平濁上							100-13	
40-016-03	新猿楽記_尊経閣文庫_康永本	391	224	所	所	御所	御所			2		〔朱〕上	平濁上							100-13	
40-016-03	新猿楽記_尊経閣文庫_康永本	392	225	造	造	造紙	造紙			1		〔朱〕平	平平							100-13	雙イ。「双紙」か。
40-016-03	新猿楽記_尊経閣文庫_康永本	393	225	紙	紙	造紙	造紙			2		〔朱〕平	平平							100-13	雙イ。「双紙」か。
40-016-03	新猿楽記_尊経閣文庫_康永本	394	226	屏	屏	屏風	屏風			1		〔朱〕去濁	去濁上濁							100-13	
40-016-03	新猿楽記_尊経閣文庫_康永本	395	226	風	風	屏風	屏風			2		〔朱〕上濁	去濁上濁							100-13	
40-016-03	新猿楽記_尊経閣文庫_康永本	396	227	障	障	障子	障子			1		〔朱〕平	平平							100-13	
40-016-03	新猿楽記_尊経閣文庫_康永本	397	227	子	子	障子	障子			2		〔朱〕平	平平							100-13	
40-016-03	新猿楽記_尊経閣文庫_康永本	398	228	經	経	經書	経書			1		〔朱〕去	去上							100-13	
40-016-03	新猿楽記_尊経閣文庫_康永本	399	228	書	書	經書	経書			2		〔朱〕上	去上							100-13	
40-016-03	新猿楽記_尊経閣文庫_康永本	400	229	外	外	外題	外題			1		〔朱〕平濁	平濁上濁							100-14	
40-016-03	新猿楽記_尊経閣文庫_康永本	401	229	題	題	外題	外題			2		〔朱〕上濁	平濁上濁							100-14	
40-016-03	新猿楽記_尊経閣文庫_康永本	402	230	屈	屈	屈請	屈請			1		〔朱〕入	入平							100-14	
40-016-03	新猿楽記_尊経閣文庫_康永本	403	230	請	請	屈請	屈請			2		〔朱〕平	入平							100-14	
40-016-03	新猿楽記_尊経閣文庫_康永本	404	231	銘	銘	銘	銘			1		〔朱〕平	平							100-14	
40-016-03	新猿楽記_尊経閣文庫_康永本	405	232	半	半	半紙	半紙			1		〔朱〕平	平上							100-14	
40-016-03	新猿楽記_尊経閣文庫_康永本	406	232	紙	紙	半紙	半紙			2		〔朱〕上	平上							100-14	
40-016-03	新猿楽記_尊経閣文庫_康永本	407	233	反	反	反故	反故			1		〔朱〕平	平平濁	〔墨〕ホン	ホンク					100-15	
40-016-03	新猿楽記_尊経閣文庫_康永本	408	233	故	故	反故	反故			2		〔朱〕平濁	平平濁	〔墨〕ク	ホンク					100-15	
40-016-03	新猿楽記_尊経閣文庫_康永本	409	234	骨	骨	骨骸	骨骸			1		〔朱〕入	入去濁							101-01	
40-016-03	新猿楽記_尊経閣文庫_康永本	410	234	骸	骸	骨骸	骨骸			2		〔朱〕去濁	入去濁							101-01	
40-016-03	新猿楽記_尊経閣文庫_康永本	411	235	生	生	一生	一生			2		〔朱〕去	＊去							101-02	
40-016-03	新猿楽記_尊経閣文庫_康永本	412	236	不	不	不犯	不犯			1		〔朱〕上	上平濁							101-02	
40-016-03	新猿楽記_尊経閣文庫_康永本	413	236	犯	犯	不犯	不犯			2		〔朱〕平濁	上平濁							101-02	
40-016-03	新猿楽記_尊経閣文庫_康永本	414	237	大	大	大驗者	大験者			1		〔朱〕平濁	平濁平濁平濁							101-02	
40-016-03	新猿楽記_尊経閣文庫_康永本	415	237	驗	験	大驗者	大験者			2		〔朱〕平濁	平濁平濁平濁							101-02	
40-016-03	新猿楽記_尊経閣文庫_康永本	416	237	者	者	大驗者	大験者			3		〔朱〕平濁	平濁平濁平濁							101-02	
40-016-03	新猿楽記_尊経閣文庫_康永本	417	238	三	三	三業	三業			1		〔朱〕去	去平濁							101-02	
40-016-03	新猿楽記_尊経閣文庫_康永本	418	238	業	業	三業	三業			2		〔朱〕平濁	去平濁							101-02	
40-016-03	新猿楽記_尊経閣文庫_康永本	419	239	相	相	相應	相應			1		〔朱〕去	去上							101-02	
40-016-03	新猿楽記_尊経閣文庫_康永本	420	239	應	應	相應	相應			2		〔朱〕上	去上							101-02	
40-016-03	新猿楽記_尊経閣文庫_康永本	421	240	久	久	久修練行	久修練行			1		〔朱〕平	平上去平濁							101-03	
40-016-03	新猿楽記_尊経閣文庫_康永本	422	240	修	修	久修練行	久修練行			2		〔朱〕上	平上去平濁							101-03	
40-016-03	新猿楽記_尊経閣文庫_康永本	423	240	練	練	久修練行	久修練行			3		〔朱〕去	平上去平濁							101-03	
40-016-03	新猿楽記_尊経閣文庫_康永本	424	240	行	行	久修練行	久修練行			4		〔朱〕平濁	平上去平濁							101-03	
40-016-03	新猿楽記_尊経閣文庫_康永本	425	241	持	持	持戒	持戒			1		〔朱〕去濁	去濁平							101-03	
40-016-03	新猿楽記_尊経閣文庫_康永本	426	241	戒	戒	持戒	持戒			2		〔朱〕平	去濁平							101-03	
40-016-03	新猿楽記_尊経閣文庫_康永本	427	242	精	精	精進	精進			1		〔朱〕去	去平濁							101-03	
40-016-03	新猿楽記_尊経閣文庫_康永本	428	242	進	進	精進	精進			2		〔朱〕平濁	去平濁							101-03	
40-016-03	新猿楽記_尊経閣文庫_康永本	429	243	別	別	別尊	別尊			1		〔朱〕入濁	入濁＊							101-04	
40-016-03	新猿楽記_尊経閣文庫_康永本	430	244	梵	梵	梵語	梵語			1		〔朱〕平濁	平濁平濁							101-05	
40-016-03	新猿楽記_尊経閣文庫_康永本	431	244	語	語	梵語	梵語			2		〔朱〕平濁	平濁平濁							101-05	
40-016-03	新猿楽記_尊経閣文庫_康永本	432	245	悉	悉	悉曇	悉曇			1		〔朱〕入	入去		＊タン					101-05	
40-016-03	新猿楽記_尊経閣文庫_康永本	433	245	曇	曇	悉曇	悉曇			2		〔朱〕去	入去	〔墨〕タン	＊タン					101-05	
40-016-03	新猿楽記_尊経閣文庫_康永本	434	246	立	立	立印	立印			1		〔朱〕平	平平							101-05	
40-016-03	新猿楽記_尊経閣文庫_康永本	435	246	印	印	立印	立印			2		〔朱〕平	平平							101-05	
40-016-03	新猿楽記_尊経閣文庫_康永本	436	247	唱	唱	唱禮	唱礼			1		〔朱〕去	去上	〔墨〕シヤウ	シヤウレイ					101-05	
40-016-03	新猿楽記_尊経閣文庫_康永本	437	247	禮	礼	唱禮	唱礼			2		〔朱〕上	去上	〔墨〕レイ	シヤウレイ					101-05	
40-016-03	新猿楽記_尊経閣文庫_康永本	438	248	芥	芥	芥子	芥子			1		〔朱〕平	平平							101-06	
40-016-03	新猿楽記_尊経閣文庫_康永本	439	248	子	子	芥子	芥子			2		〔朱〕平	平平							101-06	
40-016-03	新猿楽記_尊経閣文庫_康永本	440	249	護	護	護摩天供	護摩天供			1		〔朱〕平濁	平濁上平平濁							101-06	
40-016-03	新猿楽記_尊経閣文庫_康永本	441	249	摩	摩	護摩天供	護摩天供			2		〔朱〕上	平濁上平平濁							101-06	
40-016-03	新猿楽記_尊経閣文庫_康永本	442	249	天	天	護摩天供	護摩天供			3		〔朱〕平	平濁上平平濁							101-06	
40-016-03	新猿楽記_尊経閣文庫_康永本	443	249	供	供	護摩天供	護摩天供			4		〔朱〕平濁	平濁上平平濁							101-06	
40-016-03	新猿楽記_尊経閣文庫_康永本	444	250	十	十	十安居	十安居			1		〔朱〕入濁	入濁去上濁							101-08	
40-016-03	新猿楽記_尊経閣文庫_康永本	445	250	安	安	十安居	十安居			2		〔朱〕去	入濁去上濁							101-08	
40-016-03	新猿楽記_尊経閣文庫_康永本	446	250	居	居	十安居	十安居			3		〔朱〕上濁	入濁去上濁							101-08	
40-016-03	新猿楽記_尊経閣文庫_康永本	447	251	一	一	一洛叉	一洛叉			1		〔朱〕入	入入平							101-08	
40-016-03	新猿楽記_尊経閣文庫_康永本	448	251	洛	洛	一洛叉	一洛叉			2		〔朱〕入	入入平							101-08	
40-016-03	新猿楽記_尊経閣文庫_康永本	449	251	叉	叉	一洛叉	一洛叉			3		〔朱〕平	入入平							101-08	
40-016-03	新猿楽記_尊経閣文庫_康永本	450	252	度	度	度々	度々			1		〔朱〕平濁	平濁平濁							101-08	
40-016-03	新猿楽記_尊経閣文庫_康永本	451	252	度	々	度々	度々			2		〔朱〕平濁	平濁平濁							101-08	
40-016-03	新猿楽記_尊経閣文庫_康永本	452	253	年	年	年々	年々			1		〔朱〕去	去＊							101-09	
40-016-03	新猿楽記_尊経閣文庫_康永本	453	254	大	大	大山	大山			1		〔朱〕平濁	平濁去							101-10	
40-016-03	新猿楽記_尊経閣文庫_康永本	454	254	山	山	大山	大山			2		〔朱〕去	平濁去							101-10	
40-016-03	新猿楽記_尊経閣文庫_康永本	455	255	智	智	智行	智行			1		〔朱〕平	平平濁							101-14	
40-016-03	新猿楽記_尊経閣文庫_康永本	456	255	行	行	智行	智行			2		〔朱〕平濁	平平濁							101-14	
40-016-03	新猿楽記_尊経閣文庫_康永本	457	256	厨	厨	厨子	厨子			1		〔朱〕上濁	上濁平	〔墨〕ツ	ツシ					102-02	
40-016-03	新猿楽記_尊経閣文庫_康永本	458	256	子	子	厨子	厨子			2		〔朱〕平	上濁平	〔墨〕シ	ツシ					102-02	
40-016-03	新猿楽記_尊経閣文庫_康永本	459	257	几	几	几帳	几帳			1		〔朱〕平	平平	〔墨〕キ	キチヤウ					102-02	
40-016-03	新猿楽記_尊経閣文庫_康永本	460	257	帳	帳	几帳	几帳			2		〔朱〕平	平平	〔墨〕チヤウ	キチヤウ					102-02	
40-016-03	新猿楽記_尊経閣文庫_康永本	461	258	燈	燈	燈臺	燈臺			1		〔朱〕去	去上濁							102-02	
40-016-03	新猿楽記_尊経閣文庫_康永本	462	258	臺	臺	燈臺	燈臺			2		〔朱〕上濁	去上濁							102-02	
40-016-03	新猿楽記_尊経閣文庫_康永本	463	259	經	経	經机	経机			1		〔朱〕去	去＊							102-03	
40-016-03	新猿楽記_尊経閣文庫_康永本	464	260	高	高	高座	高座			1		〔朱〕去	去平濁							102-03	
40-016-03	新猿楽記_尊経閣文庫_康永本	465	260	座	座	高座	高座			2		〔朱〕平濁	去平濁							102-03	
40-016-03	新猿楽記_尊経閣文庫_康永本	466	261	禮	礼	禮盤	礼盤			1		〔朱〕平	平去							102-03	
40-016-03	新猿楽記_尊経閣文庫_康永本	467	261	盤	盤	禮盤	礼盤			2		〔朱〕去	平去							102-03	
40-016-03	新猿楽記_尊経閣文庫_康永本	468	262	大	大	大盤	大盤			1		〔朱〕平濁	平濁平							102-03	
40-016-03	新猿楽記_尊経閣文庫_康永本	469	262	盤	盤	大盤	大盤			2		〔朱〕平	平濁平							102-03	
40-016-03	新猿楽記_尊経閣文庫_康永本	470	263	脇	脇	脇足	脇足			1		〔朱〕入	入入							102-04	
40-016-03	新猿楽記_尊経閣文庫_康永本	471	263	足	足	脇足	脇足			2		〔朱〕入	入入							102-04	
40-016-03	新猿楽記_尊経閣文庫_康永本	472	264	風	風	風流	風流			1		〔朱〕平	平平							102-05	
40-016-03	新猿楽記_尊経閣文庫_康永本	473	264	流	流	風流	風流			2		〔朱〕平	平平							102-05	
40-016-03	新猿楽記_尊経閣文庫_康永本	474	265	曲	曲	曲節	曲節			1		〔朱〕入	入入							102-05	
40-016-03	新猿楽記_尊経閣文庫_康永本	475	265	節	節	曲節	曲節			2		〔朱〕入	入入							102-05	
40-016-03	新猿楽記_尊経閣文庫_康永本	476	266	三	三	三寸	三寸			1		〔朱〕去	去平濁							102-06	
40-016-03	新猿楽記_尊経閣文庫_康永本	477	266	寸	寸	三寸	三寸			2		〔朱〕平濁	去平濁							102-06	
40-016-03	新猿楽記_尊経閣文庫_康永本	478	267	受	受	受領	受領			1		〔朱〕平濁	平濁平							102-08	
40-016-03	新猿楽記_尊経閣文庫_康永本	479	267	領	領	受領	受領			2		〔朱〕平	平濁平							102-08	
40-016-03	新猿楽記_尊経閣文庫_康永本	480	268	刺	刺	刺史	刺史			1		〔朱〕去	去上	〔墨〕シ	シシ					102-08	
40-016-03	新猿楽記_尊経閣文庫_康永本	481	268	史	史	刺史	刺史			2		〔朱〕上	去上	〔墨〕シ	シシ					102-08	
40-016-03	新猿楽記_尊経閣文庫_康永本	482	269	執	執	執鞭	執鞭			1		〔朱〕／〔墨〕入	／入平濁／＊去							102-08	
40-016-03	新猿楽記_尊経閣文庫_康永本	483	269	鞭	鞭	執鞭	執鞭			2		〔朱〕／〔墨〕平濁／去	／入平濁／＊去							102-08	
40-016-03	新猿楽記_尊経閣文庫_康永本	484	270	圖	圖	圖	圖			1		〔朱〕上濁	上濁							102-08	
40-016-03	新猿楽記_尊経閣文庫_康永本	485	271	五	五	五畿	五畿			1		〔朱〕平濁	平濁上							102-08	
40-016-03	新猿楽記_尊経閣文庫_康永本	486	271	畿	畿	五畿	五畿			2		〔朱〕上	平濁上							102-08	
40-016-03	新猿楽記_尊経閣文庫_康永本	487	272	風	風	風波	風波			1		〔朱〕上	上平							102-10	
40-016-03	新猿楽記_尊経閣文庫_康永本	488	272	波	波	風波	風波			2		〔朱〕平	上平							102-10	
40-016-03	新猿楽記_尊経閣文庫_康永本	489	273	山	山	山野	山野			1		〔朱〕平	平上							102-10	
40-016-03	新猿楽記_尊経閣文庫_康永本	490	273	野	野	山野	山野			2		〔朱〕上	平上							102-10	
40-016-03	新猿楽記_尊経閣文庫_康永本	491	274	入	入	入境	入境			1		〔朱〕／〔墨〕入濁	／入濁平／＊去	〔墨〕シツ	シツケイ					102-11	
40-016-03	新猿楽記_尊経閣文庫_康永本	492	274	境	境	入境	入境			2		〔朱〕／〔墨〕平／去	／入濁平／＊去	〔墨〕ケイ	シツケイ					102-11	
40-016-03	新猿楽記_尊経閣文庫_康永本	493	275	着	着	着府	着府			1		〔朱〕入	入上							102-11	
40-016-03	新猿楽記_尊経閣文庫_康永本	494	275	府	府	着府	着府			2		〔朱〕上	入上							102-11	
40-016-03	新猿楽記_尊経閣文庫_康永本	495	276	神	神	神拜	神拝			1		〔朱〕去濁	去濁平濁							102-12	
40-016-03	新猿楽記_尊経閣文庫_康永本	496	276	拜	拝	神拜	神拝			2		〔朱〕平濁	去濁平濁							102-12	
40-016-03	新猿楽記_尊経閣文庫_康永本	497	277	着	着	着任	着任			1		〔朱〕入	入平							102-12	
40-016-03	新猿楽記_尊経閣文庫_康永本	498	277	任	任	着任	着任			2		〔朱〕平	入平							102-12	
40-016-03	新猿楽記_尊経閣文庫_康永本	499	278	儀	儀	儀式	儀式			1		〔朱〕平濁	平濁入							102-12	
40-016-03	新猿楽記_尊経閣文庫_康永本	500	278	式	式	儀式	儀式			2		〔朱〕入	平濁入							102-12	
40-016-03	新猿楽記_尊経閣文庫_康永本	501	279	治	治	治國	治国			1		〔朱〕上濁	上濁入							102-12	
40-016-03	新猿楽記_尊経閣文庫_康永本	502	279	國	国	治國	治国			2		〔朱〕入	上濁入							102-12	
40-016-03	新猿楽記_尊経閣文庫_康永本	503	280	良	良	良吏	良吏			1		〔朱〕平	平上		＊リ					102-12	
40-016-03	新猿楽記_尊経閣文庫_康永本	504	280	吏	吏	良吏	良吏			2		〔朱〕上	平上	〔墨〕リ	＊リ					102-12	
40-016-03	新猿楽記_尊経閣文庫_康永本	505	281	支	支	支度	支度			1		〔朱〕平	平入濁							102-12	
40-016-03	新猿楽記_尊経閣文庫_康永本	506	281	度	度	支度	支度			2		〔朱〕入濁	平入濁							102-12	
40-016-03	新猿楽記_尊経閣文庫_康永本	507	282	交	交	交替	交替			1		〔朱〕去	去上	〔墨〕ケウ	ケウタイ					102-12	
40-016-03	新猿楽記_尊経閣文庫_康永本	508	282	替	替	交替	交替			2		〔朱〕上	去上	〔墨〕タイ	ケウタイ					102-12	
40-016-03	新猿楽記_尊経閣文庫_康永本	509	283	不	不	不與状	不与状			1		〔朱〕上	上上上濁							102-13	
40-016-03	新猿楽記_尊経閣文庫_康永本	510	283	與	与	不與状	不与状			2		〔朱〕上	上上上濁							102-13	
40-016-03	新猿楽記_尊経閣文庫_康永本	511	283	状	状	不與状	不与状			3		〔朱〕上濁	上上上濁							102-13	
40-016-03	新猿楽記_尊経閣文庫_康永本	512	284	勘	勘	勘公文	勘公文			1		〔朱〕平	平去上							102-13	
40-016-03	新猿楽記_尊経閣文庫_康永本	513	284	公	公	勘公文	勘公文			2		〔朱〕去	平去上							102-13	
40-016-03	新猿楽記_尊経閣文庫_康永本	514	284	文	文	勘公文	勘公文			3		〔朱〕上	平去上							102-13	
40-016-03	新猿楽記_尊経閣文庫_康永本	515	285	目	目	目代	目代			1		〔朱〕入	入上濁							102-14	
40-016-03	新猿楽記_尊経閣文庫_康永本	516	285	代	代	目代	目代			2		〔朱〕上濁	入上濁							102-14	
40-016-03	新猿楽記_尊経閣文庫_康永本	517	286	濟	済	濟所	済所			1		〔朱〕平	平平	〔墨〕サイ	サイ＊					102-14	
40-016-03	新猿楽記_尊経閣文庫_康永本	518	286	所	所	濟所	済所			2		〔朱〕平	平平		サイ＊					102-14	
40-016-03	新猿楽記_尊経閣文庫_康永本	519	287	案	案	案主	案主			1		〔朱〕平	平平濁							103-01	
40-016-03	新猿楽記_尊経閣文庫_康永本	520	287	主	主	案主	案主			2		〔朱〕平濁	平平濁							103-01	
40-016-03	新猿楽記_尊経閣文庫_康永本	521	288	健	健	健兒	健兒			1		〔朱〕上	上平	〔墨〕コ	コニ					103-01	
40-016-03	新猿楽記_尊経閣文庫_康永本	522	288	兒	兒	健兒	健兒			2		〔朱〕平	上平	〔墨〕ニ	コニ					103-01	
40-016-03	新猿楽記_尊経閣文庫_康永本	523	289	調	調	調所	調所			1		〔朱〕去濁	去濁＊							103-01	
40-016-03	新猿楽記_尊経閣文庫_康永本	524	290	細	細	細工所	細工所			1		〔朱〕平	平平＊							103-02	
40-016-03	新猿楽記_尊経閣文庫_康永本	525	290	工	工	細工所	細工所			2		〔朱〕平	平平＊							103-02	
40-016-03	新猿楽記_尊経閣文庫_康永本	526	291	修	修	修理所	修理所			1		〔朱〕上	上平＊							103-02	
40-016-03	新猿楽記_尊経閣文庫_康永本	527	291	理	理	修理所	修理所			2		〔朱〕平	上平＊							103-02	
40-016-03	新猿楽記_尊経閣文庫_康永本	528	292	膳	膳	膳所	膳所			1		〔朱〕平濁	平濁平濁							103-02	
40-016-03	新猿楽記_尊経閣文庫_康永本	529	292	所	所	膳所	膳所			2		〔朱〕平濁	平濁平濁							103-02	
40-016-03	新猿楽記_尊経閣文庫_康永本	530	293	檢	檢	檢田	檢田			1		〔朱〕平	平上濁							103-03	
40-016-03	新猿楽記_尊経閣文庫_康永本	531	293	田	田	檢田	檢田			2		〔朱〕上濁	平上濁							103-03	
40-016-03	新猿楽記_尊経閣文庫_康永本	532	294	交	交	交易	交易			1		〔朱〕去	去＊	〔墨〕ケウ	ケウヤク					103-03	
40-016-03	新猿楽記_尊経閣文庫_康永本	533	295	君	君	君	君			1		〔朱〕上	上	〔墨〕ク▽	ク▽					103-05	
40-016-03	新猿楽記_尊経閣文庫_康永本	534	296	損	損	損	損			1		〔朱〕平濁	平濁							103-05	
40-016-03	新猿楽記_尊経閣文庫_康永本	535	297	追	追	追從	追従			1		〔朱〕平	平平		＊シヨウ					103-05	
40-016-03	新猿楽記_尊経閣文庫_康永本	536	297	從	従	追從	追従			2		〔朱〕平	平平	〔墨〕シヨウ	＊シヨウ					103-05	
40-016-03	新猿楽記_尊経閣文庫_康永本	537	298	因	因	因明	因明			1		〔朱〕去	去上							104-02	
40-016-03	新猿楽記_尊経閣文庫_康永本	538	298	明	明	因明	因明			2		〔朱〕上	去上							104-02	
40-016-03	新猿楽記_尊経閣文庫_康永本	539	299	内	内	内明	内明			1		〔朱〕平	平上							104-02	
40-016-03	新猿楽記_尊経閣文庫_康永本	540	299	明	明	内明	内明			2		〔朱〕上	平上							104-02	
40-016-03	新猿楽記_尊経閣文庫_康永本	541	300	通	通	通達	通達			1		〔朱〕去	去入濁							104-03	
40-016-03	新猿楽記_尊経閣文庫_康永本	542	300	達	達	通達	通達			2		〔朱〕入濁	去入濁							104-03	
40-016-03	新猿楽記_尊経閣文庫_康永本	543	301	兼	兼	兼學	兼学			1		〔朱〕去	去入濁							104-03	
40-016-03	新猿楽記_尊経閣文庫_康永本	544	301	學	学	兼學	兼学			2		〔朱〕入濁	去入濁							104-03	
40-016-03	新猿楽記_尊経閣文庫_康永本	545	302	倶	倶	倶舎	倶舎			1		〔朱〕去	去上							104-03	
40-016-03	新猿楽記_尊経閣文庫_康永本	546	302	舎	舎	倶舎	倶舎			2		〔朱〕上	去上							104-03	
40-016-03	新猿楽記_尊経閣文庫_康永本	547	303	唯	唯	唯識	唯識			1		〔朱〕去	去入							104-03	去声点は別筆？
40-016-03	新猿楽記_尊経閣文庫_康永本	548	303	識	識	唯識	唯識			2		〔朱〕入	去入							104-03	去声点は別筆？
40-016-03	新猿楽記_尊経閣文庫_康永本	549	304	止	止	止觀	止観			1		〔朱〕平	平平							104-04	
40-016-03	新猿楽記_尊経閣文庫_康永本	550	304	觀	観	止觀	止観			2		〔朱〕平	平平							104-04	
40-016-03	新猿楽記_尊経閣文庫_康永本	551	305	玄	玄	玄義	玄義			1		〔朱〕去濁	去濁平濁							104-04	
40-016-03	新猿楽記_尊経閣文庫_康永本	552	305	義	義	玄義	玄義			2		〔朱〕平濁	去濁平濁							104-04	
40-016-03	新猿楽記_尊経閣文庫_康永本	553	306	宏	宏	宏才	宏才			1		〔朱〕平濁	平平濁	〔墨〕クワウ／コウ	クワウサイ／コウイ＊					104-05	
40-016-03	新猿楽記_尊経閣文庫_康永本	554	306	才	才	宏才	宏才			2		〔朱〕平	平平濁	〔墨〕サイ／イ＊	クワウサイ／コウイ＊					104-05	
40-016-03	新猿楽記_尊経閣文庫_康永本	555	307	博	博	博覽	博覧			1		〔朱〕入濁	入濁平	〔墨〕ハク	ハク＊ヌシ					104-05	
40-016-03	新猿楽記_尊経閣文庫_康永本	556	307	覽	覧	博覽	博覧			2		〔朱〕平	入濁平		ハク＊ヌシ					104-05	
40-016-03	新猿楽記_尊経閣文庫_康永本	557	308	決	決	決擇	決択			1		〔朱〕入	入入							104-05	
40-016-03	新猿楽記_尊経閣文庫_康永本	558	308	擇	択	決擇	決択			2		〔朱〕入	入入							104-05	
40-016-03	新猿楽記_尊経閣文庫_康永本	559	309	當	當	當弁	當弁			1		〔朱〕平	平平濁							104-06	
40-016-03	新猿楽記_尊経閣文庫_康永本	560	309	弁	弁	當弁	當弁			2		〔朱〕平濁	平平濁							104-06	
40-016-03	新猿楽記_尊経閣文庫_康永本	561	310	利	利	利口	利口			1		〔朱〕平	平平		＊コウ					104-06	
40-016-03	新猿楽記_尊経閣文庫_康永本	562	310	口	口	利口	利口			2		〔朱〕平	平平	〔墨〕コウ	＊コウ					104-06	
40-016-03	新猿楽記_尊経閣文庫_康永本	563	311	判	判	判尺	判尺			1		〔朱〕平	平入濁							104-07	
40-016-03	新猿楽記_尊経閣文庫_康永本	564	311	尺	尺	判尺	判尺			2		〔朱〕入濁	平入濁							104-07	
40-016-03	新猿楽記_尊経閣文庫_康永本	565	312	分	分	分明	分明			1		〔朱〕去	去上							104-07	
40-016-03	新猿楽記_尊経閣文庫_康永本	566	312	明	明	分明	分明			2		〔朱〕上	去上							104-07	
40-016-03	新猿楽記_尊経閣文庫_康永本	567	313	鼻	鼻	鼻廣	鼻廣			1		〔朱〕平濁	平濁平							104-11	
40-016-03	新猿楽記_尊経閣文庫_康永本	568	313	廣	廣	鼻廣	鼻廣			2		〔朱〕平	平濁平							104-11	
40-016-03	新猿楽記_尊経閣文庫_康永本	569	314	草	草	草鞋	草鞋			1		〔朱〕平	平去		＊カイ					104-11	
40-016-03	新猿楽記_尊経閣文庫_康永本	570	314	鞋	鞋	草鞋	草鞋			2		〔朱〕去	平去	〔墨〕カイ	＊カイ					104-11	
40-016-03	新猿楽記_尊経閣文庫_康永本	571	315	繪	繪	繪師	繪師			1		〔朱〕平	平上	〔墨〕ヱ	ヱ＊					105-01	
40-016-03	新猿楽記_尊経閣文庫_康永本	572	315	師	師	繪師	繪師			2		〔朱〕上	平上		ヱ＊					105-01	
40-016-03	新猿楽記_尊経閣文庫_康永本	573	316	長	長	長者	長者			1		〔朱〕平	平平濁							105-01	
40-016-03	新猿楽記_尊経閣文庫_康永本	574	316	者	者	長者	長者			2		〔朱〕平濁	平平濁							105-01	
40-016-03	新猿楽記_尊経閣文庫_康永本	575	317	軟	軟	軟障	軟障			1		〔朱〕／〔墨〕平／上濁	／平平濁／上濁上濁	〔墨〕セン	センシヤウ					105-03	
40-016-03	新猿楽記_尊経閣文庫_康永本	576	317	障	障	軟障	軟障			2		〔朱〕／〔墨〕平濁／上濁	／平平濁／上濁上濁	〔墨〕シヤウ	センシヤウ					105-03	
40-016-03	新猿楽記_尊経閣文庫_康永本	577	318	業	業	業	業			1		〔朱〕平濁	平濁	〔墨〕ケウ	ケウ					105-04	
40-016-03	新猿楽記_尊経閣文庫_康永本	578	319	等	等	等身	等身			1		〔朱〕平	平去濁							105-05	
40-016-03	新猿楽記_尊経閣文庫_康永本	579	319	身	身	等身	等身			2		〔朱〕去濁	平去濁							105-05	
40-016-03	新猿楽記_尊経閣文庫_康永本	580	320	一	一	一__手半	一__手半			1		〔朱〕入	入入平平		＊チヤク＊＊					105-05	
40-016-03	新猿楽記_尊経閣文庫_康永本	581	320	__	__	一__手半	一__手半			2		〔朱〕入	入入平平	〔墨〕チヤク	＊チヤク＊＊					105-05	
40-016-03	新猿楽記_尊経閣文庫_康永本	582	320	手	手	一__手半	一__手半			4		〔朱〕平	入入平平		＊チヤク＊＊					105-05	
40-016-03	新猿楽記_尊経閣文庫_康永本	583	320	半	半	一__手半	一__手半			5		〔朱〕平	入入平平		＊チヤク＊＊					105-05	
40-016-03	新猿楽記_尊経閣文庫_康永本	584	321	柔	柔	柔軟	柔軟			1		〔朱〕去	去平	〔墨〕ニウ	ニウナン					105-05	
40-016-03	新猿楽記_尊経閣文庫_康永本	585	321	軟	軟	柔軟	柔軟			2		〔朱〕平	去平	〔墨〕ナン	ニウナン					105-05	
40-016-03	新猿楽記_尊経閣文庫_康永本	586	322	忿	忿	忿怒	忿怒			1		〔朱〕平	平上							105-06	
40-016-03	新猿楽記_尊経閣文庫_康永本	587	322	怒	怒	忿怒	忿怒			2		〔朱〕上	平上							105-06	
40-016-03	新猿楽記_尊経閣文庫_康永本	588	323	王	王	王相	王相			1		〔朱〕去	去平							105-06	
40-016-03	新猿楽記_尊経閣文庫_康永本	589	323	相	相	王相	王相			2		〔朱〕平	去平							105-06	
40-016-03	新猿楽記_尊経閣文庫_康永本	590	324	人	人	人形	人形			1		〔朱〕去	去上濁							105-06	
40-016-03	新猿楽記_尊経閣文庫_康永本	591	324	形	形	人形	人形			2		〔朱〕上濁	去上濁							105-06	
40-016-03	新猿楽記_尊経閣文庫_康永本	592	325	面	面	面相	面相			1		〔朱〕平	平平濁		＊サウ					105-06	
40-016-03	新猿楽記_尊経閣文庫_康永本	593	325	相	相	面相	面相			2		〔朱〕平濁	平平濁	〔墨〕サウ	＊サウ					105-06	
40-016-03	新猿楽記_尊経閣文庫_康永本	594	326	形	形	形	形			1		〔朱〕上濁	上濁							105-07	
40-016-03	新猿楽記_尊経閣文庫_康永本	595	327	解	解	解聞惠	解聞恵			1		〔朱〕平濁	平濁去平	〔墨〕ケ	ケモンエ					105-09	
40-016-03	新猿楽記_尊経閣文庫_康永本	596	327	聞	聞	解聞惠	解聞恵			2		〔朱〕去	平濁去平	〔墨〕モン	ケモンエ					105-09	
40-016-03	新猿楽記_尊経閣文庫_康永本	597	327	惠	恵	解聞惠	解聞恵			3		〔朱〕平	平濁去平	〔墨〕エ	ケモンエ					105-09	
40-016-03	新猿楽記_尊経閣文庫_康永本	598	328	主	主	主領	主領			1		〔朱〕平	平平							105-12	
40-016-03	新猿楽記_尊経閣文庫_康永本	599	328	領	領	主領	主領			2		〔朱〕平	平平							105-12	
40-016-03	新猿楽記_尊経閣文庫_康永本	600	329	浮	浮	浮囚	浮囚			1		〔朱〕平	平平濁	〔墨〕フ	フシユウ					105-14	
40-016-03	新猿楽記_尊経閣文庫_康永本	601	329	囚	囚	浮囚	浮囚			2		〔朱〕平濁	平平濁	〔墨〕シユウ	フシユウ					105-14	
40-016-03	新猿楽記_尊経閣文庫_康永本	602	330	貴	貴	貴賀之嶋	貴賀之嶋			1		〔朱〕上	上平＊＊		＊カイカ＊					106-01	
40-016-03	新猿楽記_尊経閣文庫_康永本	603	330	賀	賀	貴賀之嶋	貴賀之嶋			2		〔朱〕平	上平＊＊	〔墨〕カイ	＊カイカ＊					106-01	
40-016-03	新猿楽記_尊経閣文庫_康永本	604	331	交	交	交易	交易			1		〔朱〕去	去入							106-01	
40-016-03	新猿楽記_尊経閣文庫_康永本	605	331	易	易	交易	交易			2		〔朱〕入	去入							106-01	
40-016-03	新猿楽記_尊経閣文庫_康永本	606	332	賣	賣	賣買	賣買			1		〔朱〕去濁	去濁上濁							106-01	
40-016-03	新猿楽記_尊経閣文庫_康永本	607	332	買	買	賣買	賣買			2		〔朱〕上濁	去濁上濁							106-01	
40-016-03	新猿楽記_尊経閣文庫_康永本	608	333	沈	沈	沈麝香	沈麝香			1		〔朱〕平濁	平濁(上濁平濁)上							106-02	
40-016-03	新猿楽記_尊経閣文庫_康永本	609	333	麝	麝	沈麝香	沈麝香			2		〔朱〕上濁／平濁	平濁(上濁平濁)上							106-02	
40-016-03	新猿楽記_尊経閣文庫_康永本	610	333	香	香	沈麝香	沈麝香			3		〔朱〕上	平濁(上濁平濁)上							106-02	
40-016-03	新猿楽記_尊経閣文庫_康永本	611	334	衣	衣	衣比	衣比			1		〔朱〕上	上上濁	〔墨〕ヱ／イ[朱]	ヱヒ／イヒ[朱上]					106-02	
40-016-03	新猿楽記_尊経閣文庫_康永本	612	334	比	比	衣比	衣比			2		〔朱〕上濁	上上濁	〔墨〕ヒ／ヒ[上]	ヱヒ／イヒ[朱上]					106-02	
40-016-03	新猿楽記_尊経閣文庫_康永本	613	335	丁	丁	丁字	丁字			1		〔朱〕去	去上濁							106-02	
40-016-03	新猿楽記_尊経閣文庫_康永本	614	335	字	字	丁字	丁字			2		〔朱〕上濁	去上濁							106-02	
40-016-03	新猿楽記_尊経閣文庫_康永本	615	336	甘	甘	甘松	甘松			1		〔朱〕平	平平							106-02	
40-016-03	新猿楽記_尊経閣文庫_康永本	616	336	松	松	甘松	甘松			2		〔朱〕平	平平							106-02	
40-016-03	新猿楽記_尊経閣文庫_康永本	617	337	薫	薫	薫陸	薫陸			1		〔朱〕去	去入		＊ロク					106-02	
40-016-03	新猿楽記_尊経閣文庫_康永本	618	337	陸	陸	薫陸	薫陸			2		〔朱〕入	去入	〔墨〕ロク	＊ロク					106-02	
40-016-03	新猿楽記_尊経閣文庫_康永本	619	338	青	青	青木	青木			1		〔朱〕去	去入							106-02	
40-016-03	新猿楽記_尊経閣文庫_康永本	620	338	木	木	青木	青木			2		〔朱〕入	去入							106-02	
40-016-03	新猿楽記_尊経閣文庫_康永本	621	339	龍	龍	龍腦	龍脳			1		〔朱〕去	去平		＊ナウ					106-03	
40-016-03	新猿楽記_尊経閣文庫_康永本	622	339	腦	脳	龍腦	龍脳			2		〔朱〕平	去平	〔墨〕ナウ	＊ナウ					106-03	
40-016-03	新猿楽記_尊経閣文庫_康永本	623	340	牛	牛	牛頭	牛頭			1		〔朱〕去濁	去濁上濁							106-03	
40-016-03	新猿楽記_尊経閣文庫_康永本	624	340	頭	頭	牛頭	牛頭			2		〔朱〕上濁	去濁上濁							106-03	
40-016-03	新猿楽記_尊経閣文庫_康永本	625	341	鷄	鶏	鷄舌	鶏舌			1		〔朱〕平	平入濁	〔墨〕ケイ	ケイ＊					106-03	
40-016-03	新猿楽記_尊経閣文庫_康永本	626	341	舌	舌	鷄舌	鶏舌			2		〔朱〕入濁	平入濁		ケイ＊					106-03	
40-016-03	新猿楽記_尊経閣文庫_康永本	627	342	白	白	白檀	白檀			1		〔朱〕入濁	入濁平濁							106-03	
40-016-03	新猿楽記_尊経閣文庫_康永本	628	342	檀	檀	白檀	白檀			2		〔朱〕平濁	入濁平濁							106-03	
40-016-03	新猿楽記_尊経閣文庫_康永本	629	343	紫	紫	紫檀	紫檀			1		〔朱〕上	上平							106-03	
40-016-03	新猿楽記_尊経閣文庫_康永本	630	343	檀	檀	紫檀	紫檀			2		〔朱〕平	上平							106-03	
40-016-03	新猿楽記_尊経閣文庫_康永本	631	344	蘇	蘇	蘇芳	蘇芳			1		〔朱〕平	平上	〔墨〕ス	スハウ					106-03	
40-016-03	新猿楽記_尊経閣文庫_康永本	632	344	芳	芳	蘇芳	蘇芳			2		〔朱〕上	平上	〔墨〕ハウ	スハウ					106-03	
40-016-03	新猿楽記_尊経閣文庫_康永本	633	345	陶	陶	陶砂	陶砂			1		〔朱〕平濁	平濁平	〔墨〕タウ	タウサ					106-04	
40-016-03	新猿楽記_尊経閣文庫_康永本	634	345	砂	砂	陶砂	陶砂			2		〔朱〕平	平濁平	〔墨〕サ	タウサ					106-04	
40-016-03	新猿楽記_尊経閣文庫_康永本	635	346	紅	紅	紅雪	紅雪			1		〔朱〕平	平入	〔墨〕コウ	コウ＊					106-04	
40-016-03	新猿楽記_尊経閣文庫_康永本	636	346	雪	雪	紅雪	紅雪			2		〔朱〕入	平入		コウ＊					106-04	
40-016-03	新猿楽記_尊経閣文庫_康永本	637	347	紫	紫	紫雪	紫雪			1		〔朱〕上	上＊							106-04	
40-016-03	新猿楽記_尊経閣文庫_康永本	638	348	金	金	金液丹	金液丹			1		〔朱〕平	平入平		＊ヱキタン					106-04	
40-016-03	新猿楽記_尊経閣文庫_康永本	639	348	液	液	金液丹	金液丹			2		〔朱〕入	平入平	〔墨〕ヱキ	＊ヱキタン					106-04	
40-016-03	新猿楽記_尊経閣文庫_康永本	640	348	丹	丹	金液丹	金液丹			3		〔朱〕平	平入平	〔墨〕タン	＊ヱキタン					106-04	
40-016-03	新猿楽記_尊経閣文庫_康永本	641	349	銀	銀	銀液丹	銀液丹			1		〔朱〕平濁	平濁＊＊							106-04	
40-016-03	新猿楽記_尊経閣文庫_康永本	642	350	紫	紫	紫金膏	紫金膏			1		〔朱〕上	上平上		＊キンカウ					106-04	
40-016-03	新猿楽記_尊経閣文庫_康永本	643	350	金	金	紫金膏	紫金膏			2		〔朱〕平	上平上	〔墨〕キン	＊キンカウ					106-04	
40-016-03	新猿楽記_尊経閣文庫_康永本	644	350	膏	膏	紫金膏	紫金膏			3		〔朱〕上	上平上	〔墨〕カウ	＊キンカウ					106-04	
40-016-03	新猿楽記_尊経閣文庫_康永本	645	351	巴	巴	巴豆	巴豆			1		〔朱〕上	上上濁							106-05	
40-016-03	新猿楽記_尊経閣文庫_康永本	646	351	豆	豆	巴豆	巴豆			2		〔朱〕上濁	上上濁							106-05	
40-016-03	新猿楽記_尊経閣文庫_康永本	647	352	雄	雄	雄黄	雄黄			1		〔朱〕去	去上	〔墨〕ヲ	ヲワウ					106-05	
40-016-03	新猿楽記_尊経閣文庫_康永本	648	352	黄	黄	雄黄	雄黄			2		〔朱〕上	去上	〔墨〕ワウ	ヲワウ					106-05	
40-016-03	新猿楽記_尊経閣文庫_康永本	649	353	可	可	可梨勒	可梨勒			1		〔朱〕平	平上入							106-05	
40-016-03	新猿楽記_尊経閣文庫_康永本	650	353	梨	梨	可梨勒	可梨勒			2		〔朱〕上	平上入							106-05	
40-016-03	新猿楽記_尊経閣文庫_康永本	651	353	勒	勒	可梨勒	可梨勒			3		〔朱〕入	平上入							106-05	
40-016-03	新猿楽記_尊経閣文庫_康永本	652	354	檳	檳	檳榔子	檳榔子			1		〔朱〕平濁	平濁平濁平濁							106-05	
40-016-03	新猿楽記_尊経閣文庫_康永本	653	354	榔	榔	檳榔子	檳榔子			2		〔朱〕平濁	平濁平濁平濁							106-05	
40-016-03	新猿楽記_尊経閣文庫_康永本	654	354	子	子	檳榔子	檳榔子			3		〔朱〕平濁	平濁平濁平濁							106-05	
40-016-03	新猿楽記_尊経閣文庫_康永本	655	355	銅	銅	銅黄	銅黄			1		〔朱〕去濁	去濁上							106-05	
40-016-03	新猿楽記_尊経閣文庫_康永本	656	355	黄	黄	銅黄	銅黄			2		〔朱〕上	去濁上							106-05	
40-016-03	新猿楽記_尊経閣文庫_康永本	657	356	紺	紺	紺青	紺青			1		〔朱〕去	去上濁	〔墨〕コン	コンシヤウ					106-05	
40-016-03	新猿楽記_尊経閣文庫_康永本	658	356	青	青	紺青	紺青			2		〔朱〕上濁	去上濁	〔墨〕シヤウ	コンシヤウ					106-05	
40-016-03	新猿楽記_尊経閣文庫_康永本	659	357	燕	燕	燕紫	燕紫			1		〔朱〕平	平平濁	〔墨〕ヱン	ヱンシ					106-06	
40-016-03	新猿楽記_尊経閣文庫_康永本	660	357	紫	紫	燕紫	燕紫			2		〔朱〕平濁	平平濁	〔墨〕シ	ヱンシ					106-06	
40-016-03	新猿楽記_尊経閣文庫_康永本	661	358	緑	緑	緑青	緑青			1		〔朱〕入	入上							106-06	
40-016-03	新猿楽記_尊経閣文庫_康永本	662	358	青	青	緑青	緑青			2		〔朱〕上	入上							106-06	
40-016-03	新猿楽記_尊経閣文庫_康永本	663	359	空	空	空青	空青			1		〔朱〕去	去上	〔墨〕クウ	クウシヤウ					106-06	
40-016-03	新猿楽記_尊経閣文庫_康永本	664	359	青	青	空青	空青			2		〔朱〕上	去上	〔墨〕シヤウ	クウシヤウ					106-06	
40-016-03	新猿楽記_尊経閣文庫_康永本	665	360	丹	丹	丹	丹			1		〔朱〕去	去	〔墨〕タン	タン					106-06	
40-016-03	新猿楽記_尊経閣文庫_康永本	666	361	朱	朱	朱砂	朱砂			1		〔朱〕上	上上	〔墨〕シユ	シユシヤ					106-06	
40-016-03	新猿楽記_尊経閣文庫_康永本	667	361	砂	砂	朱砂	朱砂			2		〔朱〕上	上上	〔墨〕シヤ	シユシヤ					106-06	
40-016-03	新猿楽記_尊経閣文庫_康永本	668	362	胡	胡	胡粉	胡粉			1		〔朱〕上濁	上濁上	〔墨〕コ	コフン					106-06	
40-016-03	新猿楽記_尊経閣文庫_康永本	669	362	粉	粉	胡粉	胡粉			2		〔朱〕上	上濁上	〔墨〕フン	コフン					106-06	
40-016-03	新猿楽記_尊経閣文庫_康永本	670	363	豹	豹	豹	豹			1		〔朱〕去	去	〔墨〕ヘウ	ヘウ					106-06	
40-016-03	新猿楽記_尊経閣文庫_康永本	671	364	籐	籐	籐	籐			1		〔朱〕去	去							106-07	
40-016-03	新猿楽記_尊経閣文庫_康永本	672	365	茶	茶	茶碗	茶碗			1		〔朱〕平	平上		＊ワン					106-07	
40-016-03	新猿楽記_尊経閣文庫_康永本	673	365	碗	碗	茶碗	茶碗			2		〔朱〕上	平上	〔墨〕ワン	＊ワン					106-07	
40-016-03	新猿楽記_尊経閣文庫_康永本	674	366	籠	籠	籠子	籠子			1		〔朱〕平	平平	〔墨〕ロウ	ロウシ					106-07	ロウ虫損
40-016-03	新猿楽記_尊経閣文庫_康永本	675	366	子	子	籠子	籠子			2		〔朱〕平	平平	〔墨〕シ	ロウシ					106-07	ロウ虫損
40-016-03	新猿楽記_尊経閣文庫_康永本	676	367	犀	犀	犀	犀			1		〔朱〕去	去	〔墨〕サイ	サイ（ノイキツノ）					106-07	
40-016-03	新猿楽記_尊経閣文庫_康永本	677	368	水	水	水牛	水牛			1		〔朱〕平	平平濁		＊キウ					106-07	
40-016-03	新猿楽記_尊経閣文庫_康永本	678	368	牛	牛	水牛	水牛			2		〔朱〕平濁	平平濁	〔墨〕キウ	＊キウ					106-07	
40-016-03	新猿楽記_尊経閣文庫_康永本	679	369	馬	馬	馬腦	馬脳			1		〔朱〕平	平平							106-07	
40-016-03	新猿楽記_尊経閣文庫_康永本	680	369	腦	脳	馬腦	馬脳			2		〔朱〕平	平平							106-07	
40-016-03	新猿楽記_尊経閣文庫_康永本	681	370	象	象	象眼	象眼			1		〔朱〕去	去上濁	〔墨〕シヤウ／サウ	シヤウカン／サウカン					106-08	
40-016-03	新猿楽記_尊経閣文庫_康永本	682	370	眼	眼	象眼	象眼			2		〔朱〕上濁	去上濁	〔墨〕カン	シヤウカン／サウカン					106-08	
40-016-03	新猿楽記_尊経閣文庫_康永本	683	371	繧	繧	繧繝	繧繝			1		〔朱〕平	平平濁	〔墨〕ウン	ウンケン					106-08	
40-016-03	新猿楽記_尊経閣文庫_康永本	684	371	繝	繝	繧繝	繧繝			2		〔朱〕平濁	平平濁	〔墨〕ケン	ウンケン					106-08	
40-016-03	新猿楽記_尊経閣文庫_康永本	685	372	高	高	高麗	高麗			1		〔朱〕去	去平		＊ライ					106-08	
40-016-03	新猿楽記_尊経閣文庫_康永本	686	372	麗	麗	高麗	高麗			2		〔朱〕平	去平	〔墨〕ライ	＊ライ					106-08	
40-016-03	新猿楽記_尊経閣文庫_康永本	687	373	軟	軟	軟錦	軟錦			1		〔朱〕上濁	上濁上濁	〔墨〕セン	セン＊					106-09	汚損
40-016-03	新猿楽記_尊経閣文庫_康永本	688	373	錦	錦	軟錦	軟錦			2		〔朱〕上濁	上濁上濁		セン＊					106-09	汚損
40-016-03	新猿楽記_尊経閣文庫_康永本	689	374	東	東	東涼錦	東涼錦			1		〔朱〕平	平平上濁		＊キン					106-09	異本注記による仮名注
40-016-03	新猿楽記_尊経閣文庫_康永本	690	374	涼	涼	東涼錦	東涼錦			2		〔朱〕平	平平上濁		＊キン					106-09	異本注記による仮名注
40-016-03	新猿楽記_尊経閣文庫_康永本	691	374	錦	錦	東涼錦	東涼錦			3		〔朱〕上濁	平平上濁	〔墨〕キン	＊キン					106-09	異本注記による仮名注
40-016-03	新猿楽記_尊経閣文庫_康永本	692	375	浮	浮	浮線綾	浮線綾			1		〔朱〕平	平平平							106-09	
40-016-03	新猿楽記_尊経閣文庫_康永本	693	375	線	線	浮線綾	浮線綾			2		〔朱〕平	平平平							106-09	
40-016-03	新猿楽記_尊経閣文庫_康永本	694	375	綾	綾	浮線綾	浮線綾			3		〔朱〕平	平平平							106-09	
40-016-03	新猿楽記_尊経閣文庫_康永本	695	376	纐	纐	纐纈	纐纈			1		〔朱〕平	平入	〔墨〕カウ	カウケツ					106-12	
40-016-03	新猿楽記_尊経閣文庫_康永本	696	376	纈	纈	纐纈	纐纈			2		〔朱〕入	平入	〔墨〕ケツ	カウケツ					106-12	
40-016-03	新猿楽記_尊経閣文庫_康永本	697	377	雅	雅	雅樂寮	雅楽寮			1		〔朱〕去濁	去濁入濁上	〔墨〕カ	カカクリョウ					107-04	
40-016-03	新猿楽記_尊経閣文庫_康永本	698	377	樂	楽	雅樂寮	雅楽寮			2		〔朱〕入濁	去濁入濁上	〔墨〕カク	カカクリョウ					107-04	
40-016-03	新猿楽記_尊経閣文庫_康永本	699	377	寮	寮	雅樂寮	雅楽寮			3		〔朱〕上	去濁入濁上	〔墨〕リョウ	カカクリョウ					107-04	
40-016-03	新猿楽記_尊経閣文庫_康永本	700	378	高	高	高麗	高麗			1		〔朱〕去	去平							107-04	
40-016-03	新猿楽記_尊経閣文庫_康永本	701	378	麗	麗	高麗	高麗			2		〔朱〕平	去平							107-04	
40-016-03	新猿楽記_尊経閣文庫_康永本	702	379	大	大	大唐	大唐			1		〔朱〕去	去平							107-05	
40-016-03	新猿楽記_尊経閣文庫_康永本	703	379	唐	唐	大唐	大唐			2		〔朱〕平	去平							107-05	
40-016-03	新猿楽記_尊経閣文庫_康永本	704	380	新	新	新羅	新羅			1		〔朱〕去	去上							107-05	
40-016-03	新猿楽記_尊経閣文庫_康永本	705	380	羅	羅	新羅	新羅			2		〔朱〕上	去上							107-05	
40-016-03	新猿楽記_尊経閣文庫_康永本	706	381	舞	舞	舞樂	舞楽			1		〔朱〕上濁	上濁入濁							107-05	
40-016-03	新猿楽記_尊経閣文庫_康永本	707	381	樂	楽	舞樂	舞楽			2		〔朱〕入濁	上濁入濁							107-05	
40-016-03	新猿楽記_尊経閣文庫_康永本	708	382	笙	笙	笙	笙			1		〔朱〕去	去							107-06	
40-016-03	新猿楽記_尊経閣文庫_康永本	709	383	篳	篳	篳篥	篳篥			1		〔朱〕入	入入							107-06	
40-016-03	新猿楽記_尊経閣文庫_康永本	710	383	篥	篥	篳篥	篳篥			2		〔朱〕入	入入							107-06	
40-016-03	新猿楽記_尊経閣文庫_康永本	711	384	簫	簫	簫	簫			1		〔朱〕去	去	〔墨〕セウ	セウ					107-06	
40-016-03	新猿楽記_尊経閣文庫_康永本	712	385	太	太	太鼓	太鼓			1		〔朱〕去	去上		＊コ					107-06	
40-016-03	新猿楽記_尊経閣文庫_康永本	713	385	鼓	鼓	太鼓	太鼓			2		〔朱〕上	去上	〔墨〕コ	＊コ					107-06	
40-016-03	新猿楽記_尊経閣文庫_康永本	714	386	鞨	鞨	鞨鼓	鞨鼓			1		〔朱〕入	入＊	〔墨〕カツ	カツ＊					107-07	鼓に声点か？
40-016-03	新猿楽記_尊経閣文庫_康永本	715	387	非	非	鼓非鼓	鼓非鼓			2		〔朱〕上	＊上＊							107-07	鼓に声点か？
40-016-03	新猿楽記_尊経閣文庫_康永本	716	388	鉦	鉦	鉦鼓	鉦鼓			1		〔朱〕平	平上濁	〔墨〕シヤウ	シヤウコ					107-07	
40-016-03	新猿楽記_尊経閣文庫_康永本	717	388	鼓	鼓	鉦鼓	鉦鼓			2		〔朱〕上濁	平上濁	〔墨〕コ	シヤウコ					107-07	
40-016-03	新猿楽記_尊経閣文庫_康永本	718	389	調	調	調子	調子			1		〔朱〕平	平平							107-08	
40-016-03	新猿楽記_尊経閣文庫_康永本	719	389	子	子	調子	調子			2		〔朱〕平	平平							107-08	
40-016-03	新猿楽記_尊経閣文庫_康永本	720	390	雙	雙	雙調	雙調			1		〔朱〕平	平平濁	〔墨〕ソウ	ソウテウ					107-08	
40-016-03	新猿楽記_尊経閣文庫_康永本	721	390	調	調	雙調	雙調			2		〔朱〕平濁	平平濁	〔墨〕テウ	ソウテウ					107-08	
40-016-03	新猿楽記_尊経閣文庫_康永本	722	391	平	平	平調	平調			1		〔朱〕平	平＊	〔墨〕ヒヤウ	ヒヤウ＊					107-08	
40-016-03	新猿楽記_尊経閣文庫_康永本	723	392	盤	盤	盤渉調	盤渉調			1		〔朱〕去濁	去濁入濁＊							107-08	
40-016-03	新猿楽記_尊経閣文庫_康永本	724	392	渉	渉	盤渉調	盤渉調			2		〔朱〕入濁	去濁入濁＊							107-08	
40-016-03	新猿楽記_尊経閣文庫_康永本	725	393	黄	黄	黄鐘調	黄鐘調			1		〔朱〕去濁	去濁入＊	〔墨〕ワウ	ワウシキ＊					107-09	
40-016-03	新猿楽記_尊経閣文庫_康永本	726	393	鐘	鐘	黄鐘調	黄鐘調			2		〔朱〕入	去濁入＊	〔墨〕シキ	ワウシキ＊					107-09	
40-016-03	新猿楽記_尊経閣文庫_康永本	727	394	大	大	大食調	大食調			1		〔朱〕去	去入＊		＊シキ＊					107-09	
40-016-03	新猿楽記_尊経閣文庫_康永本	728	394	食	食	大食調	大食調			2		〔朱〕入	去入＊	〔墨〕シキ	＊シキ＊					107-09	
40-016-03	新猿楽記_尊経閣文庫_康永本	729	395	壹	壹	壹越調	壹越調			1		〔朱〕入	入入＊		＊コツ＊					107-09	
40-016-03	新猿楽記_尊経閣文庫_康永本	730	395	越	越	壹越調	壹越調			2		〔朱〕入	入入＊	〔墨〕コツ	＊コツ＊					107-09	
40-016-03	新猿楽記_尊経閣文庫_康永本	731	396	陵	陵	陵王	陵王			1		〔朱〕平	平平							107-10	
40-016-03	新猿楽記_尊経閣文庫_康永本	732	396	王	王	陵王	陵王			2		〔朱〕平	平平							107-10	
40-016-03	新猿楽記_尊経閣文庫_康永本	733	397	散	散	散手	散手			1		〔朱〕平	平平濁							107-10	
40-016-03	新猿楽記_尊経閣文庫_康永本	734	397	手	手	散手	散手			2		〔朱〕平濁	平平濁							107-10	
40-016-03	新猿楽記_尊経閣文庫_康永本	735	398	延	延	延喜樂	延喜楽			1		〔朱〕平	平平濁入							107-10	
40-016-03	新猿楽記_尊経閣文庫_康永本	736	398	喜	喜	延喜樂	延喜楽			2		〔朱〕平濁	平平濁入							107-10	
40-016-03	新猿楽記_尊経閣文庫_康永本	737	398	樂	楽	延喜樂	延喜楽			3		〔朱〕入	平平濁入							107-10	
40-016-03	新猿楽記_尊経閣文庫_康永本	738	399	皇	皇	皇_	皇_			1		〔朱〕平	平去濁							107-10	
40-016-03	新猿楽記_尊経閣文庫_康永本	739	399	_	_	皇_	皇_			2		〔朱〕去濁	平去濁							107-10	
40-016-03	新猿楽記_尊経閣文庫_康永本	740	400	甘	甘	甘州	甘州			1		〔朱〕上	上平	〔墨〕ワウ	ワウシヤウ					107-10	？
40-016-03	新猿楽記_尊経閣文庫_康永本	741	400	州	州	甘州	甘州			2		〔朱〕平	上平	〔墨〕シヤウ	ワウシヤウ					107-10	？
40-016-03	新猿楽記_尊経閣文庫_康永本	742	401	萬	万	萬歳樂	万歳楽			1		〔朱〕平	平平濁入							107-10	
40-016-03	新猿楽記_尊経閣文庫_康永本	743	401	歳	歳	萬歳樂	万歳楽			2		〔朱〕平濁	平平濁入							107-10	
40-016-03	新猿楽記_尊経閣文庫_康永本	744	401	樂	楽	萬歳樂	万歳楽			3		〔朱〕入	平平濁入							107-10	
40-016-03	新猿楽記_尊経閣文庫_康永本	745	402	想	想	想夫戀	想夫戀			1		〔朱〕平	平平濁去							107-11	体系変化？
40-016-03	新猿楽記_尊経閣文庫_康永本	746	402	夫	夫	想夫戀	想夫戀			2		〔朱〕平濁	平平濁去							107-11	体系変化？
40-016-03	新猿楽記_尊経閣文庫_康永本	747	402	戀	戀	想夫戀	想夫戀			3		〔朱〕去	平平濁去							107-11	体系変化？
40-016-03	新猿楽記_尊経閣文庫_康永本	748	403	青	青	青海波	青海波			1		〔朱〕平	平平濁上							107-11	
40-016-03	新猿楽記_尊経閣文庫_康永本	749	403	海	海	青海波	青海波			2		〔朱〕平濁	平平濁上							107-11	
40-016-03	新猿楽記_尊経閣文庫_康永本	750	403	波	波	青海波	青海波			3		〔朱〕上	平平濁上							107-11	
40-016-03	新猿楽記_尊経閣文庫_康永本	751	404	壹	壹	壹徳鹽	壹徳塩			1		〔朱〕入	入入平	〔墨〕イツ	イツトクヱン					107-11	
40-016-03	新猿楽記_尊経閣文庫_康永本	752	404	徳	徳	壹徳鹽	壹徳塩			2		〔朱〕入	入入平	〔墨〕トク	イツトクヱン					107-11	
40-016-03	新猿楽記_尊経閣文庫_康永本	753	404	鹽	塩	壹徳鹽	壹徳塩			3		〔朱〕平	入入平	〔墨〕ヱン	イツトクヱン					107-11	
40-016-03	新猿楽記_尊経閣文庫_康永本	754	405	安	安	安樂鹽	安楽塩			1		〔朱〕去	去入＊		＊＊エン					107-11	
40-016-03	新猿楽記_尊経閣文庫_康永本	755	405	樂	楽	安樂鹽	安楽塩			2		〔朱〕入	去入＊		＊＊エン					107-11	
40-016-03	新猿楽記_尊経閣文庫_康永本	756	406	蘇	蘇	蘇合	蘇合			1		〔朱〕平	平＊							107-11	
40-016-03	新猿楽記_尊経閣文庫_康永本	757	407	弄	弄	弄槍	弄槍			1		〔朱〕去	去平濁	ロウ	ロウサウ					107-12	
40-016-03	新猿楽記_尊経閣文庫_康永本	758	407	槍	槍	弄槍	弄槍			2		〔朱〕平濁	去平濁	サウ	ロウサウ					107-12	
40-016-03	新猿楽記_尊経閣文庫_康永本	759	408	五	五	五常樂	五常楽			1		〔朱〕平濁	平濁平入							107-12	
40-016-03	新猿楽記_尊経閣文庫_康永本	760	408	常	常	五常樂	五常楽			2		〔朱〕平	平濁平入							107-12	
40-016-03	新猿楽記_尊経閣文庫_康永本	761	408	樂	楽	五常樂	五常楽			3		〔朱〕入	平濁平入							107-12	
40-016-03	新猿楽記_尊経閣文庫_康永本	762	409	地	地	地久	地久			1		〔朱〕平	平平							107-12	
40-016-03	新猿楽記_尊経閣文庫_康永本	763	409	久	久	地久	地久			2		〔朱〕平	平平							107-12	
40-016-03	新猿楽記_尊経閣文庫_康永本	764	410	納	納	納曾利	納曽利			1		〔朱〕入	入平平							107-12	
40-016-03	新猿楽記_尊経閣文庫_康永本	765	410	曾	曽	納曾利	納曽利			2		〔朱〕平	入平平							107-12	
40-016-03	新猿楽記_尊経閣文庫_康永本	766	410	利	利	納曾利	納曽利			3		〔朱〕平	入平平							107-12	
40-016-03	新猿楽記_尊経閣文庫_康永本	767	411	覩	覩	覩曾	覩曾			1		〔朱〕平	平上	〔墨〕ト	トソ					107-12	
40-016-03	新猿楽記_尊経閣文庫_康永本	768	411	曾	曾	覩曾	覩曾			2		〔朱〕上	平上	〔墨〕ソ	トソ					107-12	
40-016-03	新猿楽記_尊経閣文庫_康永本	769	412	胡	胡	胡飲酒	胡飲酒			1		〔朱〕／〔墨〕平	／平去上濁／平平上濁／＊去＊		＊イン＊					107-13	
40-016-03	新猿楽記_尊経閣文庫_康永本	770	412	飲	飲	胡飲酒	胡飲酒			2		〔朱〕／〔墨〕去／平／〔墨〕去	／平去上濁／平平上濁／＊去＊	〔墨〕イン	＊イン＊					107-13	
40-016-03	新猿楽記_尊経閣文庫_康永本	771	412	酒	酒	胡飲酒	胡飲酒			3		〔朱〕／〔墨〕上濁／上濁	／平去上濁／平平上濁／＊去＊		＊イン＊					107-13	
40-016-03	新猿楽記_尊経閣文庫_康永本	772	413	崑	崑	崑崙	崑崙			1		〔朱〕平／去	平平／去平	〔墨〕コン	コンロン					107-13	
40-016-03	新猿楽記_尊経閣文庫_康永本	773	413	崙	崙	崑崙	崑崙			2		〔朱〕平	平平／去平	〔墨〕ロン	コンロン					107-13	
40-016-03	新猿楽記_尊経閣文庫_康永本	774	414	嶽	岳	叡嶽	叡岳			2		〔朱〕入濁	＊入濁		ヱイ＊					107-14	第一字？