資料番号	資料名	資料内漢字番号	資料内漢語番号	単字_見出し	単字_出現形	漢語_見出し	漢語_出現形	漢語_alphabet	語種	漢語内位置	単字長	声点	声点型	仮名注	仮名型	反切	類音	節博士	その他	出現位置	備考	読み
20-043-01	大東急記念文庫_金光明最勝王経音義	1	1	方	〔B〕方	方	方			1		去	去	ハン	ハン					02a5		ハウ
20-043-01	大東急記念文庫_金光明最勝王経音義	2	2	房	〔B〕房	房	房			1		去濁	去濁	婆ン	婆ン					02a5		バウ
20-043-01	大東急記念文庫_金光明最勝王経音義	3	3	經	〔B〕經	經	經			1		去	去	キやン	キやン					02a5		キヤウ
20-043-01	大東急記念文庫_金光明最勝王経音義	4	4	形	〔B〕形	形	形			1		去濁	去濁	義やン	義やン					02a5		ギヤウ
20-043-01	大東急記念文庫_金光明最勝王経音義	5	5	東	〔B〕東	東	東			1		去	去	止ン	止ン					02a5		トウ
20-043-01	大東急記念文庫_金光明最勝王経音義	6	6	童	〔B〕童	童	童			1		去濁	去濁	土ン	土ン					02a5		ドウ
20-043-01	大東急記念文庫_金光明最勝王経音義	7	7	_	〔B〕_	_	_			1		去	去	ソン	ソン					02a6		ソウ
20-043-01	大東急記念文庫_金光明最勝王経音義	8	8	_	〔B〕_	_	_			1		去	去	_ン	_ン					02a6		ゾウ
20-043-01	大東急記念文庫_金光明最勝王経音義	9	9	稱	〔B〕稱	稱	稱			1		去	去	シヨン	シヨン					02a6		シヨウ
20-043-01	大東急記念文庫_金光明最勝王経音義	10	10	乘	〔B〕乗	乘	乗			1		去濁	去濁	自ヨン	自ヨン					02a6		ジヨウ
20-043-01	大東急記念文庫_金光明最勝王経音義	11	11	當	〔B〕當	當	當			1		去	去	タン	タン					02a6		タウ
20-043-01	大東急記念文庫_金光明最勝王経音義	12	12	堂	〔B〕堂	堂	堂			1		去濁	去濁	堕ン	堕ン					02a6		ダウ
20-043-01	大東急記念文庫_金光明最勝王経音義	13	13	空	〔B〕空	空	空			1		去	去	クン	クン					02a7		クウ
20-043-01	大東急記念文庫_金光明最勝王経音義	14	14	窮	〔B〕窮	窮	窮			1		去濁	去濁	具ン	具ン					02a7		グウ
20-043-01	大東急記念文庫_金光明最勝王経音義	15	15	中	〔B〕中	中	中			1		去	去	チン	チン					02a7		チウ
20-043-01	大東急記念文庫_金光明最勝王経音義	16	16	重	〔B〕重	重	重			1		去濁	去濁	地ン	地ン					02a7		ヂウ
20-043-01	大東急記念文庫_金光明最勝王経音義	17	17	香	〔B〕香	香	香			1		去	去	カン	カン					02a7		カウ
20-043-01	大東急記念文庫_金光明最勝王経音義	18	18	恆	〔B〕恒	恆	恒			1		去濁	去濁	我ン	我ン					02a7		ガウ
20-043-01	大東急記念文庫_金光明最勝王経音義	19	19	仙	〔B〕仙	仙	仙			1		平	平	セ〉	セ〉					02b1		セン
20-043-01	大東急記念文庫_金光明最勝王経音義	20	20	善	〔B〕善	善	善			1		平濁	平濁	是〉	是〉					02b1		ゼン
20-043-01	大東急記念文庫_金光明最勝王経音義	21	21	見	〔B〕見	見	見			1		平	平	介〉	介〉					02b1		ゲム
20-043-01	大東急記念文庫_金光明最勝王経音義	22	22	現	〔B〕現	現	現			1		平濁	平濁	下〉	下〉					02b1		ゲン
20-043-01	大東急記念文庫_金光明最勝王経音義	23	23	返	〔B〕返	返	返			1		平	平	ヘ〉	ヘ〉					02b1		ヘン
20-043-01	大東急記念文庫_金光明最勝王経音義	24	24	辯	〔B〕辯	辯	辯			1		平濁	平濁	倍〉	倍〉					02b1		ベン
20-043-01	大東急記念文庫_金光明最勝王経音義	25	25	天	〔B〕天	天	天			1		去	去	テ〉	テ〉					02b2		テン
20-043-01	大東急記念文庫_金光明最勝王経音義	26	26	傳	〔B〕傳	傳	傳			1		去濁	去濁	弟〉	弟〉					02b2		デン
20-043-01	大東急記念文庫_金光明最勝王経音義	27	27	根	〔B〕根	根	根			1		去	去	コ〉	コ〉					02b2		コン
20-043-01	大東急記念文庫_金光明最勝王経音義	28	28	言	〔B〕言	言	言			1		去濁	去濁	五〉	五〉					02b2		ゴン
20-043-01	大東急記念文庫_金光明最勝王経音義	29	29	眞	〔B〕眞	眞	眞			1		去	去	シ〉	シ〉					02b2		シン
20-043-01	大東急記念文庫_金光明最勝王経音義	30	30	神	〔B〕神	神	神			1		去濁	去濁	事〉	事〉					02b2		ジン
20-043-01	大東急記念文庫_金光明最勝王経音義	31	31	引	〔B〕引	引	引			1		平	平	イ〉	イ〉					02b3		イン
20-043-01	大東急記念文庫_金光明最勝王経音義	32	32	論	〔B〕論	論	論			1		平	平	呂〉	呂〉					02b3		ロン
20-043-01	大東急記念文庫_金光明最勝王経音義	33	33	本	〔B〕本	本	本			1		平	平	ホ〉	ホ〉					02b3		ホン
20-043-01	大東急記念文庫_金光明最勝王経音義	34	34	半	〔B〕半	半	半			1		平	平	ハ〉	ハ〉					02b3		ハン
20-043-01	大東急記念文庫_金光明最勝王経音義	35	35	文	〔B〕文	文	文			1		去	去	モ〉	モ〉					02b3		モン
20-043-01	大東急記念文庫_金光明最勝王経音義	36	36	擔	〔A〕擔	擔	擔			1		平	平			堕牟反				03a3		ダム
20-043-01	大東急記念文庫_金光明最勝王経音義	37	37	濕	〔A〕濕	濕	濕			1		入	入				集音			03a3	又作濕又作濕　同字作等也	シフ
20-043-01	大東急記念文庫_金光明最勝王経音義	38	38	_	〔A〕_	_	_			1		平	平				苻音			03a4		フ
20-043-01	大東急記念文庫_金光明最勝王経音義	39	39	闡	〔A〕闡	闡	闡			1		平	平				仙音			03a4		セン
20-043-01	大東急記念文庫_金光明最勝王経音義	40	40	般	〔A〕般	般	般			1		入	入				鉢音			03a4		ハツ
20-043-01	大東急記念文庫_金光明最勝王経音義	41	41	逾	〔A〕逾	逾	逾			1		平	平				喩音			03a4	又作踰	ユ
20-043-01	大東急記念文庫_金光明最勝王経音義	42	42	紹	〔A〕紹	紹	紹			1		去	去				照音			03a5		セウ
20-043-01	大東急記念文庫_金光明最勝王経音義	43	43	__	〔A〕__	__	__			1						衣伊反				03a5	又作__	エイ
20-043-01	大東急記念文庫_金光明最勝王経音義	44	44	__	〔A〕__	__	__			1		去	去			衣伊反				03a5		エイ
20-043-01	大東急記念文庫_金光明最勝王経音義	45	45	_	〔A〕_	_	_			1		去	去				迦音			03a5		カ
20-043-01	大東急記念文庫_金光明最勝王経音義	46	46	荼	〔A〕荼	荼	荼			1		上	上				_音			03a5	又作荼	ダ
20-043-01	大東急記念文庫_金光明最勝王経音義	47	47	_	〔A〕_	_	_			1		平	平				四音			03a5		シ
20-043-01	大東急記念文庫_金光明最勝王経音義	48	48	_	〔A〕_	_	_			1		平	平			比〉反				03a5		ヒン
20-043-01	大東急記念文庫_金光明最勝王経音義	49	49	呑	〔A〕呑	呑	呑			1		平	平			土〉反				03a6		ドン
20-043-01	大東急記念文庫_金光明最勝王経音義	50	50	蠱	〔A〕蠱	蠱	蠱			1		去	去				居音			03a6		コ
20-043-01	大東急記念文庫_金光明最勝王経音義	51	51	侵	〔A〕侵	侵	侵			1		平	平			志牟反				03a6		シム
20-043-01	大東急記念文庫_金光明最勝王経音義	52	52	髻	〔A〕髻	髻	髻			1		平	平				計音			03a6		ケ
20-043-01	大東急記念文庫_金光明最勝王経音義	53	53	擁	〔A〕擁	擁	擁			1		去	去				應音			03a6		オウ
20-043-01	大東急記念文庫_金光明最勝王経音義	54	54	衞	〔A〕衞	衞	衞			1		平	平				會_			03b1		ヱ
20-043-01	大東急記念文庫_金光明最勝王経音義	55	55	鮮	〔A〕鮮	鮮	鮮			1		平	平				仙_			03b1		セン
20-043-01	大東急記念文庫_金光明最勝王経音義	56	56	潔	〔A〕潔	潔	潔			1		入	入				結_			03b1		ケツ
20-043-01	大東急記念文庫_金光明最勝王経音義	57	57	博	〔A〕博	博	博			1		入	入			八久反				03b1		ハク
20-043-01	大東急記念文庫_金光明最勝王経音義	58	58	注	〔A〕注	注	注			1		平	平				主_			03b2		シユ
20-043-01	大東急記念文庫_金光明最勝王経音義	59	59	注	〔A〕注	注	注			1							此字又有虫音			03b2		チウ
20-043-01	大東急記念文庫_金光明最勝王経音義	60	60	促	〔A〕促	促	促			1		入	入				足_			03b3		ソク
20-043-01	大東急記念文庫_金光明最勝王経音義	61	61	芬	〔A〕芬	芬	芬			1		去	去			布〉反				03b3		フン
20-043-01	大東急記念文庫_金光明最勝王経音義	62	62	馥	〔A〕馥	馥	馥			1		入	入				福_			03b3		フク
20-043-01	大東急記念文庫_金光明最勝王経音義	63	63	奏	〔A〕奏	奏	奏			1		平				曽宇反				03b3		ソウ
20-043-01	大東急記念文庫_金光明最勝王経音義	64	64	聾	〔A〕聾	聾	聾			1		平	平				龍_			03b3		リヨウ
20-043-01	大東急記念文庫_金光明最勝王経音義	65	65	_	〔A〕_	_	_			1		平	平				阿_			03b4		ア
20-043-01	大東急記念文庫_金光明最勝王経音義	66	66	_	〔A〕_	_	_			1		去	去			天伊反				03b4		テイ
20-043-01	大東急記念文庫_金光明最勝王経音義	67	67	_	〔C〕_	_	_			1				ルイ六	ルイ六					03b4		ルイ
20-043-01	大東急記念文庫_金光明最勝王経音義	68	68	析	〔A〕析	析	析			1		入	入				尺_			03b4		シヤク
20-043-01	大東急記念文庫_金光明最勝王経音義	69	69	_	〔A〕_	_	_			1		入	入				尺_			03b4		シヤク
20-043-01	大東急記念文庫_金光明最勝王経音義	70	70	函	〔A〕函	函	函			1		平	平			可牟反				03b4		カム
20-043-01	大東急記念文庫_金光明最勝王経音義	71	71	_	〔A〕_	_	_			1		入	入				結_			03b5		ケツ
20-043-01	大東急記念文庫_金光明最勝王経音義	72	72	菴	〔A〕菴	菴	菴			1		平	平			阿牟反				03b5		アム
20-043-01	大東急記念文庫_金光明最勝王経音義	73	73	織	〔A〕織	織	織			1		入	入				色_			03b5		シキ
20-043-01	大東急記念文庫_金光明最勝王経音義	74	74	蚊	〔A〕蚊	蚊	蚊			1		去	去				文_			03b5		モン
20-043-01	大東急記念文庫_金光明最勝王経音義	75	75	_	〔A〕_	_	_			1		上	上				亡_			03b5		マウ
20-043-01	大東急記念文庫_金光明最勝王経音義	76	76	搖	〔A〕搖	搖	搖			1		去	去			衣宇反				03b6		エウ
20-043-01	大東急記念文庫_金光明最勝王経音義	77	77	蛭	〔A〕蛭	蛭	蛭			1		入	入				七音			03b6		シチ
20-043-01	大東急記念文庫_金光明最勝王経音義	78	78	蠱	〔A〕蠱	蠱	蠱			1		平	平				虫_			03b6		チウ
20-043-01	大東急記念文庫_金光明最勝王経音義	79	79	齒	〔A〕齒	齒	齒			1							子_			03b6		シ
20-043-01	大東急記念文庫_金光明最勝王経音義	80	80	鋒	〔A〕鋒	鋒	鋒			1		平	平				豐_			04a1	又作_	ブウ
20-043-01	大東急記念文庫_金光明最勝王経音義	81	81	梯	〔A〕梯	梯	梯			1		去	去			天伊反				04a1		テイ
20-043-01	大東急記念文庫_金光明最勝王経音義	82	82	_	〔A〕_	_	_			1		平	平			□（トウ反？）				04a1		トウ
20-043-01	大東急記念文庫_金光明最勝王経音義	83	83	蠅	〔A〕蠅	蠅	蠅			1		平	平				用_			04a2		ユウ
20-043-01	大東急記念文庫_金光明最勝王経音義	84	84	蠅	〔C〕蠅	蠅	蠅			1				シヨウ六	シヨウ六					04a2		ジヨウ
20-043-01	大東急記念文庫_金光明最勝王経音義	85	85	醉	〔A〕酔	醉	酔			1		平	平			須伊反				04a2		スイ
20-043-01	大東急記念文庫_金光明最勝王経音義	86	86	驢	〔A〕驢	驢	驢			1		去	去				慮_			04a2		リヨ
20-043-01	大東急記念文庫_金光明最勝王経音義	87	87	脣	〔A〕脣	脣	脣			1		平	平				信_			04a2	又作【辰月】	シン
20-043-01	大東急記念文庫_金光明最勝王経音義	88	88	_	〔A〕_	_	_			1		去	去				九_			04a3		クウ
20-043-01	大東急記念文庫_金光明最勝王経音義	89	89	_	〔A〕_	_	_			1		上	上				留_			04a3		ル
20-043-01	大東急記念文庫_金光明最勝王経音義	90	90	傘	〔A〕傘	傘	傘			1		去	去				残_			04a3		ザン
20-043-01	大東急記念文庫_金光明最勝王経音義	91	91	鷦	〔A〕鷦	鷦	鷦			1		去	去				照_			04a4		セウ
20-043-01	大東急記念文庫_金光明最勝王経音義	92	92	鷯	〔A〕鷯	鷯	鷯			1		上	上				了_			04a4		レウ
20-043-01	大東急記念文庫_金光明最勝王経音義	93	93	舩	〔A〕舩	舩	舩			1		平	平				仙_			04a4		セン
20-043-01	大東急記念文庫_金光明最勝王経音義	94	94	舶	〔A〕舶	舶	舶			1		入	入				白_			04a4		ビヤク
20-043-01	大東急記念文庫_金光明最勝王経音義	95	95	陸	〔A〕陸	陸	陸			1							六_			04a4		ロク
20-043-01	大東急記念文庫_金光明最勝王経音義	96	96	_	〔A〕_	_	_			1		平	平				子_			04a5		シ
20-043-01	大東急記念文庫_金光明最勝王経音義	97	97	銜	〔A〕銜	銜	銜			1		平	平				含_			04a5		ガム
20-043-01	大東急記念文庫_金光明最勝王経音義	98	98	漂	〔A〕漂	漂	漂			1		去	去			ヘ宇反				04a5		ヘウ
20-043-01	大東急記念文庫_金光明最勝王経音義	99	99	溺	〔A〕溺	溺	溺			1		入	入				寂_			04a5		ジヤク
20-043-01	大東急記念文庫_金光明最勝王経音義	100	100	薜	〔A〕薜	薜	薜			1		去	去			倍伊反				04a5		ヘイ
20-043-01	大東急記念文庫_金光明最勝王経音義	101	101	戎	〔A〕戎	戎	戎			1		上	上				須_			04a6		ス
20-043-01	大東急記念文庫_金光明最勝王経音義	102	102	達	〔A〕達	達	達			1		上	上				駄_			04a6		ダ
20-043-01	大東急記念文庫_金光明最勝王経音義	103	103	羸	〔A〕羸	羸	羸			1		平	平				類_			04a6		ルイ
20-043-01	大東急記念文庫_金光明最勝王経音義	104	104	〓	〔A〕【艸_】	〓	【艸_】			1		平	平			ヘ伊反				04a6	又作■又作■又作■	ヘイ
20-043-01	大東急記念文庫_金光明最勝王経音義	105	105	串	〔A〕串	串	串			1		平	平				券_			04b1		クヱン
20-043-01	大東急記念文庫_金光明最勝王経音義	106	106	諠	〔A〕諠	諠	諠			1		平	平				桓_			04b1		クワン
20-043-01	大東急記念文庫_金光明最勝王経音義	107	107	閙	〔A〕閙	閙	閙			1		去	去			祢宇反				04b1		ネウ
20-043-01	大東急記念文庫_金光明最勝王経音義	108	108	誘	〔A〕誘	誘	誘			1		平	平				喩_			04b1		ユ
20-043-01	大東急記念文庫_金光明最勝王経音義	109	109	_	〔A〕_	_	_			1		入	入				尺_			04b1		シヤク
20-043-01	大東急記念文庫_金光明最勝王経音義	110	110	枉	〔A〕枉	枉	枉			1		平	平				往_			04b2		ワウ
20-043-01	大東急記念文庫_金光明最勝王経音義	111	111	項	〔A〕項	項	項			1		平	平				兄_			04b4		クヰヤウ
20-043-01	大東急記念文庫_金光明最勝王経音義	112	112	背	〔A〕背	背	背			1		平	平			八以反				04b4		ハイ
20-043-01	大東急記念文庫_金光明最勝王経音義	113	113	礪	〔A〕礪	礪	礪			1		平	平				向_			04b4		カウ
20-043-01	大東急記念文庫_金光明最勝王経音義	114	114	碎	〔A〕碎	碎	碎			1		平	平				細_			04b4		サイ
20-043-01	大東急記念文庫_金光明最勝王経音義	115	115	銷	〔A〕銷	銷	銷			1		去	去				消_			04b4		セウ
20-043-01	大東急記念文庫_金光明最勝王経音義	116	116	冶	〔A〕冶	冶	冶			1		去	去				也_			04b4		ヤ
20-043-01	大東急記念文庫_金光明最勝王経音義	117	117	_	〔A〕_	_	_			1		去	去				連_			04b5		レン
20-043-01	大東急記念文庫_金光明最勝王経音義	118	118	數	〔A〕數	數	數			1		入	入			佐久反				04b5		サク
20-043-01	大東急記念文庫_金光明最勝王経音義	119	119	數	〔A〕數	數	數			1		入	入				又足音			04b5		ソク
20-043-01	大東急記念文庫_金光明最勝王経音義	120	120	覓	〔A〕覓	覓	覓			1		入	入				麥_			04b5		ミヤク
20-043-01	大東急記念文庫_金光明最勝王経音義	121	121	掉	〔A〕掉	掉	掉			1		平	平				條_			04b5		デウ
20-043-01	大東急記念文庫_金光明最勝王経音義	122	122	屏	〔A〕屏	屏	屏			1		去	去				平_			04b5		ビヤウ
20-043-01	大東急記念文庫_金光明最勝王経音義	123	123	鐶	〔A〕鐶	鐶	鐶			1		去	去				桓_			04b6		クワン
20-043-01	大東急記念文庫_金光明最勝王経音義	124	124	釧	〔A〕釧	釧	釧			1		平	平				仙_			04b6		セン
20-043-01	大東急記念文庫_金光明最勝王経音義	125	125	嬾	〔A〕嬾	嬾	嬾			1		平	平				亂_			04b6		ラン
20-043-01	大東急記念文庫_金光明最勝王経音義	126	126	軟	〔A〕軟	軟	軟			1		平	平				難_			04b6		ナン
20-043-01	大東急記念文庫_金光明最勝王経音義	127	127	鎔	〔A〕鎔	鎔	鎔			1		去	去				容□			04b6		ユウ
20-043-01	大東急記念文庫_金光明最勝王経音義	128	128	容	〔CD〕（容）	容	容			1				ユウ	ユウ					04b6		ユウ
20-043-01	大東急記念文庫_金光明最勝王経音義	129	129	渟	〔A〕渟	渟	渟			1		平	平				丁_			05a1		チヤウ
20-043-01	大東急記念文庫_金光明最勝王経音義	130	130	_	〔A〕_	_	_			1		平	平				向_			05a1		カウ
20-043-01	大東急記念文庫_金光明最勝王経音義	131	131	猛	〔A〕猛	猛	猛			1		平	平				命_			05a1		ミヤウ
20-043-01	大東急記念文庫_金光明最勝王経音義	132	132	_	〔A〕_	_	_			1		平	平				炎ゝ			05a1		エム
20-043-01	大東急記念文庫_金光明最勝王経音義	133	133	滓	〔A〕滓	滓	滓			1		平	平				細_			05a1		サイ
20-043-01	大東急記念文庫_金光明最勝王経音義	134	134	烟	〔A〕烟	烟	烟			1		去	去	□□	□□					05a1		エン
20-043-01	大東急記念文庫_金光明最勝王経音義	135	135	霧	〔A〕霧	霧	霧			1		平	平				武_			05a2		ム
20-043-01	大東急記念文庫_金光明最勝王経音義	136	136	幣	〔A〕幣	幣	幣			1		平	平			ヘ以反				05a2		ヘイ
20-043-01	大東急記念文庫_金光明最勝王経音義	137	137	泛	〔A〕泛	泛	泛			1		平	平				品_			05a2		ホム
20-043-01	大東急記念文庫_金光明最勝王経音義	138	138	截	〔A〕截	截	截			1		入	入				説_			05a2		セツ
20-043-01	大東急記念文庫_金光明最勝王経音義	139	139	逢	〔A〕逢	逢	逢			1		平	平				豐_			05a2		ブウ
20-043-01	大東急記念文庫_金光明最勝王経音義	140	140	桴	〔A〕桴	桴	桴			1		平	平				部_			05a3		フ
20-043-01	大東急記念文庫_金光明最勝王経音義	141	141	_	〔A〕_	_	_			1		入	入				客_			05a3		ギヤク
20-043-01	大東急記念文庫_金光明最勝王経音義	142	142	昨	〔A〕昨	昨	昨			1		入	入			佐久反				05a3		サク
20-043-01	大東急記念文庫_金光明最勝王経音義	143	143	躁	〔A〕躁	躁	躁			1		去	去				草_			05a3		サウ
20-043-01	大東急記念文庫_金光明最勝王経音義	144	144	含	〔A〕含	含	含			1		去	去			我牟反				05a3		ガム
20-043-01	大東急記念文庫_金光明最勝王経音義	145	145	恨	〔A〕恨	恨	恨			1		去	去				根_			05a3		コン
20-043-01	大東急記念文庫_金光明最勝王経音義	146	146	濯	〔A〕濯	濯	濯			1		入	入				宅_			05a4		タク
20-043-01	大東急記念文庫_金光明最勝王経音義	147	147	_	〔A〕_	_	_			1		平	平				券_			05a4		クヱン
20-043-01	大東急記念文庫_金光明最勝王経音義	148	148	狂	〔A〕狂	狂	狂			1		平	平				况_			05a4		クヰヤウ
20-043-01	大東急記念文庫_金光明最勝王経音義	149	149	暎	〔A〕暎	暎	暎			1		去	去			衣伊反				05a4		エイ
20-043-01	大東急記念文庫_金光明最勝王経音義	150	150	_	〔A〕_	_	_			1		平	平				口_			05a4		クウ
20-043-01	大東急記念文庫_金光明最勝王経音義	151	151	舒	〔A〕舒	舒	舒			1		平	平				序_			05a4		ジヨ
20-043-01	大東急記念文庫_金光明最勝王経音義	152	152	_	〔A〕_	_	_			1		平	平				破_			05a5		ハ
20-043-01	大東急記念文庫_金光明最勝王経音義	153	153	嶽	〔A〕岳	嶽	岳			1		入	入				各_			05a5		ガク
20-043-01	大東急記念文庫_金光明最勝王経音義	154	154	_	〔A〕_	_	_			1		去	去			天伊反				05a5		テイ
20-043-01	大東急記念文庫_金光明最勝王経音義	155	155	_	〔A〕痩	痩	痩			1		平	平				主_			05a5		シユ
20-043-01	大東急記念文庫_金光明最勝王経音義	156	156	刑	〔A〕刑	刑	刑			1		去	去				形ヽ			05a5		ギヤウ
20-043-01	大東急記念文庫_金光明最勝王経音義	157	157	戮	〔A〕戮	戮	戮			1		入	入				六_			05a5		ロク
20-043-01	大東急記念文庫_金光明最勝王経音義	158	158	逼	〔A〕逼	逼	逼			1		入	入				畢_			05a6		ヒツ
20-043-01	大東急記念文庫_金光明最勝王経音義	159	159	迫	〔A〕迫	迫	迫			1		入	入			波久反				05a6		ハク
20-043-01	大東急記念文庫_金光明最勝王経音義	160	160	鞭	〔A〕鞭	鞭	鞭			1		去	去				便_			05a6		ベン
20-043-01	大東急記念文庫_金光明最勝王経音義	161	161	楚	〔A〕楚	楚	楚			1		去	去				踈ヽ			05a6		ソ
20-043-01	大東急記念文庫_金光明最勝王経音義	162	162	跛	〔A〕跛	跛	跛			1		平	平				彼_			05a6		ヒ
20-043-01	大東急記念文庫_金光明最勝王経音義	163	163	盈	〔A〕盈	盈	盈			1		去	去				揚_			05a6		ヤウ
20-043-01	大東急記念文庫_金光明最勝王経音義	164	164	溢	〔A〕溢	溢	溢			1		入	入				一_			05b1		イチ
20-043-01	大東急記念文庫_金光明最勝王経音義	165	165	汎	〔A〕汎	汎	汎			1		去	去				凡_			05b1		ホム
20-043-01	大東急記念文庫_金光明最勝王経音義	166	166	暇	〔A〕暇	暇	暇			1		平	平				計_			05b1		ケ
20-043-01	大東急記念文庫_金光明最勝王経音義	167	167	雅	〔A〕雅	雅	雅			1		去	去				夏ヽ			05b1		ゲ
20-043-01	大東急記念文庫_金光明最勝王経音義	168	168	_	〔A〕_	_	_			1		平	平				輪ヽ			05b1		リン
20-043-01	大東急記念文庫_金光明最勝王経音義	169	169	惜	〔A〕惜	惜	惜			1		入	入				尺_			05b1		シヤク
20-043-01	大東急記念文庫_金光明最勝王経音義	170	170	_	〔A〕_	_	_			1		去	去				佐ヽ			05b2	又作鎖	サ
20-043-01	大東急記念文庫_金光明最勝王経音義	171	171	羂	〔A〕羂	羂	羂			1		平	平				券_			05b2		クヱン
20-043-01	大東急記念文庫_金光明最勝王経音義	172	172	網	〔A〕網	網	網			1		去	去				亡_			05b2		マウ
20-043-01	大東急記念文庫_金光明最勝王経音義	173	173	牢	〔A〕牢	牢	牢			1		去	去				良ヽ			05b2		ラウ
20-043-01	大東急記念文庫_金光明最勝王経音義	174	174	剱	〔A〕剱	剱	剱			1		去	去			介牟反				05b2		ケム
20-043-01	大東急記念文庫_金光明最勝王経音義	175	175	諂	〔C〕諂	諂	諂			1				テム	テム					05b3		テム
20-043-01	大東急記念文庫_金光明最勝王経音義	176	176	佞	〔CD〕佞	佞	佞			1				ネイ	ネイ					05b3		ネイ
20-043-01	大東急記念文庫_金光明最勝王経音義	177	177	傷	〔C〕傷	傷	傷			1				シヤウ六	シヤウ六					05b3		シヤウ
20-043-01	大東急記念文庫_金光明最勝王経音義	178	178	傷	〔D〕傷	傷	傷			1				シヤウ	シヤウ					05b3		シヤウ
20-043-01	大東急記念文庫_金光明最勝王経音義	179	179	勵	〔A〕勵	勵	勵			1		去	去			礼伊反				05b5		レイ
20-043-01	大東急記念文庫_金光明最勝王経音義	180	180	秉	〔A〕秉	秉	秉			1		平	平				并_			05b5		ヒヤウ
20-043-01	大東急記念文庫_金光明最勝王経音義	181	181	炬	〔A〕炬	炬	炬			1		去	去				故_			05b5		コ
20-043-01	大東急記念文庫_金光明最勝王経音義	182	182	恥	〔A〕恥	恥	恥			1		去	去				知_			05b5		チ
20-043-01	大東急記念文庫_金光明最勝王経音義	183	183	_	〔A〕_	_	_			1		去	去			火伊反				05b5		クワイ
20-043-01	大東急記念文庫_金光明最勝王経音義	184	184	閙	〔C〕閙	閙	閙			1				ネウ	ネウ					05b5		ネウ
20-043-01	大東急記念文庫_金光明最勝王経音義	185	185	僞	〔A〕僞	僞	僞			1		平	平				貴_			05b5		グヰ
20-043-01	大東急記念文庫_金光明最勝王経音義	186	186	_	〔A〕_	_	_			1		平	平				魏_			05b6		グヰ
20-043-01	大東急記念文庫_金光明最勝王経音義	187	187	搏	〔A〕搏	搏	搏			1		去	去				檀_			05b6		タン
20-043-01	大東急記念文庫_金光明最勝王経音義	188	188	滯	〔A〕滯	滯	滯			1		平	平			太伊反				05b6		タイ
20-043-01	大東急記念文庫_金光明最勝王経音義	189	189	殄	〔A〕殄	殄	殄			1		平	平				轉_			05b6	原本では【歹+（称-禾）】、ここでの掲出字は便宜的に異体字	テン
20-043-01	大東急記念文庫_金光明最勝王経音義	190	190	_	〔A〕_	_	_			1		平	平				頂□（_）			05b6		チヤウ
20-043-01	大東急記念文庫_金光明最勝王経音義	191	191	_	〔A〕祥	祥	祥			1		去	去				常_			06a1		ジヤウ
20-043-01	大東急記念文庫_金光明最勝王経音義	192	192	穆	〔A〕穆	穆	穆			1		入	入				目_			06a1		モク
20-043-01	大東急記念文庫_金光明最勝王経音義	193	193	遵	〔A〕遵	遵	遵			1		去	去				「尊_」（C訂「身六」）			06a1		ソン
20-043-01	大東急記念文庫_金光明最勝王経音義	194	194	遵	〔C〕遵	遵	遵			1		〔圏〕去濁	〔圏〕去濁							06a1	字形「寸」	ズン
20-043-01	大東急記念文庫_金光明最勝王経音義	195	195	遵	〔C〕遵	遵	遵			1							身六			06a1	「尊」（C消）	ジン
20-043-01	大東急記念文庫_金光明最勝王経音義	196	196	嘉	〔A〕嘉	嘉	嘉			1		平								06a1		カ
20-043-01	大東急記念文庫_金光明最勝王経音義	197	197	曁	〔A〕曁	曁	曁			1		去	去				既［_］			06a1		キ
20-043-01	大東急記念文庫_金光明最勝王経音義	198	198	欽	〔A〕欽	欽	欽			1		去	去				金_			06a2		キム
20-043-01	大東急記念文庫_金光明最勝王経音義	199	199	貨	〔A〕貨	貨	貨			1		去	去				化_			06a2		クヱ
20-043-01	大東急記念文庫_金光明最勝王経音義	200	200	策	〔C〕策	策	策			1				「サク」消	「サク」消					06a2		サク
20-043-01	大東急記念文庫_金光明最勝王経音義	201	201	_	〔C〕_	_	_			1							尺六			06a2		シヤク
20-043-01	大東急記念文庫_金光明最勝王経音義	202	202	諍	〔C〕諍	諍訟	諍訟			1				シヤウ	シヤウ					06a2		ジヤウ
20-043-01	大東急記念文庫_金光明最勝王経音義	203	202	諍	〔C〕訟	諍訟	諍訟			2							受六			06a2		ジヤウ
20-043-01	大東急記念文庫_金光明最勝王経音義	204	203	誤	〔C〕誤	誤	誤			1		〔圏〕去濁	〔圏〕去濁	コ	コ					06a4		ゴ
20-043-01	大東急記念文庫_金光明最勝王経音義	205	204	疾	〔C〕疾	疾	疾			1				シツ	シツ					06a4		シチ
20-043-01	大東急記念文庫_金光明最勝王経音義	206	205	那	〔C〕那	那	那			1		去	去	ナ	ナ					06a4		ナ
20-043-01	大東急記念文庫_金光明最勝王経音義	207	206	勇	〔A〕勇	勇	勇			1		去	去			由ン反				06a4		ユウ
20-043-01	大東急記念文庫_金光明最勝王経音義	208	207	壯	〔A〕壮	壯	壮			1		去	去				正_			06a4		シヤウ
20-043-01	大東急記念文庫_金光明最勝王経音義	209	208	險	〔A〕險	險	險			1		平	平			計牟反				06a4		ケム
20-043-01	大東急記念文庫_金光明最勝王経音義	210	209	翳	〔A〕翳	翳	翳			1		去	去			衣伊反				06a4		エイ
20-043-01	大東急記念文庫_金光明最勝王経音義	211	210	灑	〔A〕灑	灑	灑			1		去	去				沙_			06a4		シヤ
20-043-01	大東急記念文庫_金光明最勝王経音義	212	211	_	〔A〕_	_	_			1		去	去				優_			06a5		ウ
20-043-01	大東急記念文庫_金光明最勝王経音義	213	212	_	〔A〕_	_	_			1		入	入				又欝_			06a5		ウツ
20-043-01	大東急記念文庫_金光明最勝王経音義	214	213	_	〔A〕_	_	_			1		平	平				信_			06a5		シン
20-043-01	大東急記念文庫_金光明最勝王経音義	215	214	〓	〔A〕【酉盖】	〓	【酉盖】			1		去	去			化伊反				06a5		クヱイ
20-043-01	大東急記念文庫_金光明最勝王経音義	216	215	_	〔A〕_	_	_			1		去	去				流_			06a5		ル
20-043-01	大東急記念文庫_金光明最勝王経音義	217	216	勺	〔A〕勺	勺	勺			1		入	入				尺ヽ			06a5		シヤク
20-043-01	大東急記念文庫_金光明最勝王経音義	218	217	_	〔C〕_	_	_			1							券			06a5		クヱン
20-043-01	大東急記念文庫_金光明最勝王経音義	219	218	伎	〔C〕［伎？］	伎	［伎？］			1		〔圏〕去濁	〔圏〕去濁	キ	キ					06a5		ギ
20-043-01	大東急記念文庫_金光明最勝王経音義	220	219	□	〔CD〕□	□	□			1				カウ	カウチヤウ					06a5		カウ
20-043-01	大東急記念文庫_金光明最勝王経音義	221	220	□	〔CD〕□	□	□			1				チヤウ	カウチヤウ					06a5		チヤウ
20-043-01	大東急記念文庫_金光明最勝王経音義	222	221	摧	〔C〕摧	摧	摧			1		〔圏〕去濁	〔圏〕去濁	サイ	サイ					06a5		ザイ
20-043-01	大東急記念文庫_金光明最勝王経音義	223	222	□	〔CD〕□	□	□			1				シヤウ	シヤウ					06a5		シヤウ
20-043-01	大東急記念文庫_金光明最勝王経音義	224	223	充	〔C〕充	充	充			1							従			06a5		ジウ
20-043-01	大東急記念文庫_金光明最勝王経音義	225	224	冠	〔CD〕冠	冠	冠			1				クワン	クワン					06a5		クワン
20-043-01	大東急記念文庫_金光明最勝王経音義	226	225	詰	〔C〕詰	詰	詰			1				キツ	キツ					06a5		キツ
20-043-01	大東急記念文庫_金光明最勝王経音義	227	226	砂	〔C〕砂	砂	砂			1				シヤ六	シヤ六					06a5		シヤ
20-043-01	大東急記念文庫_金光明最勝王経音義	228	227	_	〔C〕_	_穢	_穢			1				ワ	ワヱ					06b1		ワ
20-043-01	大東急記念文庫_金光明最勝王経音義	229	227	穢	〔C〕穢	_穢	_穢			2				ヱ	ワヱ					06b1		ヱ
20-043-01	大東急記念文庫_金光明最勝王経音義	230	228	忙	〔A〕忙	忙	忙			1		去	去				望_			06b1	又作__	マウ
20-043-01	大東急記念文庫_金光明最勝王経音義	231	229	_	〔A〕_	_	_			1		入	入				又結_			06b1		ゲキ
20-043-01	大東急記念文庫_金光明最勝王経音義	232	230	_	〔A〕_	_	_			1							__			06b1	_路荼王之處迦音但於此者濁音等也	ガチ
20-043-01	大東急記念文庫_金光明最勝王経音義	233	231	泰	〔A〕泰	泰	泰			1		去	去				太_			06b2		タイ
20-043-01	大東急記念文庫_金光明最勝王経音義	234	232	履	〔A〕履	履	履			1		平	平				利_			06b2		リ
20-043-01	大東急記念文庫_金光明最勝王経音義	235	233	踐	〔A〕踐	踐	踐			1		平	平				仙_			06b2		セン
20-043-01	大東急記念文庫_金光明最勝王経音義	236	234	制	〔CD〕制	制底	制底			1				セイ	セイテイ					06b2		セイ
20-043-01	大東急記念文庫_金光明最勝王経音義	237	234	底	〔CD〕底	制底	制底			2				テイ	セイテイ					06b2		テイ
20-043-01	大東急記念文庫_金光明最勝王経音義	238	235	耀	〔C〕耀	耀	耀			1				エウ	エウ					06b3		エウ
20-043-01	大東急記念文庫_金光明最勝王経音義	239	236	耀	〔D〕（耀）	耀	耀			1				エウ	エウ					06b3		エウ
20-043-01	大東急記念文庫_金光明最勝王経音義	240	237	鎔	〔C〕鎔	鎔	鎔			1		〔圏〕去濁	〔圏〕去濁	ユウ	ユウ					06b4		ユウ
20-043-01	大東急記念文庫_金光明最勝王経音義	241	238	_	〔C〕_	_	_			1		〔圏〕去	〔圏〕去	メウ	メウ					06b4		メウ
20-043-01	大東急記念文庫_金光明最勝王経音義	242	239	赫	〔C〕赫	赫奕	赫奕			1				カク	カクヤク					06b4		カク
20-043-01	大東急記念文庫_金光明最勝王経音義	243	239	奕	〔C〕奕	赫奕	赫奕			2				ヤク	カクヤク					06b4		ヤク
20-043-01	大東急記念文庫_金光明最勝王経音義	244	240	冥	〔C〕冥	冥	冥			1				ミヤウ	ミヤウ					06b4		ミヤウ
20-043-01	大東急記念文庫_金光明最勝王経音義	245	241	蜂	〔C〕蜂	蜂	蜂			1				フウ	フウ					06b4	又作■	ブウ
20-043-01	大東急記念文庫_金光明最勝王経音義	246	242	珂	〔C〕珂	珂	珂			1		〔圏〕去	〔圏〕去	カ六						06b4		カ
20-043-01	大東急記念文庫_金光明最勝王経音義	247	243	髮	〔A〕髮	髮	髮			1		入	入				發音			06b4		ホツ
20-043-01	大東急記念文庫_金光明最勝王経音義	248	244	髻	〔A〕髻	髻	髻			1		平	平				計_			06b4		ケ
20-043-01	大東急記念文庫_金光明最勝王経音義	249	245	彩	〔A〕彩	彩	彩			1		平	平				細_			06b4		サイ
20-043-01	大東急記念文庫_金光明最勝王経音義	250	246	纖	〔A〕纖	纖	纖			1		平	平			世牟反				06b4		セム
20-043-01	大東急記念文庫_金光明最勝王経音義	251	247	_	〔A〕_	_	_			1		平	平				定_			06b4		ヂヤウ
20-043-01	大東急記念文庫_金光明最勝王経音義	252	248	暎	〔C〕暎	暎徹	暎徹			1				エイ	エイ□					06b5	徹字D筆消	エイ
20-043-01	大東急記念文庫_金光明最勝王経音義	253	249	倫	〔C〕倫	倫匹	倫匹			1				リン	リンヒツ					06b5		リン
20-043-01	大東急記念文庫_金光明最勝王経音義	254	249	匹	〔C〕匹	倫匹	倫匹			2				ヒツ	リンヒツ					06b5		ヒツ
20-043-01	大東急記念文庫_金光明最勝王経音義	255	250	誕	〔A〕誕	誕	誕			1		平	平				短ヽ			06b5		タン
20-043-01	大東急記念文庫_金光明最勝王経音義	256	251	氷	〔C〕氷	氷	氷			1				ヒヨウ	ヒヨウ					06b5		ヒヨウ
20-043-01	大東急記念文庫_金光明最勝王経音義	257	252	虧	〔A〕虧	虧	虧			1		平	平				貴_			06b5		クヰ
20-043-01	大東急記念文庫_金光明最勝王経音義	258	253	洗	〔C〕洗	洗	洗			1				セン	セン					06b5		セン
20-043-01	大東急記念文庫_金光明最勝王経音義	259	254	臂	〔A〕臂	臂	臂			1		平	平				彼_			06b5		ヒ
20-043-01	大東急記念文庫_金光明最勝王経音義	260	255	肘	〔A〕肘	肘	肘			1		去	去				籌_			06b5		チウ
20-043-01	大東急記念文庫_金光明最勝王経音義	261	256	膝	〔A〕膝	膝	膝			1		入	入				七音			06b5		シチ
20-043-01	大東急記念文庫_金光明最勝王経音義	262	257	赫	〔A〕赫	赫奕	赫奕			1		入	入				各_			07a1		カク
20-043-01	大東急記念文庫_金光明最勝王経音義	263	258	_	〔A〕_	_	_			1		入	入				益_			07a1		ヤク
20-043-01	大東急記念文庫_金光明最勝王経音義	264	259	輝	〔A〕輝	輝	輝			1		平	平				貴_			07a1		クヰ
20-043-01	大東急記念文庫_金光明最勝王経音義	265	260	徹	〔A〕徹	徹	徹			1							鐵_			07a1		テツ
20-043-01	大東急記念文庫_金光明最勝王経音義	266	261	_	〔A〕_	_	_			1		平	平				□			07a1		シユ
20-043-01	大東急記念文庫_金光明最勝王経音義	267	262	鮮	〔C〕鮮	鮮潔	鮮潔			1				セン	センケツ					07a2		セン
20-043-01	大東急記念文庫_金光明最勝王経音義	268	262	潔	〔C〕潔	鮮潔	鮮潔			2				ケツ	センケツ					07a2		ケツ
20-043-01	大東急記念文庫_金光明最勝王経音義	269	263	_	〔C〕_	_	_			1				ナン	ナン					07a2		ナン
20-043-01	大東急記念文庫_金光明最勝王経音義	270	264	鎭	〔A〕鎭	鎭	鎭			1		平	平				珎_			07a2		チン
20-043-01	大東急記念文庫_金光明最勝王経音義	271	265	嘗	〔A〕嘗	嘗	嘗			1		去	去				常_			07a2		ジヤウ
20-043-01	大東急記念文庫_金光明最勝王経音義	272	266	奔	〔A〕奔	奔	奔			1		平	平				本_			07a2		ホン
20-043-01	大東急記念文庫_金光明最勝王経音義	273	267	走	〔A〕走	走	走			1		平					奏_			07a2		ソウ
20-043-01	大東急記念文庫_金光明最勝王経音義	274	268	篋	〔A〕篋	篋	篋			1		入	入				脇_			07a2		ケフ
20-043-01	大東急記念文庫_金光明最勝王経音義	275	269	膿	〔A〕膿	膿	膿			1		去	去				能_			07a2		ノウ
20-043-01	大東急記念文庫_金光明最勝王経音義	276	270	爛	〔A〕爛	爛	爛			1		去	去				亂_			07a3		ラン
20-043-01	大東急記念文庫_金光明最勝王経音義	277	271	蛆	〔A〕蛆	蛆	蛆			1				ソ	ソ		D諸「_」（D消）「二音」（D）			07a3		シヨ
20-043-01	大東急記念文庫_金光明最勝王経音義	278	272	蛆	〔D〕蛆	蛆	蛆			1				ソ	ソ		（諸）二音			07a3		ソ
20-043-01	大東急記念文庫_金光明最勝王経音義	279	273	關	〔A〕關	關	關			1		去	去			化〉反				07a3	又作開	クヱン
20-043-01	大東急記念文庫_金光明最勝王経音義	280	274	窒	〔A〕窒	窒	窒			1		入	入			丁結反				07a3		チツ
20-043-01	大東急記念文庫_金光明最勝王経音義	281	275	閉	〔A〕閉	閉	閉			1		平	平			ヘ以反				07a4	又作閇	ヘイ
20-043-01	大東急記念文庫_金光明最勝王経音義	282	276	念	〔A〕稔	稔	稔			1		平	平							07a4	「念」（消）_	ネム
20-043-01	大東急記念文庫_金光明最勝王経音義	283	277	稔	〔D〕稔	稔	稔			1				シム	シム					07a4		ジム
20-043-01	大東急記念文庫_金光明最勝王経音義	284	278	吸	〔A〕吸	吸	吸			1		入	入				急_			07a4		キフ
20-043-01	大東急記念文庫_金光明最勝王経音義	285	279	擾	〔A〕擾	擾	擾			1		去	去				繞_			07a4		ネウ
20-043-01	大東急記念文庫_金光明最勝王経音義	286	280	_	〔A〕_	_	_			1		平	平				後_			07a5	又作悟、原本では【穴悟】	ゴ
20-043-01	大東急記念文庫_金光明最勝王経音義	287	281	沈	〔D〕沈	沈	沈			1		〔圏〕平濁	〔圏〕平濁	チム	チム					07a5		ヂム
20-043-01	大東急記念文庫_金光明最勝王経音義	288	282	乖	〔D〕乖	乖	乖			1				クヱ	クヱ					07a5		クヱ
20-043-01	大東急記念文庫_金光明最勝王経音義	289	283	浮	〔D〕浮	浮	浮			1				フ	フ					07a5		フ
20-043-01	大東急記念文庫_金光明最勝王経音義	290	284	_	〔D〕_	_	_			1				ソウ	ソウ					07a5		ソウ
20-043-01	大東急記念文庫_金光明最勝王経音義	291	285	稻	〔D〕稻	稻	稻			1				タウ	タウ					07a5		タウ
20-043-01	大東急記念文庫_金光明最勝王経音義	292	286	_	〔D〕_	_	_			1				ハツ	ハツ					07a5		ハツ
20-043-01	大東急記念文庫_金光明最勝王経音義	293	287	_	〔D〕_	_	_			1		〔圏〕平	〔圏〕平	フ六	フ六					07a5		フ
20-043-01	大東急記念文庫_金光明最勝王経音義	294	288	索	〔D〕索	索訶	索訶			1				シヤ	シヤカ					07a6		サク
20-043-01	大東急記念文庫_金光明最勝王経音義	295	288	訶	〔D〕訶	索訶	索訶			2				カ	シヤカ					07a6		カ
20-043-01	大東急記念文庫_金光明最勝王経音義	296	289	_	〔D〕_	_	_			1				エム	エム					07a6		エム
20-043-01	大東急記念文庫_金光明最勝王経音義	297	290	露	〔D〕露	露	露			1				ロ	ロ					07a6		ロ
20-043-01	大東急記念文庫_金光明最勝王経音義	298	291	荼	〔D〕荼	荼	荼			1				タ	タ					07a6		ダ
20-043-01	大東急記念文庫_金光明最勝王経音義	299	292	衢	〔D〕衢	衢	衢			1		〔圏〕去	〔圏〕去	ク	ク					07a6		クウ
20-043-01	大東急記念文庫_金光明最勝王経音義	300	293	審	〔D〕審	審	審			1				シム	シム					07a6		シン
20-043-01	大東急記念文庫_金光明最勝王経音義	301	294	枉	〔D〕枉	枉	枉			1				ワウ	ワウ					07a6		ワウ
20-043-01	大東急記念文庫_金光明最勝王経音義	302	295	_	〔D〕_	_	_			1		〔圏〕平濁	〔圏〕平濁	ワウ	ワウ					07a6		ワウ
20-043-01	大東急記念文庫_金光明最勝王経音義	303	296	殄	〔D〕殄	殄	殄			1				テ「ム」（消）ン	テ「ム」（消）ン					07a6	原本では【歹+（称-禾）】、ここでの掲出字は便宜的に異体字	テム
20-043-01	大東急記念文庫_金光明最勝王経音義	304	297	_	〔D〕_	_	_			1				クヱン	クヱン					07a6		クヱン
20-043-01	大東急記念文庫_金光明最勝王経音義	305	298	兪	〔D〕兪	兪	兪			1				ユ	ユ					07a6		ユ
20-043-01	大東急記念文庫_金光明最勝王経音義	306	299	敵	〔D〕敵	敵	敵			1				チヤク	チヤク					07a6		チヤク
20-043-01	大東急記念文庫_金光明最勝王経音義	307	300	叡	〔D〕叡	叡	叡			1				エイ						07b1		エイ
20-043-01	大東急記念文庫_金光明最勝王経音義	308	301	憶	〔D〕億	億	億			1				ヲクシ	ヲクシ					07b1	（憶）を見出しに立てた	ヲク
20-043-01	大東急記念文庫_金光明最勝王経音義	309	302	疊	〔D〕疊	疊	疊			1		〔圏〕平濁	平濁	テウ	テウ					07b1		デウ
20-043-01	大東急記念文庫_金光明最勝王経音義	310	303	莊	〔D〕莊	莊飾	莊飾			1				シヤウ	シヤウシキ					07b1		シヤウ
20-043-01	大東急記念文庫_金光明最勝王経音義	311	303	飾	〔D〕飾	莊飾	莊飾			2				シキ	シヤウシキ					07b1		シキ
20-043-01	大東急記念文庫_金光明最勝王経音義	312	304	烈	〔D〕烈	烈	烈			1				レツ	レツ					07b1		レツ
20-043-01	大東急記念文庫_金光明最勝王経音義	313	305	彩	〔D〕彩	彩	彩			1				サイ	サイ					07b1		サイ
20-043-01	大東急記念文庫_金光明最勝王経音義	314	306	困	〔D〕困	困厄	困厄			1				コン	コンヤク					07b2		コン
20-043-01	大東急記念文庫_金光明最勝王経音義	315	307	厄	〔D〕厄	困厄	困厄			1				ヤク	コンヤク					07b2		ヤク
20-043-01	大東急記念文庫_金光明最勝王経音義	316	308	勞	〔D〕勞	勞	勞			1		〔圏〕去濁	〔圏〕去濁	ラウ	ラウ					07b2		ラウ
20-043-01	大東急記念文庫_金光明最勝王経音義	317	309	疲	〔D〕疲	疲	疲			1				ヒ	ヒ					07b2		ヒ
20-043-01	大東急記念文庫_金光明最勝王経音義	318	310	慇	〔D〕慇	慇	慇			1		〔圏〕平	〔圏〕平	イン	イン					07b2	ー重	イン
20-043-01	大東急記念文庫_金光明最勝王経音義	319	311	后	〔D〕后	后妃	后妃			1				コ	コヒ					07b2		コ
20-043-01	大東急記念文庫_金光明最勝王経音義	320	311	妃	〔D〕妃	后妃	后妃			2				ヒ	コヒ					07b2		ヒ
20-043-01	大東急記念文庫_金光明最勝王経音義	321	312	宮	〔D〕宮	宮	宮			1		〔圏〕去	〔圏〕去	クウ	クウ					07b2		クウ
20-043-01	大東急記念文庫_金光明最勝王経音義	322	313	召	〔D〕召	召	召			1				テウ	テウ					07b2		テウ
20-043-01	大東急記念文庫_金光明最勝王経音義	323	314	潛	〔D〕潛	潛	潛			1				セム六	セム六					07b2		セム
20-043-01	大東急記念文庫_金光明最勝王経音義	324	315	藪	〔D〕藪	藪	藪			1		〔圏〕平	〔圏〕平	ソウ	ソウ					07b2		ソウ
20-043-01	大東急記念文庫_金光明最勝王経音義	325	316	_	〔D〕_	_	_			1				ナウ	ナウ					07b2		ナウ
20-043-01	大東急記念文庫_金光明最勝王経音義	326	317	寵	〔D〕寵	寵	寵			1		〔圏〕去	〔圏〕去	チヨウ	チヨウセラレウ					07b2		チヨウ
20-043-01	大東急記念文庫_金光明最勝王経音義	327	318	鬪	〔A〕鬪	鬪	鬪			1		平	平				等_			07b2		トウ
20-043-01	大東急記念文庫_金光明最勝王経音義	328	319	戰	〔A〕戰	戰	戰			1		平	平				仙			07b2		セン
20-043-01	大東急記念文庫_金光明最勝王経音義	329	320	潛	〔A〕潛	潛	潛			1				世牟	世牟					07b2		セム
20-043-01	大東急記念文庫_金光明最勝王経音義	330	321	隣	〔A〕隣	隣	隣			1		去	去				輪_			07b2		リン
20-043-01	大東急記念文庫_金光明最勝王経音義	331	322	奪	〔D〕奪	奪	奪			1				タツ	タツ					07b2		ダツ
20-043-01	大東急記念文庫_金光明最勝王経音義	332	323	乳	〔D〕乳	乳	乳			1				ニウ	ニウ					07b2		ニウ
20-043-01	大東急記念文庫_金光明最勝王経音義	333	324	珂	〔D〕珂	珂	珂			1				カ						07b3		カ
20-043-01	大東急記念文庫_金光明最勝王経音義	334	325	殄	〔C〕殄	殄	殄			1				テン	テン					07b3	原本では【歹+（称-禾）】、ここでの掲出字は便宜的に異体字	テン
20-043-01	大東急記念文庫_金光明最勝王経音義	335	326	網	〔D〕網	網	網			1				マウ	マウ					07b3		マウ
20-043-01	大東急記念文庫_金光明最勝王経音義	336	327	敵	〔A〕敵	敵	敵			1		入	入				著			07b3		チヤク
20-043-01	大東急記念文庫_金光明最勝王経音義	337	328	討	〔A〕討	討	討			1		去	去			太宇反				07b3		タウ
20-043-01	大東急記念文庫_金光明最勝王経音義	338	329	討	〔C〕「討」	討	C「討」			1				タウ六	タウ六					07b3	消	タウ
20-043-01	大東急記念文庫_金光明最勝王経音義	339	330	罸	〔A〕罸	罸	罸			1		入	入				抜_			07b3		バツ
20-043-01	大東急記念文庫_金光明最勝王経音義	340	331	罸	〔D〕「罸」	罸	罸			1							「抜六」（消）			07b3		バツ
20-043-01	大東急記念文庫_金光明最勝王経音義	341	332	戈	〔A〕戈	戈	戈			1		平	平				火_			07b3		クワ
20-043-01	大東急記念文庫_金光明最勝王経音義	342	333	戈	〔D〕戈	戈	戈			1		〔圏〕平濁	〔圏〕平濁	クワ	クワ					07b3		グワ
20-043-01	大東急記念文庫_金光明最勝王経音義	343	334	謙	〔A〕謙	謙	謙			1		平	平				検_			07b3		ケム
20-043-01	大東急記念文庫_金光明最勝王経音義	344	335	讓	〔A〕讓	讓	讓			1		去	去				「寧_」（消）			07b3		ニヤウ
20-043-01	大東急記念文庫_金光明最勝王経音義	345	336	讓	〔D〕（譲）	讓	（譲）			1				シヤウ	シヤウ					07b3		ジヤウ
20-043-01	大東急記念文庫_金光明最勝王経音義	346	337	穆	〔D〕穆	穆	穆			1				モク	モク					07b3		モク
20-043-01	大東急記念文庫_金光明最勝王経音義	347	338	燭	〔D〕燭	燭	燭			1				ソク	ソク					07b4		ソク
20-043-01	大東急記念文庫_金光明最勝王経音義	348	339	_	〔D〕_	_	_			1				マン	マン					07b4		マン
20-043-01	大東急記念文庫_金光明最勝王経音義	349	340	沃	〔A〕沃	沃	沃			1		入	入				億_			07b4		ヲク
20-043-01	大東急記念文庫_金光明最勝王経音義	350	341	_	〔D〕_	_	_			1		〔圏〕去	〔圏〕去	シヤウ	シヤウ					07b4		ジヤウ
20-043-01	大東急記念文庫_金光明最勝王経音義	351	342	_	〔A〕_	_	_			1		平	平				「寧ヽ」（消）			07b4		ニヤウ
20-043-01	大東急記念文庫_金光明最勝王経音義	352	343	_	〔A〕_	_	_			1		去	去				諸_			07b4		シヨ
20-043-01	大東急記念文庫_金光明最勝王経音義	353	344	欽	〔C〕欽	欽	欽			1							金六			07b4		キム
20-043-01	大東急記念文庫_金光明最勝王経音義	354	345	乖	〔A〕乖	乖	乖			1							花_			07b4		クヱ
20-043-01	大東急記念文庫_金光明最勝王経音義	355	346	虧	〔A〕虧	虧	虧			1							貴_			07b4		クヰ
20-043-01	大東急記念文庫_金光明最勝王経音義	356	347	_	〔D〕_	_	_			1				「セ」（消）サン	「セ」（消）サン					07b4		サン
20-043-01	大東急記念文庫_金光明最勝王経音義	357	348	_	〔D〕_	_	_			1				シヨ	シヨ					07b4		シヨ
20-043-01	大東急記念文庫_金光明最勝王経音義	358	349	_	〔D〕_	_	_			1				マウ	マウ					07b5		マウ
20-043-01	大東急記念文庫_金光明最勝王経音義	359	350	慳	〔A〕慳	慳	慳			1		去	去				間_			07b5		ケン
20-043-01	大東急記念文庫_金光明最勝王経音義	360	351	鄙	〔A〕鄙	鄙	鄙			1		平	平				比_			07b5		ヒ
20-043-01	大東急記念文庫_金光明最勝王経音義	361	352	昌	〔A〕昌	昌	昌			1		去	去				正_			07b5		シヤウ
20-043-01	大東急記念文庫_金光明最勝王経音義	362	353	盛	〔A〕盛	盛	盛			1		去（D〔圏〕上）	去（D〔圏〕上）				成_			07b5		ジヤウ
20-043-01	大東急記念文庫_金光明最勝王経音義	363	354	敝	〔A〕敝	敝	敝			1		平	平				上_			07b5		シヤウ
20-043-01	大東急記念文庫_金光明最勝王経音義	364	355	敝	〔D〕（敝）	敝	（敝）			1							掌			07b5		シヤウ
20-043-01	大東急記念文庫_金光明最勝王経音義	365	356	整	〔C〕整	整	整			1							正六			07b5		シヤウ
20-043-01	大東急記念文庫_金光明最勝王経音義	366	357	調	〔D〕調	調	調			1				テウ	テウ					07b5		テウ
20-043-01	大東急記念文庫_金光明最勝王経音義	367	358	鮮	〔D〕鮮	鮮	鮮			1				セン	セン					07b5		セン
20-043-01	大東急記念文庫_金光明最勝王経音義	368	359	轂	〔D〕轂	轂	轂			1				コク	コク					07b6		コク
20-043-01	大東急記念文庫_金光明最勝王経音義	369	360	平	〔D〕平	平	平			1				ヒヤウ	ヒヤウ					07b6		ヒヤウ
20-043-01	大東急記念文庫_金光明最勝王経音義	370	361	匹	〔D〕匹	匹	匹			1				ヒツ	ヒツ					07b6		ヒツ
20-043-01	大東急記念文庫_金光明最勝王経音義	371	362	虔	〔A〕虔	虔	虔			1		平	平				見_			07b6		ケン
20-043-01	大東急記念文庫_金光明最勝王経音義	372	363	弊	〔A〕弊	弊	弊			1		平／去	平／去			ヘ伊反				07b6	又作蔽	ヘイ
20-043-01	大東急記念文庫_金光明最勝王経音義	373	364	諂	〔A〕諂	諂	諂			1		平	平			天牟反				07b6		テム
20-043-01	大東急記念文庫_金光明最勝王経音義	374	365	狂	〔A〕狂	狂	狂			1							往_			07b6		ワウ
20-043-01	大東急記念文庫_金光明最勝王経音義	375	366	特	〔D〕特	特	特			1				トク	トク					08a1		トク
20-043-01	大東急記念文庫_金光明最勝王経音義	376	367	_	〔D〕_	_	_			1				エム	エム					08a1		エム
20-043-01	大東急記念文庫_金光明最勝王経音義	377	368	辜	〔A〕辜	辜	辜			1		平	平				古_			08a1		コ
20-043-01	大東急記念文庫_金光明最勝王経音義	378	369	彗	〔A〕彗	彗	彗			1		平	平				細_			08a1	又作_也	サイ
20-043-01	大東急記念文庫_金光明最勝王経音義	379	370	蝕	〔A〕蝕	蝕	蝕			1		入	入			所久				08a1		シヨク
20-043-01	大東急記念文庫_金光明最勝王経音義	380	371	虹	〔A〕虹	虹	虹			1							窮ヽ			08a1		グウ
20-043-01	大東急記念文庫_金光明最勝王経音義	381	372	張	〔D〕張	張	張			1				チヤウ	チヤウ					08a1		チヤウ
20-043-01	大東急記念文庫_金光明最勝王経音義	382	373	寧	〔D〕寧	寧	寧			1				ネイ	ネイ					08a2		ネイ
20-043-01	大東急記念文庫_金光明最勝王経音義	383	374	盜	〔D〕盜	盜	盜			1				タウ	タウ					08a2		タウ
20-043-01	大東急記念文庫_金光明最勝王経音義	384	375	線	〔A〕線	線	線			1		平	平				仙_			08a2		セン
20-043-01	大東急記念文庫_金光明最勝王経音義	385	376	逾	〔A〕逾	逾	逾			1		平	平				喩_			08a2		ユ
20-043-01	大東急記念文庫_金光明最勝王経音義	386	377	暴	〔A〕暴	暴	暴			1		去	去			菩宇反				08a2		ボウ
20-043-01	大東急記念文庫_金光明最勝王経音義	387	378	苗	〔A〕苗	苗	苗			1		去	去			女宇反				08a2		メウ
20-043-01	大東急記念文庫_金光明最勝王経音義	388	379	掠	〔A〕掠	掠	掠			1		平	平				兩_			08a2		リヤウ
20-043-01	大東急記念文庫_金光明最勝王経音義	389	380	_	〔D〕_	_	_			1				ヒ	ヒ					08a2		ヒ
20-043-01	大東急記念文庫_金光明最勝王経音義	390	381	膩	〔A〕膩	膩	膩			1		去	去				尼_			08a3		ニ
20-043-01	大東急記念文庫_金光明最勝王経音義	391	382	喚	〔A〕喚	喚	喚			1		去	去				官_			08a3		クワン
20-043-01	大東急記念文庫_金光明最勝王経音義	392	383	召	〔A〕召	召	召			1		去	去				超_			08a3		テウ
20-043-01	大東急記念文庫_金光明最勝王経音義	393	384	〓	〔A〕【_正】	〓	【_正】			1		平／去	平／去				向_			08a3		カウ
20-043-01	大東急記念文庫_金光明最勝王経音義	394	385	臻	〔A〕臻	臻	臻			1		平	平				信_			08a3		シン
20-043-01	大東急記念文庫_金光明最勝王経音義	395	386	_	〔D〕_	_	_			1				ナン	ナン					08a3		ナン
20-043-01	大東急記念文庫_金光明最勝王経音義	396	387	欽	〔D〕欽	欽	欽			1		〔圏〕平	〔圏〕平	キム	キム					08a3		キム
20-043-01	大東急記念文庫_金光明最勝王経音義	397	388	詞	〔D〕詞	詞	詞			1				シ	シ					08a3		シ
20-043-01	大東急記念文庫_金光明最勝王経音義	398	389	澄	〔D〕澄	澄	澄			1				チヨウ	チヨウ					08a4		チヨウ
20-043-01	大東急記念文庫_金光明最勝王経音義	399	390	潔	〔D〕潔	潔	潔			1				ケツ	ケツ					08a4		ケツ
20-043-01	大東急記念文庫_金光明最勝王経音義	400	391	膠	〔A〕膠	膠	膠			1		去	去				交_			08a4		ケウ
20-043-01	大東急記念文庫_金光明最勝王経音義	401	392	歇	〔A〕歇	歇	歇			1		入	入				渇_			08a4		カチ
20-043-01	大東急記念文庫_金光明最勝王経音義	402	393	拏	〔A〕拏	拏	拏			1		上	上				駄_又土_			08a4		ダ
20-043-01	大東急記念文庫_金光明最勝王経音義	403	394	榮	〔D〕榮	榮	榮			1				ヰヤウ／ヱイ　二六	ヰヤウ／ヱイ　二六					08a4		ヰヤウ
20-043-01	大東急記念文庫_金光明最勝王経音義	404	395	〓	〔A〕【口臘】	〓	【口臘】			1		入	入			良布反				08a4		ラフ
20-043-01	大東急記念文庫_金光明最勝王経音義	405	396	〓	〔A〕【商衣】	〓	【商衣】			1		去	去			依伊反				08a4		エイ
20-043-01	大東急記念文庫_金光明最勝王経音義	406	397	懼	〔D〕懼	懼_	懼_			1		〔圏〕平	〔圏〕平	ク	ク					08a4		クウ
20-043-01	大東急記念文庫_金光明最勝王経音義	407	398	涕	〔D〕涕	涕	涕			1				テイ	テイ					08a5		テイ
20-043-01	大東急記念文庫_金光明最勝王経音義	408	399	_	〔A〕_	_	_			1		平	平				腦_			08a5		ナウ
20-043-01	大東急記念文庫_金光明最勝王経音義	409	400	寵	〔A〕寵	寵	寵			1		平	平				重_			08a5		チヨウ
20-043-01	大東急記念文庫_金光明最勝王経音義	410	401	疲	〔A〕疲	疲	疲			1		平	平				皮_			08a5		ヒ
20-043-01	大東急記念文庫_金光明最勝王経音義	411	402	勞	〔A〕勞	勞	勞			1		去	去				良_			08a5		ラウ
20-043-01	大東急記念文庫_金光明最勝王経音義	412	403	_	〔D〕_	_	_			1				ルイ	ルイ					08a6		ルイ
20-043-01	大東急記念文庫_金光明最勝王経音義	413	404	困	〔A〕困	困	困			1		去	去				根_			08a6		コン
20-043-01	大東急記念文庫_金光明最勝王経音義	414	405	厄	〔A〕厄	厄	厄			1		入	入				益_			08a6		ヤク
20-043-01	大東急記念文庫_金光明最勝王経音義	415	406	燭	〔A〕燭	燭	燭			1		入	入				束_			08a6		ソク
20-043-01	大東急記念文庫_金光明最勝王経音義	416	407	衞	〔A〕衞	衞	衞			1		平	平				惠_			08a6		ヱ
20-043-01	大東急記念文庫_金光明最勝王経音義	417	408	泰	〔D〕泰	清泰	清泰			1				タイ	＊タイ					08a6		タイ
20-043-01	大東急記念文庫_金光明最勝王経音義	418	409	索	〔D〕索	索迦	索迦			1		〔圏〕去濁	〔圏〕去濁＊	シヤ	シヤカ					08a6		シヤ
20-043-01	大東急記念文庫_金光明最勝王経音義	419	409	迦	〔D〕迦	索迦	索迦			2			〔圏〕去濁＊	カ	＊カ					08a6		カ
20-043-01	大東急記念文庫_金光明最勝王経音義	420	410	斯	〔D〕斯	斯迦	斯迦			1		〔圏〕去	〔圏〕去＊	シ	シカ					08a6		シ
20-043-01	大東急記念文庫_金光明最勝王経音義	421	410	迦	〔D〕迦	斯迦	斯迦			2			〔圏〕去＊	カ	シカ					08a6		カ
20-043-01	大東急記念文庫_金光明最勝王経音義	422	411	摧	〔D〕摧	摧	摧			1		〔圏〕去濁	〔圏〕去濁	サイ	サイ					08a6		ザイ
20-043-01	大東急記念文庫_金光明最勝王経音義	423	412	咽	〔D〕咽	咽	咽			1				エン	エン					08a6		エン
20-043-01	大東急記念文庫_金光明最勝王経音義	424	413	涯	〔D〕涯	涯	涯			1		〔圏〕平／去	〔圏〕平／去	カ□	カ□					08b1		カイ
20-043-01	大東急記念文庫_金光明最勝王経音義	425	414	_	〔D〕_	_	_			1				クワ	クワ					08b1		クワ
20-043-01	大東急記念文庫_金光明最勝王経音義	426	415	喪	〔D〕喪	喪	喪			1				サウ	サウ					08b1		サウ
20-043-01	大東急記念文庫_金光明最勝王経音義	427	416	殺	〔D〕殺	殺	殺			1				セツ	セツ					08b1		セツ
20-043-01	大東急記念文庫_金光明最勝王経音義	428	417	駈	〔A〕駈	駈	駈			1		去	去				倶_			08b1		クウ
20-043-01	大東急記念文庫_金光明最勝王経音義	429	418	裂	〔A〕裂	裂	裂			1		入	入				劣_			08b1		レツ
20-043-01	大東急記念文庫_金光明最勝王経音義	430	419	_	〔A〕_	_	_			1		去	去				曼_			08b1		マン
20-043-01	大東急記念文庫_金光明最勝王経音義	431	420	側	〔A〕側	側	側			1		入	入				色_			08b1		シキ
20-043-01	大東急記念文庫_金光明最勝王経音義	432	421	_	〔A〕_	_	_			1		平	平				炎ヽ			08b1		エム
20-043-01	大東急記念文庫_金光明最勝王経音義	433	422	幻	〔A〕幻	幻	幻			1		平	平				患_			08b1		グヱン
20-043-01	大東急記念文庫_金光明最勝王経音義	434	423	諍	〔D〕諍	諍	諍			1				シヤウ六	シヤウ六					08b2		ジヤウ
20-043-01	大東急記念文庫_金光明最勝王経音義	435	424	博	〔D〕博	博	博			1				ハク	ハク					08b2		ハク
20-043-01	大東急記念文庫_金光明最勝王経音義	436	425	蝕	〔D〕蝕	蝕	蝕			1				シヨク	シヨク					08b2		シヨク
20-043-01	大東急記念文庫_金光明最勝王経音義	437	426	訟	〔D〕訟	訟	訟			1		〔圏〕平消	〔圏〕平消	スウ	スウ		頌			08b2		ジヤウ
20-043-01	大東急記念文庫_金光明最勝王経音義	438	427	屏	〔D〕屏	屏	屏			1				ヒヤウ	ヒヤウ					08b2		ビヤウ
20-043-01	大東急記念文庫_金光明最勝王経音義	439	428	式	〔D〕式	式	式			1				シキ	シキ					08b2		シキ
20-043-01	大東急記念文庫_金光明最勝王経音義	440	429	仙	〔D〕仙	仙	仙			1				セン	セン					08b2		セン
20-043-01	大東急記念文庫_金光明最勝王経音義	441	430	線	〔D〕線	線	線			1				セン	セン					08b2		セン
20-043-01	大東急記念文庫_金光明最勝王経音義	442	431	呪	〔D〕呪	呪	呪			1				スウ	スウスルコト					08b2		ズウ
20-043-01	大東急記念文庫_金光明最勝王経音義	443	432	腦	〔D〕腦	腦	腦			1				ナウ	ナウ					08b2		ナウ
20-043-01	大東急記念文庫_金光明最勝王経音義	444	433	蘇	〔D〕蘇	蘇	蘇			1				ク（ソ）	ク（ソ）					08b2		クウ
20-043-01	大東急記念文庫_金光明最勝王経音義	445	434	瞿	〔D〕瞿	瞿摩	瞿摩			1				ク／コ	クマ／コマ					08b2	（護摩）コマヲイフ也	クウ
20-043-01	大東急記念文庫_金光明最勝王経音義	446	434	摩	〔D〕摩	瞿摩	瞿摩			2				マ	クマ／コマ					08b2	（護摩）コマヲイフ也	マ
20-043-01	大東急記念文庫_金光明最勝王経音義	447	435	貝	〔D〕貝	貝	貝			1				ハイ	ハイ					08b3		バイ
20-043-01	大東急記念文庫_金光明最勝王経音義	448	436	齒	〔D〕齒	齒	齒			1				シ	シ					08b3		シ
20-043-01	大東急記念文庫_金光明最勝王経音義	449	437	驗	〔D〕驗	驗	驗			1				ケム	ケム					08b3		ゲム
20-043-01	大東急記念文庫_金光明最勝王経音義	450	438	刪	〔A〕刪	刪	刪			1		平	平				散_			08b4		サン
20-043-01	大東急記念文庫_金光明最勝王経音義	451	439	羝	〔A〕羝	羝	羝			1		去	去			天伊反				08b4		テイ
20-043-01	大東急記念文庫_金光明最勝王経音義	452	440	瑟	〔A〕瑟	瑟	瑟			1		入	入				出_			08b4		シユツ
20-043-01	大東急記念文庫_金光明最勝王経音義	453	441	耻	〔A〕耻	耻	耻			1		去	去				知_			08b4		チ
20-043-01	大東急記念文庫_金光明最勝王経音義	454	442	_	〔A〕_	_	_			1		上	上				羅_			08b4		ラ
20-043-01	大東急記念文庫_金光明最勝王経音義	455	443	_	〔A〕_	_	_			1		平	平				細_			08b4		サイ
20-043-01	大東急記念文庫_金光明最勝王経音義	456	444	阿	〔D〕阿	阿_多	阿_多			1				ア	アキヤタ					08b4		ア
20-043-01	大東急記念文庫_金光明最勝王経音義	457	444	_	〔D〕_	阿_多	阿_多			2				キヤ	アキヤタ					08b4		キヤ
20-043-01	大東急記念文庫_金光明最勝王経音義	458	444	多	〔D〕多	阿_多	阿_多			3				タ	アキヤタ					08b4		タ
20-043-01	大東急記念文庫_金光明最勝王経音義	459	445	設	〔D〕設	設	設							セツ	セツ					08b4		セツ
20-043-01	大東急記念文庫_金光明最勝王経音義	460	446	羝	〔D〕羝	羝	羝							テイ	テイ					08b4		テイ
20-043-01	大東急記念文庫_金光明最勝王経音義	461	447	_	〔D〕_	_	_							ロ	ロ					08b4		ロ
20-043-01	大東急記念文庫_金光明最勝王経音義	462	448	主	〔D〕主	主	主			1		〔圏〕去	〔圏〕去上濁上濁							08b4		シユ
20-043-01	大東急記念文庫_金光明最勝王経音義	463	448	多	〔D〕多	多	多			2		〔圏〕上濁	〔圏〕去上濁上濁							08b4		タ
20-043-01	大東急記念文庫_金光明最勝王経音義	464	448	光	〔D〕光	光	光			3		〔圏〕上濁	〔圏〕去上濁上濁							08b4		クワウ
20-043-01	大東急記念文庫_金光明最勝王経音義	465	449	蘇	〔D〕蘇	蘇多末尼	蘇多末尼			1		〔圏〕去	〔圏〕去		＊＊マニ					08b4		ソ
20-043-01	大東急記念文庫_金光明最勝王経音義	466	449	多	〔D〕多	蘇多末尼	蘇多末尼			2		〔圏〕去濁	〔圏〕去		＊＊マニ					08b4		ダ
20-043-01	大東急記念文庫_金光明最勝王経音義	467	449	末	〔D〕末	蘇多末尼	蘇多末尼			3			〔圏〕去	マ	＊＊マニ					08b4		マ
20-043-01	大東急記念文庫_金光明最勝王経音義	468	449	尼	〔D〕尼	蘇多末尼	蘇多末尼			4			〔圏〕去	ニ	＊＊マニ					08b4		ニ
20-043-01	大東急記念文庫_金光明最勝王経音義	469	450	霹	〔A〕霹	霹	霹			1		入	入				白_			08b5		ビヤク
20-043-01	大東急記念文庫_金光明最勝王経音義	470	451	靂	〔A〕靂	靂	靂			1		入	入				略_			08b5		リヤク
20-043-01	大東急記念文庫_金光明最勝王経音義	471	452	甜	〔A〕甜	甜	甜			1		去	去				甘_			08b5		カム
20-043-01	大東急記念文庫_金光明最勝王経音義	472	453	卜	〔A〕卜	卜	卜			1		入	入				北_			08b5		ボク
20-043-01	大東急記念文庫_金光明最勝王経音義	473	454	縻	〔A〕縻	縻	縻			1		去	去				麻_			08b6		マ
20-043-01	大東急記念文庫_金光明最勝王経音義	474	455	澁	〔A〕渋	澁	渋			1		入	入				__			08b6		シフ
20-043-01	大東急記念文庫_金光明最勝王経音義	475	456	扇	〔A〕扇	扇	扇			1		平	平				仙			08b6		セン
20-043-01	大東急記念文庫_金光明最勝王経音義	476	457	畔	〔A〕畔	畔	畔			1		平	平				半_			08b6		ハン
20-043-01	大東急記念文庫_金光明最勝王経音義	477	458	_	〔A〕_	_	_			1		去	去				__			08b6		ダ
20-043-01	大東急記念文庫_金光明最勝王経音義	478	459	_	〔A〕_	_	_			1		去	去				知			08b6		チ
20-043-01	大東急記念文庫_金光明最勝王経音義	479	460	斫	〔A〕斫	斫	斫			1		入	入				尺_			08b6		シヤク
20-043-01	大東急記念文庫_金光明最勝王経音義	480	461	羯	〔A〕羯	羯	羯			1		入	入				渇_			09a1		カチ
20-043-01	大東急記念文庫_金光明最勝王経音義	481	462	__	〔A〕__	__	__			1		平	平				亡_			09a1		マウ
20-043-01	大東急記念文庫_金光明最勝王経音義	482	463	幣	〔A〕幣	幣	幣			1		平	平				ヘ以反			09a1		ヘイ
20-043-01	大東急記念文庫_金光明最勝王経音義	483	464	苫	〔A〕苫	苫	苫			1		平	平			世牟反				09a1		セム
20-043-01	大東急記念文庫_金光明最勝王経音義	484	465	〓	〔A〕【__庚】	〓	【__庚】			1							攝_			09a1		セフ
20-043-01	大東急記念文庫_金光明最勝王経音義	485	466	〓	〔A〕【艸目】	〓	【艸目】			1		入	入				木_			09a1		モク
20-043-01	大東急記念文庫_金光明最勝王経音義	486	467	蓿	〔A〕蓿	蓿	蓿			1		入	入				宿_			09a2		スク
20-043-01	大東急記念文庫_金光明最勝王経音義	487	468	麝	〔A〕麝	麝	麝			1		去	去				__			09a2		ジヤ
20-043-01	大東急記念文庫_金光明最勝王経音義	488	469	雄	〔A〕雄	雄	雄			1		去	去				應_			09a2		オウ
20-043-01	大東急記念文庫_金光明最勝王経音義	489	470	昏	〔A〕昏	昏	昏			1		去	去				根_			09a2		コン
20-043-01	大東急記念文庫_金光明最勝王経音義	490	471	_	〔A〕_	_	_			1		去	去				空_			09a2		クウ
20-043-01	大東急記念文庫_金光明最勝王経音義	491	472	_	〔A〕_	_	_			1		去	去				弘_			09a2		グウ
20-043-01	大東急記念文庫_金光明最勝王経音義	492	473	_	〔A〕_	_	_			1		去	去				九_			09a3		クウ
20-043-01	大東急記念文庫_金光明最勝王経音義	493	474	杞	〔A〕杞	杞	杞			1		上	上				古_			09a3		コ
20-043-01	大東急記念文庫_金光明最勝王経音義	494	475	脂	〔A〕脂	脂	脂			1		平	平				之			09a3		シ
20-043-01	大東急記念文庫_金光明最勝王経音義	495	476	桂	〔A〕桂	桂	桂			1		去	去			又計伊反	花_			09a3		クヱ
20-043-01	大東急記念文庫_金光明最勝王経音義	496	477	附	〔A〕附	附	附			1		平	平				父ヽ			09a3		フ
20-043-01	大東急記念文庫_金光明最勝王経音義	497	478	膏	〔A〕膏	膏	膏			1		去	去				高_			09a3		カウ
20-043-01	大東急記念文庫_金光明最勝王経音義	498	479	殄	〔D〕殄	殄	殄			1				テン	テン					09a3	原本では【歹+（称-禾）】、ここでの掲出字は便宜的に異体字	テン
20-043-01	大東急記念文庫_金光明最勝王経音義	499	480	葦	〔A〕葦	葦	葦			1		去	去				爲_			09a4		ヰ
20-043-01	大東急記念文庫_金光明最勝王経音義	500	481	〓	〔A〕【艸宀_殳】	〓	【艸宀_殳】			1							侯_			09a4		コウ
20-043-01	大東急記念文庫_金光明最勝王経音義	501	482	_	〔A〕_	_	_			1		入	入			火久反				09a4		クワク
20-043-01	大東急記念文庫_金光明最勝王経音義	502	483	茅	〔A〕茅	茅	茅			1		去	去			波宇反				09a4		バウ
20-043-01	大東急記念文庫_金光明最勝王経音義	503	484	叱	〔A〕叱	叱	叱			1		入	入				七_			09a4		シチ
20-043-01	大東急記念文庫_金光明最勝王経音義	504	485	_	〔A〕_	_	_			1		平	平				儀_			09a4		ギ
20-043-01	大東急記念文庫_金光明最勝王経音義	505	486	蠱	〔D〕蠱	蠱	蠱			1							故六			09a4		コ
20-043-01	大東急記念文庫_金光明最勝王経音義	506	487	獻	〔D〕獻	獻	獻			1		〔圏〕平濁	〔圏〕平濁	コン	コン					09a4		ゴン
20-043-01	大東急記念文庫_金光明最勝王経音義	507	488	魅	〔D〕魅	魅	魅			1				ミ	ミ					09a4		ミ
20-043-01	大東急記念文庫_金光明最勝王経音義	508	489	_	〔D〕_	_	_			1				ナン	ナン					09a5		ナン
20-043-01	大東急記念文庫_金光明最勝王経音義	509	490	謬	〔D〕謬	謬	謬			1				メウ	メウ					09a5		メウ
20-043-01	大東急記念文庫_金光明最勝王経音義	510	491	芹	〔A〕芹	芹	芹			1		去	去				根_			09a5		コン
20-043-01	大東急記念文庫_金光明最勝王経音義	511	492	鬚	〔A〕鬚	鬚	鬚			1		平	平				主_			09a5		シユ
20-043-01	大東急記念文庫_金光明最勝王経音義	512	493	擣	〔A〕擣	擣	擣			1		平	平				到_			09a5		タウ
20-043-01	大東急記念文庫_金光明最勝王経音義	513	494	_	〔A〕_	_	_			1		上	上				之_			09a5		シ
20-043-01	大東急記念文庫_金光明最勝王経音義	514	495	_	〔A〕_	_	_			1		入	入				石_			09a5		シヤク
20-043-01	大東急記念文庫_金光明最勝王経音義	515	496	脚	〔A〕脚	脚	脚			1		入	入				各_			09a5		カク
20-043-01	大東急記念文庫_金光明最勝王経音義	516	497	厭	〔D〕厭	厭	厭			1				エム	エム					09a5		エム
20-043-01	大東急記念文庫_金光明最勝王経音義	517	498	_	〔D〕［_］	_	［_］			1				エム	エム					09a5		エム
20-043-01	大東急記念文庫_金光明最勝王経音義	518	499	蚊	〔D〕蚊	蚊	蚊			1				モン	モン					09a5	原本「蛟」を訂す	モン
20-043-01	大東急記念文庫_金光明最勝王経音義	519	500	_	〔D〕_	_	_			1				マウ	マウ					09a5		マウ
20-043-01	大東急記念文庫_金光明最勝王経音義	520	501	雉	〔A〕雉	雉	雉			1		去	去				知_			09a6		チ
20-043-01	大東急記念文庫_金光明最勝王経音義	521	502	版	〔A〕版	版	版			1		去	去				般_			09a6	又作板	ハン
20-043-01	大東急記念文庫_金光明最勝王経音義	522	503	埋	〔A〕埋	去	去			1		去	去				毎_			09a6		マイ
20-043-01	大東急記念文庫_金光明最勝王経音義	523	504	秣	〔A〕秣	秣	秣			1		入	入				末_			09a6		マツ
20-043-01	大東急記念文庫_金光明最勝王経音義	524	505	酸	〔A〕酸	酸	酸			1		去	去				春_			09a6		スヰン
20-043-01	大東急記念文庫_金光明最勝王経音義	525	506	捷	〔D〕捷	捷	捷			1				セウ	セウ					09a6		セフ
20-043-01	大東急記念文庫_金光明最勝王経音義	526	507	洗	〔D〕洗	洗	洗			1				セン	セン					09a6		セン
20-043-01	大東急記念文庫_金光明最勝王経音義	527	508	屍	〔D〕屍	屍	屍			1				シ六	シ六					09a6		シ
20-043-01	大東急記念文庫_金光明最勝王経音義	528	509	鬪	〔D〕鬪	鬪	鬪			1				トウ	トウ					09a6		トウ
20-043-01	大東急記念文庫_金光明最勝王経音義	529	510	灑	〔D〕灑	灑	灑			1				シヤ	シヤ					09a6		シヤ
20-043-01	大東急記念文庫_金光明最勝王経音義	530	511	□	〔D〕□	□	□			1				ケツ	ケツ					09a6		ケツ
20-043-01	大東急記念文庫_金光明最勝王経音義	531	512	乳	〔D〕乳	乳	乳			1				ニウ	ニウ					09a6		ニウ
20-043-01	大東急記念文庫_金光明最勝王経音義	532	513	綵	〔D〕綵	綵	綵			1				サイ	サイ					09a6		サイ
20-043-01	大東急記念文庫_金光明最勝王経音義	533	514	盆	〔D〕盆	盆	盆			1				ホン六	ホン六					09a6		ボン
20-043-01	大東急記念文庫_金光明最勝王経音義	534	515	置	〔D〕置	置	置			1				チ六	チ六					09a6		チ
20-043-01	大東急記念文庫_金光明最勝王経音義	535	516	版	〔D〕版	版	版			1				ハン六	ハン六					09a6		ハン
20-043-01	大東急記念文庫_金光明最勝王経音義	536	517	秣	〔D〕秣	秣	秣			1				マツ	マツ					09a6		マツ
20-043-01	大東急記念文庫_金光明最勝王経音義	537	518	湯	〔D〕湯	湯	湯			1				□	□					09a6		タウ
20-043-01	大東急記念文庫_金光明最勝王経音義	538	519	散	〔D〕散	散	散			1				サン	サン					09a6		サン
20-043-01	大東急記念文庫_金光明最勝王経音義	539	520	伎	〔D〕伎	伎	伎			1		〔圏〕去濁	〔圏〕去濁							09a6		ギ
20-043-01	大東急記念文庫_金光明最勝王経音義	540	521	闌	〔D〕闌	闌若	闌若			1				ラン	ランニヤ					09b1		ラン
20-043-01	大東急記念文庫_金光明最勝王経音義	541	521	若	〔D〕若	闌若	闌若			2				ニヤ	ランニヤ					09b1		ニヤ
20-043-01	大東急記念文庫_金光明最勝王経音義	542	522	蠶	〔D〕蠶	蠶	蠶			1				サム／サウニ六	サム／サウニ六					09b1		サウ
20-043-01	大東急記念文庫_金光明最勝王経音義	543	523	叢	〔D〕叢	叢	叢			1				ソウ	ソウ					09b1		ソウ
20-043-01	大東急記念文庫_金光明最勝王経音義	544	524	醜	〔D〕醜	醜	醜			1							主			09b1		シユ
20-043-01	大東急記念文庫_金光明最勝王経音義	545	525	孔	〔D〕孔	孔雀	孔雀			1				ク	クシヤク					09b1		ク
20-043-01	大東急記念文庫_金光明最勝王経音義	546	525	雀	〔D〕雀	孔雀	孔雀			2				シヤク	クシヤク					09b1		ジヤク
20-043-01	大東急記念文庫_金光明最勝王経音義	547	526	幢	〔D〕幢	幢	幢			1				トウ六	トウ六					09b1		ドウ
20-043-01	大東急記念文庫_金光明最勝王経音義	548	527	旗	〔D〕旗	旗	旗			1				キ六	キ六					09b1		キ
20-043-01	大東急記念文庫_金光明最勝王経音義	549	528	_	〔D〕_	_	_			1				ケイ	ケイ					09b1		ケイ
20-043-01	大東急記念文庫_金光明最勝王経音義	550	529	鈴	〔D〕鈴	鈴	鈴			1				レイ	レイ					09b1		レイ
20-043-01	大東急記念文庫_金光明最勝王経音義	551	530	鐸	〔D〕鐸	鐸	鐸			1				チヤク	チヤク					09b1		チヤク
20-043-01	大東急記念文庫_金光明最勝王経音義	552	531	_	〔D〕_	_	_			1		〔圏〕平／去	〔圏〕平／去	ヒン	ヒン					09b1		ヒン
20-043-01	大東急記念文庫_金光明最勝王経音義	553	532	_	〔A〕_	_	_			1		平	平				比_			09b1		ヒ
20-043-01	大東急記念文庫_金光明最勝王経音義	554	533	姪	〔A〕姪	姪	姪			1		入	入				鐵_			09b1		テツ
20-043-01	大東急記念文庫_金光明最勝王経音義	555	534	茸	〔A〕茸	茸	茸			1		入	入				集_			09b1		シフ
20-043-01	大東急記念文庫_金光明最勝王経音義	556	535	矛	〔A〕矛	矛	矛			1		去	去			婆宇反				09b1		バウ
20-043-01	大東急記念文庫_金光明最勝王経音義	557	536	翹	〔A〕翹	翹	翹			1		去	去				交_			09b1		ゲウ
20-043-01	大東急記念文庫_金光明最勝王経音義	558	537	只	〔A〕只	只	只			1		平	平				之_			09b1		シ
20-043-01	大東急記念文庫_金光明最勝王経音義	559	538	馨	〔A〕馨	馨	馨			1		去	去				経_			09b2		キヤウ
20-043-01	大東急記念文庫_金光明最勝王経音義	560	539	隸	〔A〕隸	隸	隸			1		去	去				例_			09b2		レイ
20-043-01	大東急記念文庫_金光明最勝王経音義	561	540	巖	〔A〕巖	巖	巖			1		去	去				含_			09b2		ガム
20-043-01	大東急記念文庫_金光明最勝王経音義	562	541	_	〔A〕_	_	_			1		平	平			天伊				09b2		テイ
20-043-01	大東急記念文庫_金光明最勝王経音義	563	542	鴦	〔A〕鴦	鴦	鴦			1		平	平			阿宇反				09b2		アウ
20-043-01	大東急記念文庫_金光明最勝王経音義	564	543	_	〔A〕_	_	_			1		入	入				得_			09b2		トク
20-043-01	大東急記念文庫_金光明最勝王経音義	565	544	_	〔A〕_	_	_			1		平	平				三_			09b3		サム
20-043-01	大東急記念文庫_金光明最勝王経音義	566	545	謬	〔A〕謬	謬	謬			1		去	去			女宇反				09b3		メウ
20-043-01	大東急記念文庫_金光明最勝王経音義	567	546	蠶	〔A〕蠶	蠶	蠶			1		平	平			佐牟反				09b3		サム
20-043-01	大東急記念文庫_金光明最勝王経音義	568	547	叢	〔A〕叢	叢	叢			1		平	平				奏_			09b3		ソウ
20-043-01	大東急記念文庫_金光明最勝王経音義	569	548	旗	〔A〕旗	旗	旗			1		去	去				奇_			09b3		キ
20-043-01	大東急記念文庫_金光明最勝王経音義	570	549	蘇	〔D〕蘇	蘇	蘇			1				ソ	ソ					09b3		ソ
20-043-01	大東急記念文庫_金光明最勝王経音義	571	550	妹	〔D〕妹	妹	妹			1				マイ六	マイ六					09b3		マイ
20-043-01	大東急記念文庫_金光明最勝王経音義	572	551	鈴	〔A〕鈴	鈴	鈴			1		去	去				令_			09b4		リヤウ
20-043-01	大東急記念文庫_金光明最勝王経音義	573	552	鐸	〔A〕鐸	鐸	鐸			1		入	入				著_			09b4		チヤク
20-043-01	大東急記念文庫_金光明最勝王経音義	574	553	戟	〔A〕戟	戟	戟			1		入	入				客_			09b4		ギヤク
20-043-01	大東急記念文庫_金光明最勝王経音義	575	554	牧	〔A〕牧	牧	牧			1		入	入				目_			09b4		モク
20-043-01	大東急記念文庫_金光明最勝王経音義	576	555	_	〔A〕_	_	_			1		入	入				抜_			09b4		バツ
20-043-01	大東急記念文庫_金光明最勝王経音義	577	556	_	〔A〕_	_	_			1		去	去				所_			09b4		シヨ
20-043-01	大東急記念文庫_金光明最勝王経音義	578	557	津	〔D〕津	津	津			1				シン	シン					09b4		シン
20-043-01	大東急記念文庫_金光明最勝王経音義	579	558	坑	〔A〕坑	坑	坑			1		去	去	経ン	経ン					09b5		キヤウ
20-043-01	大東急記念文庫_金光明最勝王経音義	580	559	〓	〔A〕【隹誰】	〓	【隹誰】			1		平	平				主_			09b5		シユ
20-043-01	大東急記念文庫_金光明最勝王経音義	581	560	_	〔A〕_	_	_			1		入	入				尺_			09b5		シヤク
20-043-01	大東急記念文庫_金光明最勝王経音義	582	561	斧	〔A〕斧	斧	斧			1		去	去				父_			09b5		フ
20-043-01	大東急記念文庫_金光明最勝王経音義	583	562	杵	〔A〕杵	杵	杵			1		上	上				諸_			09b5		シヨ
20-043-01	大東急記念文庫_金光明最勝王経音義	584	563	杵	〔D〕杵	杵	杵			1				ソ	ソ		（諸_）二音			09b5		ソ
20-043-01	大東急記念文庫_金光明最勝王経音義	585	564	_	〔D〕_	_	_			1				シヨ	シヨ					09b5		シヨ
20-043-01	大東急記念文庫_金光明最勝王経音義	586	565	羂	〔A〕羂	羂	羂			1		平	平				券_			09b6		クヱン
20-043-01	大東急記念文庫_金光明最勝王経音義	587	566	索	〔A〕索	索	索			1		入	入				尺_			09b5		シヤク
20-043-01	大東急記念文庫_金光明最勝王経音義	588	567	索	〔D〕索	羂索	羂索			2		〔圏〕入濁	〔圏〕入濁							09b5		ジヤク
20-043-01	大東急記念文庫_金光明最勝王経音義	589	568	坑	〔D〕坑	坑	坑			1				キヤウ	キヤウ					09b6		キヤウ
20-043-01	大東急記念文庫_金光明最勝王経音義	590	569	殺	〔D〕殺	殺	殺			1				セツ	セツ					09b6		セツ
20-043-01	大東急記念文庫_金光明最勝王経音義	591	570	怨	〔D〕怨	怨	怨			1				ヲン	ヲン					09b6		ヲン
20-043-01	大東急記念文庫_金光明最勝王経音義	592	571	注	〔D〕注	注	注			1		〔圏〕平	〔圏〕平	「シウ」（消）	「シウ」（消）		主			09b6		シウ
20-043-01	大東急記念文庫_金光明最勝王経音義	593	572	枷	〔D〕枷	枷縛	枷縛			1		〔圏〕去	〔圏〕去＊	カ	カハク					09b5		カ
20-043-01	大東急記念文庫_金光明最勝王経音義	594	572	縛	〔D〕縛	枷縛	枷縛			2			〔圏〕去＊	ハク	カハク					09b5		バク
20-043-01	大東急記念文庫_金光明最勝王経音義	595	573	譯	〔D〕譯	譯	譯			1				ヤク	ヤク					09b6		ヤク
20-043-01	大東急記念文庫_金光明最勝王経音義	596	574	臂	〔D〕臂	臂	臂			1				ヒ	ヒ					09b6		ヒ
20-043-01	大東急記念文庫_金光明最勝王経音義	597	575	_	〔D〕_	_	_			1				カン	カン					10a1		カン
20-043-01	大東急記念文庫_金光明最勝王経音義	598	576	詐	〔D〕詐	詐	詐			1				サ	サ					10a1		サ
20-043-01	大東急記念文庫_金光明最勝王経音義	599	577	滋	〔D〕滋	滋	滋			1				シ	シ					10a1		ジ
20-043-01	大東急記念文庫_金光明最勝王経音義	600	578	怒	〔D〕怒	怒	怒			1				ヌ	ヌ					10a1		ヌ
20-043-01	大東急記念文庫_金光明最勝王経音義	601	579	僞	〔D〕僞	僞	僞			1				クヰ	クヰ					10a1		グヰ
20-043-01	大東急記念文庫_金光明最勝王経音義	602	580	暴	〔D〕暴	暴	暴			1				ホ	ホ					10a1		ボ
20-043-01	大東急記念文庫_金光明最勝王経音義	603	581	妖	〔D〕妖	妖	妖			1				エウ	エウ					10a1		エウ
20-043-01	大東急記念文庫_金光明最勝王経音義	604	582	蝕	〔D〕蝕	蝕	蝕			1				シヨク	シヨク					10a1		シヨク
20-043-01	大東急記念文庫_金光明最勝王経音義	605	583	恨	〔D〕恨	恨	恨			1				コン	コン					10a1		コン
20-043-01	大東急記念文庫_金光明最勝王経音義	606	584	亡	〔D〕亡	亡	亡			1				マウ	マウ					10a1		マウ
20-043-01	大東急記念文庫_金光明最勝王経音義	607	585	姉	〔D〕姉	姉妹	姉妹			1				シ	シマイ					10a1		シ
20-043-01	大東急記念文庫_金光明最勝王経音義	608	585	妹	〔D〕妹	姉妹	姉妹			2				マイ	シマイ					10a1		マイ
20-043-01	大東急記念文庫_金光明最勝王経音義	609	586	歿	〔D〕歿	歿亡	歿亡			1				モツ	モツ＊					10a1		モツ
20-043-01	大東急記念文庫_金光明最勝王経音義	610	587	喪	〔D〕喪	喪	喪			1				サウ	サウ					10a1		サウ
20-043-01	大東急記念文庫_金光明最勝王経音義	611	588	戈	〔D〕戈	戈	戈			1							火六			10a1		クワ
20-043-01	大東急記念文庫_金光明最勝王経音義	612	589	佞	〔D〕佞	佞	佞			1				ネイ	ネイ					10a1		ネイ
20-043-01	大東急記念文庫_金光明最勝王経音義	613	590	楚	〔D〕楚	楚	楚			1				ソウ	ソウ					10a1		ソウ
20-043-01	大東急記念文庫_金光明最勝王経音義	614	591	肥	〔D〕肥	肥	肥			1				ヒ	ヒ					10a1		ヒ
20-043-01	大東急記念文庫_金光明最勝王経音義	615	592	沈	〔D〕沈	沈	沈			1				チム	チム					10a1		ヂム
20-043-01	大東急記念文庫_金光明最勝王経音義	616	593	雹	〔D〕雹	雹	雹			1							白（ママ）			10a1		ビヤク
20-043-01	大東急記念文庫_金光明最勝王経音義	617	594	澁	〔D〕渋	澁	渋			1				シフ六	シフ六					10a1		シフ
20-043-01	大東急記念文庫_金光明最勝王経音義	618	595	枯	〔D〕枯	枯悴	枯悴			1		〔圏〕去	〔圏〕去＊	コ	コスイ					10a1		コ
20-043-01	大東急記念文庫_金光明最勝王経音義	619	595	悴	〔D〕悴	枯悴	枯悴			2			〔圏〕去＊	スイ	コスイ					10a1		スイ
20-043-01	大東急記念文庫_金光明最勝王経音義	620	596	稻	〔D〕稻	稻	稻			1				タウ	タウ					10a1		タウ
20-043-01	大東急記念文庫_金光明最勝王経音義	621	597	飽	〔D〕飽	飽	飽			1				ハウ	ハウ					10a1		ハウ
20-043-01	大東急記念文庫_金光明最勝王経音義	622	598	綜	〔A〕綜	綜	綜			1		平					「惣_」（D消）			10a3		ソウ
20-043-01	大東急記念文庫_金光明最勝王経音義	623	599	綜	〔D〕（綜）	綜	（綜）			1		〔圏〕去					宗六此六丁ヨムツシマ也／惣六ウルハシキ六也			10a3		ソウ
20-043-01	大東急記念文庫_金光明最勝王経音義	624	600	吠	〔A〕吠	吠	吠			1		去	去			倍伊反				10a3		ベイ
20-043-01	大東急記念文庫_金光明最勝王経音義	625	601	率	〔A〕率	率	率			1		去	去				視_			10a3		ソ
20-043-01	大東急記念文庫_金光明最勝王経音義	626	602	拏	〔A〕拏	拏天	拏天			1		上	上＊				土_			10a3		ド
20-043-01	大東急記念文庫_金光明最勝王経音義	627	603	滋	〔A〕滋	滋	滋			1		平	平				此_			10a3	又作滋	ジ
20-043-01	大東急記念文庫_金光明最勝王経音義	628	604	擲	〔A〕擲	擲	擲			1		入	入				著_			10a3		チヤク
20-043-01	大東急記念文庫_金光明最勝王経音義	629	605	稔	〔D〕稔	稔	稔			1				シム	シム					10a4		ジム
20-043-01	大東急記念文庫_金光明最勝王経音義	630	606	邀	〔A〕邀	邀	邀			1		去	去				曉_			10a4		ゲウ
20-043-01	大東急記念文庫_金光明最勝王経音義	631	607	_	〔A〕_	_	_			1		上	上				他_			10a4		タ
20-043-01	大東急記念文庫_金光明最勝王経音義	632	608	嚼	〔A〕嚼	嚼	嚼			1		入	入				尺_			10a4		シヤク
20-043-01	大東急記念文庫_金光明最勝王経音義	633	609	澡	〔A〕澡	澡	澡			1		去	去				草_			10a4		サウ
20-043-01	大東急記念文庫_金光明最勝王経音義	634	610	漱	〔A〕漱	漱	漱			1		平	平				取_（D消）			10a4		シユ
20-043-01	大東急記念文庫_金光明最勝王経音義	635	611	漱	〔D〕漱	漱	漱			1				ソウ六	ソウ六	先豆反				10a4		ソウ
20-043-01	大東急記念文庫_金光明最勝王経音義	636	612	漱	〔D〕漱	漱	漱			1							速六			10a4		ソク
20-043-01	大東急記念文庫_金光明最勝王経音義	637	613	漱	〔D〕漱	漱	漱			1				シフ六	シフ六					10a4		シフ
20-043-01	大東急記念文庫_金光明最勝王経音義	638	614	疇	〔A〕疇	疇	疇			1		平	平			智宇反				10a4		チウ
20-043-01	大東急記念文庫_金光明最勝王経音義	639	615	髻	〔D〕髻	髻	髻			1				ケ	ケ					10a4		ケ
20-043-01	大東急記念文庫_金光明最勝王経音義	640	616	沃	〔D〕沃	沃	沃			1				ヲ□（ク）六	ヲ□（ク）六					10a5		ヲク
20-043-01	大東急記念文庫_金光明最勝王経音義	641	617	壤	〔C〕壌	壤	壌			1							生六			10a5		ジヤウ
20-043-01	大東急記念文庫_金光明最勝王経音義	642	618	輝	〔D〕輝	輝	輝			1							貴也（音）			10a5		クヰ
20-043-01	大東急記念文庫_金光明最勝王経音義	643	619	痛	〔D〕痛	痛	痛			1				ツウ六	ツウ六					10a5		ツウ
20-043-01	大東急記念文庫_金光明最勝王経音義	644	620	苗	〔D〕苗	苗	苗			1				メウ	メウ					10a5		メウ
20-043-01	大東急記念文庫_金光明最勝王経音義	645	621	戴	〔A〕戴	戴	戴			1		平	平				躰_			10a5		タイ
20-043-01	大東急記念文庫_金光明最勝王経音義	646	622	_	〔A〕_	_	_			1		去	去	残ン	残ン					10a5		ザン
20-043-01	大東急記念文庫_金光明最勝王経音義	647	623	__	〔A〕__	__	__			1		去	去			是宇反				10a5		ゼウ
20-043-01	大東急記念文庫_金光明最勝王経音義	648	624	踞	〔A〕踞	踞	踞			1		去	去				虚_			10a5		コ
20-043-01	大東急記念文庫_金光明最勝王経音義	649	625	赴	〔A〕赴	赴	赴			1		平	平				布_			10a5		フ
20-043-01	大東急記念文庫_金光明最勝王経音義	650	626	頡	〔A〕頡	頡	頡			1		入	入				吉_			10a5		キツ
20-043-01	大東急記念文庫_金光明最勝王経音義	651	627	肥	〔C〕肥	肥	肥			1						ヒ反				10a5		ヒ
20-043-01	大東急記念文庫_金光明最勝王経音義	652	628	啼	〔D〕啼	啼	啼			1		〔去濁〕	〔去濁〕	タイ	タイ					10a5		ダイ
20-043-01	大東急記念文庫_金光明最勝王経音義	653	629	稼	〔D〕稼	稼	稼			1				ケ	ケ					10a6		ケ
20-043-01	大東急記念文庫_金光明最勝王経音義	654	630	薜	〔C〕薜	薜	薜			1				ヘイ	ヘイ					10a6		ヘイ
20-043-01	大東急記念文庫_金光明最勝王経音義	655	631	顏	〔C〕顏	顏	顏			1				ケン	ケン					10a6		ゲン
20-043-01	大東急記念文庫_金光明最勝王経音義	656	632	肥	〔C〕肥	肥	肥			1				ヒ	ヒ					10a6		ヒ
20-043-01	大東急記念文庫_金光明最勝王経音義	657	633	_	〔C〕_	_	_			1				ソウ	ソウ					10a6		ソウ
20-043-01	大東急記念文庫_金光明最勝王経音義	658	634	灑	〔D〕灑	灑	灑			1				シヤ	シヤ					10a6		シヤ
20-043-01	大東急記念文庫_金光明最勝王経音義	659	635	欺	〔C〕欺	欺	欺			1				コ	コ					10a6		ゴ
20-043-01	大東急記念文庫_金光明最勝王経音義	660	636	叢	〔D〕叢	叢	叢			1				ソウ	ソウ					10a6		ソウ
20-043-01	大東急記念文庫_金光明最勝王経音義	661	637	_	〔A〕_	_	_			1		去	去				可_			10a6		カ
20-043-01	大東急記念文庫_金光明最勝王経音義	662	638	綵	〔A〕綵	綵	綵			1		平	平				細_			10a6		サイ
20-043-01	大東急記念文庫_金光明最勝王経音義	663	639	_	〔A〕_	_	_			1		入	入				攝_			10a6		セフ
20-043-01	大東急記念文庫_金光明最勝王経音義	664	640	鋪	〔A〕鋪	鋪	鋪			1		入	入				福_			10a6		フク
20-043-01	大東急記念文庫_金光明最勝王経音義	665	641	鉾	〔A〕鉾	鉾	鉾			1		平	平				牟ヽ			10a6		ム
20-043-01	大東急記念文庫_金光明最勝王経音義	666	642	_	〔A〕_	_	_			1		平	平				讃_			10a6		サン
20-043-01	大東急記念文庫_金光明最勝王経音義	667	643	_	〔D〕_	_	_			1				コク	コク					10a6		コク
20-043-01	大東急記念文庫_金光明最勝王経音義	668	644	獻	〔D〕獻	獻	獻			1				コン	コン					10a6		コン
20-043-01	大東急記念文庫_金光明最勝王経音義	669	645	巧	〔D〕巧	巧	巧			1				ケウ	ケウ					10a6		ケウ
20-043-01	大東急記念文庫_金光明最勝王経音義	670	646	博	〔D〕博	博	博			1				ハク	ハク					10a6		ハク
20-043-01	大東急記念文庫_金光明最勝王経音義	671	647	飾	〔D〕[飾]	飾	[飾]			1				シキ	シキ					10a6		シキ
20-043-01	大東急記念文庫_金光明最勝王経音義	672	648	奇	〔D〕奇	奇	奇			1				キ	キ					10a6		キ
20-043-01	大東急記念文庫_金光明最勝王経音義	673	649	炎	〔D〕炎	炎	炎			1				エム	エム					10a6		エム
20-043-01	大東急記念文庫_金光明最勝王経音義	674	650	塞	〔D〕塞	塞	塞			1				ソク	ソク					10a6		ソク
20-043-01	大東急記念文庫_金光明最勝王経音義	675	651	建	〔D〕建	建	建			1				ケン	ケン					10a6		ケン
20-043-01	大東急記念文庫_金光明最勝王経音義	676	652	那	〔D〕那	那	那			1				ナ	ナ					10a6		ナ
20-043-01	大東急記念文庫_金光明最勝王経音義	677	653	烏	〔D〕烏	烏	烏			1		〔圏〕上	〔圏〕上	ウ	ウ					10a6		ウ
20-043-01	大東急記念文庫_金光明最勝王経音義	678	654	率	〔D〕率	率	率			1				ソツ	ソツ					10a6		ソク
20-043-01	大東急記念文庫_金光明最勝王経音義	679	655	怒	〔D〕怒	怒	怒			1				ヌ	ヌ					10a6		ヌ
20-043-01	大東急記念文庫_金光明最勝王経音義	680	656	侍	〔D〕侍	侍	侍			1		〔圏〕平	〔圏〕平	シ	シ					10a6		ジ
20-043-01	大東急記念文庫_金光明最勝王経音義	681	657	室	〔D〕室	室利	室利			1				シ	シリ					10a6		シ
20-043-01	大東急記念文庫_金光明最勝王経音義	682	657	利	〔D〕利	室利	室利			2				リ	シリ					10a6		リ
20-043-01	大東急記念文庫_金光明最勝王経音義	683	658	〓	〔D〕【酉盖】	〓	【酉盖】			1				クヱ	クヱ					10a6		クヱ
20-043-01	大東急記念文庫_金光明最勝王経音義	684	659	哩	〔D〕哩	哩	哩			1				リ	リ					10a6		リ
20-043-01	大東急記念文庫_金光明最勝王経音義	685	660	列	〔D〕列	列	列			1				レツ	レツ					10b1		レツ
20-043-01	大東急記念文庫_金光明最勝王経音義	686	661	閑	〔D〕閑	閑	閑			1				ケン	ケン					10b1		ゲン
20-043-01	大東急記念文庫_金光明最勝王経音義	687	662	濁	〔D〕濁	濁	濁			1				チ□（ヨク）	チ□（ヨク）					10b1		ヂヨク
20-043-01	大東急記念文庫_金光明最勝王経音義	688	663	_	〔D〕_	_	_			1				サン	サン					10b1		サン
20-043-01	大東急記念文庫_金光明最勝王経音義	689	664	肥	〔D〕肥	肥	肥			1				ヒ六	ヒ六					10b1		ヒ
20-043-01	大東急記念文庫_金光明最勝王経音義	690	665	濃	〔D〕濃	濃	濃			1				ノウ六	ノウ六					10b1		ノウ
20-043-01	大東急記念文庫_金光明最勝王経音義	691	666	疇	〔D〕疇	疇	疇			1				チウ	チウ					10b1		チウ
20-043-01	大東急記念文庫_金光明最勝王経音義	692	667	沃	〔D〕沃	沃	沃			1				ヲク	ヲク					10b1		ヲク
20-043-01	大東急記念文庫_金光明最勝王経音義	693	668	壤	〔D〕壌	壤	壌			1							生六			10b1		ジヤウ
20-043-01	大東急記念文庫_金光明最勝王経音義	694	669	沼	〔D〕沼	沼	沼			1				セウ	セウ					10b1		セウ
20-043-01	大東急記念文庫_金光明最勝王経音義	695	670	江	〔D〕江	江	江			1				カウ	カウ					10b1		カウ
20-043-01	大東急記念文庫_金光明最勝王経音義	696	671	健	〔D〕健	健	健			1				コン	コン					10b1		コン
20-043-01	大東急記念文庫_金光明最勝王経音義	697	672	糖	〔A〕糖	糖	糖			1		平	平				唐_			10b1		タウ
20-043-01	大東急記念文庫_金光明最勝王経音義	698	673	炭	〔A〕炭	炭	炭			1		平	平				但_			10b1		タン
20-043-01	大東急記念文庫_金光明最勝王経音義	699	674	踏	〔A〕踏	踏	踏			1		入	入				答_			10b1	原本では「_」	タフ
20-043-01	大東急記念文庫_金光明最勝王経音義	700	675	妖	〔A〕妖	妖	妖			1		去	去				曜音			10b1		エウ
20-043-01	大東急記念文庫_金光明最勝王経音義	701	676	悴	〔A〕悴	悴	悴			1		平	平				衰_			10b1		スイ
20-043-01	大東急記念文庫_金光明最勝王経音義	702	677	傘	〔D〕傘	傘	傘			1				サン	サン					10b1		サン
20-043-01	大東急記念文庫_金光明最勝王経音義	703	678	途	〔D〕途	途	途			1				ツ	ツ					10b2		ヅ
20-043-01	大東急記念文庫_金光明最勝王経音義	704	679	制	〔D〕制	制	制			1				セイ	セイ					10b2		セイ
20-043-01	大東急記念文庫_金光明最勝王経音義	705	680	踞	〔D〕踞	踞	踞			1				コ六	コ六					10b2		コ
20-043-01	大東急記念文庫_金光明最勝王経音義	706	681	結	〔D〕結	結	結			1				ケツ	ケツ					10b2		ケツ
20-043-01	大東急記念文庫_金光明最勝王経音義	707	682	_	〔D〕_	_	_			1				ケツ六	ケツ六					10b2		ケツ
20-043-01	大東急記念文庫_金光明最勝王経音義	708	683	_	〔D〕契	契	契			1				カイ	カイ					10b2		カイ
20-043-01	大東急記念文庫_金光明最勝王経音義	709	684	炬	〔D〕炬	炬	炬			1		〔圏〕上	〔圏〕上	コ	コ					10b2		コ
20-043-01	大東急記念文庫_金光明最勝王経音義	710	685	鋪	〔D〕鋪	鋪	鋪			1				フク	フク					10b2		フク
20-043-01	大東急記念文庫_金光明最勝王経音義	711	686	鉾	〔D〕鉾	鉾	鉾			1		〔圏〕平	〔圏〕平	ム	ム					10b2		ム
20-043-01	大東急記念文庫_金光明最勝王経音義	712	687	_	〔D〕_	_	_			1		〔圏〕去	〔圏〕去	サン	サン					10b2		サン
20-043-01	大東急記念文庫_金光明最勝王経音義	713	688	_	〔D〕_	_	_			1				ヒヤウ	ヒヤウ					10b2		ビヤウ
20-043-01	大東急記念文庫_金光明最勝王経音義	714	689	糖	〔D〕糖	糖	糖			1		〔圏〕平	〔圏〕平	タウ	タウ					10b2		タウ
20-043-01	大東急記念文庫_金光明最勝王経音義	715	690	炭	〔D〕炭	炭	炭			1				タン六	タン六					10b2		タン
20-043-01	大東急記念文庫_金光明最勝王経音義	716	691	蘇	〔D〕蘇	蘇	蘇			1				ソ六	ソ六					10b2		ソ
20-043-01	大東急記念文庫_金光明最勝王経音義	717	692	寧	〔D〕寧	寧	寧			1				ネイ六	ネイ六					10b2		ネイ
20-043-01	大東急記念文庫_金光明最勝王経音義	718	693	統	〔D〕統	統	統			1				ツウ六	ツウ六					10b2		ツウ
20-043-01	大東急記念文庫_金光明最勝王経音義	719	694	旃	〔D〕旃	旃	旃			1				セン六	セン六					10b2		セン
20-043-01	大東急記念文庫_金光明最勝王経音義	720	695	荼	〔D〕荼	荼	荼			1				タ	タ					10b3		ダ
20-043-01	大東急記念文庫_金光明最勝王経音義	721	696	擯	〔D〕擯	擯	擯			1				ヒン六	ヒン六					10b3		ヒン
20-043-01	大東急記念文庫_金光明最勝王経音義	722	697	_	〔A〕_	_	_			1		去	去				來_			10b4		ライ
20-043-01	大東急記念文庫_金光明最勝王経音義	723	698	匱	〔A〕匱	匱	匱			1		平	平				貴_			10b4		クヰ
20-043-01	大東急記念文庫_金光明最勝王経音義	724	699	乏	〔A〕乏	乏	乏			1		入	入				法_			10b4		ホフ
20-043-01	大東急記念文庫_金光明最勝王経音義	725	700	_	〔A〕_	_	_			1		入	入				發_			10b5		ホツ
20-043-01	大東急記念文庫_金光明最勝王経音義	726	701	_	〔A〕_	_	_			1		去	去				弥_			10b5		ミ
20-043-01	大東急記念文庫_金光明最勝王経音義	727	702	猴	〔A〕猴	猴	猴			1		上	上				五_			10b5		ゴ
20-043-01	大東急記念文庫_金光明最勝王経音義	728	703	針	〔A〕針	針	針			1		平	平			志牟反				10b5		シム
20-043-01	大東急記念文庫_金光明最勝王経音義	729	704	昆	〔A〕昆	昆	昆			1		平	平				建_			10b6		コン
20-043-01	大東急記念文庫_金光明最勝王経音義	730	705	_	〔A〕_	_	_			1		去	去				番_			10b6		ハン
20-043-01	大東急記念文庫_金光明最勝王経音義	731	706	霧	〔A〕霧	霧	霧			1		平	平				牟_			10b6		ム
20-043-01	大東急記念文庫_金光明最勝王経音義	732	707	暉	〔A〕暉	暉	暉			1		平	平				貴_			10b6		クヰ
20-043-01	大東急記念文庫_金光明最勝王経音義	733	708	_	〔A〕_	_	_			1		去	去				民_			10b6		ミン
20-043-01	大東急記念文庫_金光明最勝王経音義	734	709	痰	〔A〕痰	痰	痰			1		去	去			駄牟反				10b6		ダム
20-043-01	大東急記念文庫_金光明最勝王経音義	735	710	_	〔A〕_	_	_			1		平	平			於牟反				11a1		オム
20-043-01	大東急記念文庫_金光明最勝王経音義	736	711	_	〔A〕_	_	_			1		去	去				古_			11a1		コ
20-043-01	大東急記念文庫_金光明最勝王経音義	737	712	氷	〔A〕氷	氷	氷			1		平	平			比与ン反				11a1		ヒヨウ
20-043-01	大東急記念文庫_金光明最勝王経音義	738	713	_	〔A〕_	_	_			1		平	平				験_			11a1		ゲム
20-043-01	大東急記念文庫_金光明最勝王経音義	739	714	醋	〔A〕醋	醋	醋			1		入	入				尺_			11a1		シヤク
20-043-01	大東急記念文庫_金光明最勝王経音義	740	715	甜	〔A〕甜	甜	甜			1		平	平			太牟反				11a1		タム
20-043-01	大東急記念文庫_金光明最勝王経音義	741	716	刺	〔A〕刺	刺	刺			1		去	去				之_			11a2		シ
20-043-01	大東急記念文庫_金光明最勝王経音義	742	717	孩	〔A〕孩	孩	孩			1		去	去				亥_			11a2	又作咳	ガイ
20-043-01	大東急記念文庫_金光明最勝王経音義	743	718	乾	〔A〕乾	乾	乾			1		去	去				干_			11a2		カン
20-043-01	大東急記念文庫_金光明最勝王経音義	744	719	_	〔A〕_	_	_			1		平	平			曽宇反	又主音			11a2		ソウ
20-043-01	大東急記念文庫_金光明最勝王経音義	745	720	規	〔A〕規	規	規			1		去	去				幾_			11a2		キ
20-043-01	大東急記念文庫_金光明最勝王経音義	746	721	_	〔A〕_	_	_			1		去	去				苦_			11a3	又作【口奇】	クウ
20-043-01	大東急記念文庫_金光明最勝王経音義	747	722	餌	〔A〕餌	餌	餌			1		平	平				又作_二音			11a3		ニ
20-043-01	大東急記念文庫_金光明最勝王経音義	748	723	■	〔A〕■	■	■			1		上	上				理_			11a3		リ
20-043-01	大東急記念文庫_金光明最勝王経音義	749	724	涸	〔A〕涸	涸	涸			1		入	入				各_			11a3		カク
20-043-01	大東急記念文庫_金光明最勝王経音義	750	725	欽	〔C〕欽	欽	欽			1							金			11a3		キム
20-043-01	大東急記念文庫_金光明最勝王経音義	751	726	曝	〔A〕曝	曝	曝			1		去	去				暴_			11a4		ボウ
20-043-01	大東急記念文庫_金光明最勝王経音義	752	727	循	〔A〕循	循	循			1		平	平				順_			11a4		ジユン
20-043-01	大東急記念文庫_金光明最勝王経音義	753	728	崖	〔A〕崖	崖	崖			1		去	去				亥_			11a4		ガイ
20-043-01	大東急記念文庫_金光明最勝王経音義	754	729	梢	〔A〕梢	梢	梢			1		去	去				抄_			11a4		セウ
20-043-01	大東急記念文庫_金光明最勝王経音義	755	730	_	〔A〕_	_	_			1		入	入				渇_			11a4		カチ
20-043-01	大東急記念文庫_金光明最勝王経音義	756	731	睇	〔A〕睇	睇	睇			1						太伊反				11a4		タイ
20-043-01	大東急記念文庫_金光明最勝王経音義	757	732	騷	〔A〕騷	騷	騷			1		平	平			佐宇反				11a5		サウ
20-043-01	大東急記念文庫_金光明最勝王経音義	758	733	崎	〔A〕崎	崎	崎			1		去	去				幾_			11a5		キ
20-043-01	大東急記念文庫_金光明最勝王経音義	759	734	沓	〔A〕沓	沓	沓			1		入	入				答_			11a5		タフ
20-043-01	大東急記念文庫_金光明最勝王経音義	760	735	_	〔A〕_	_	_			1		去	去			倍伊反				11a5		ベイ
20-043-01	大東急記念文庫_金光明最勝王経音義	761	736	荊	〔A〕荊	荊	荊			1		去	去				形_			11b2		ギヤウ
20-043-01	大東急記念文庫_金光明最勝王経音義	762	737	棘	〔A〕棘	棘	棘			1		入	入				國_			11b2		コク
20-043-01	大東急記念文庫_金光明最勝王経音義	763	738	黔	〔A〕黔	黔	黔			1		去	去				今_			11b2		キム
20-043-01	大東急記念文庫_金光明最勝王経音義	764	739	〓	〔A〕【利今】	〓	【利今】			1		上	上				利ヽ			11b2		リ
20-043-01	大東急記念文庫_金光明最勝王経音義	765	740	賞	〔A〕賞	賞	賞			1		上	上				生_			11b3		シヤウ
20-043-01	大東急記念文庫_金光明最勝王経音義	766	741	憩	〔A〕憩	憩	憩			1		去	去			計伊反				11b3		ケイ
20-043-01	大東急記念文庫_金光明最勝王経音義	767	742	纔	〔A〕纔	纔	纔			1		平	平				細_			11b3		サイ
20-043-01	大東急記念文庫_金光明最勝王経音義	768	743	暇	〔A〕暇	暇	暇			1		平	平				仮_			11b3		ケ
20-043-01	大東急記念文庫_金光明最勝王経音義	769	744	虎	〔A〕虎	虎	虎			1		去	去				古_			11b3	又作【虍巾】	コ
20-043-01	大東急記念文庫_金光明最勝王経音義	770	745	豹	〔A〕豹	豹	豹			1		去	去				表_			11b4		ヘウ
20-043-01	大東急記念文庫_金光明最勝王経音義	771	746	犲	〔A〕犲	犲	犲			1		去	去				才_			11b4		サイ
20-043-01	大東急記念文庫_金光明最勝王経音義	772	747	徘	〔A〕徘	徘	徘			1		去	去				非_			11b4		ヒ
20-043-01	大東急記念文庫_金光明最勝王経音義	773	748	徊	〔A〕徊	徊	徊			1		上	上				廻_			11b4		ヱ
20-043-01	大東急記念文庫_金光明最勝王経音義	774	749	洟	〔A〕洟	洟	洟			1		平	平			天伊反				11b4	又作涕	テイ
20-043-01	大東急記念文庫_金光明最勝王経音義	775	750	唾	〔A〕唾	唾	唾			1		平	平				多_			11b5		タ
20-043-01	大東急記念文庫_金光明最勝王経音義	776	751	舟	〔A〕舟	舟	舟			1		平	平				又作舩仙_			11b5		セン
20-043-01	大東急記念文庫_金光明最勝王経音義	777	752	航	〔A〕航	航	航			1		平	平				向			11b5		カウ
20-043-01	大東急記念文庫_金光明最勝王経音義	778	753	脉	〔A〕脉	脉	脉			1		入	入				麥ヽ			11b5		ミヤク
20-043-01	大東急記念文庫_金光明最勝王経音義	779	754	〓	〔A〕【__】	〓	【__】			1		去	去				根			11b5		コン
20-043-01	大東急記念文庫_金光明最勝王経音義	780	755	瘠	〔A〕瘠	瘠	瘠			1		入	入				尺_			11b6		シヤク
20-043-01	大東急記念文庫_金光明最勝王経音義	781	756	激	〔A〕激	激	激			1		入	入			下伎反				11b6		ゲキ
20-043-01	大東急記念文庫_金光明最勝王経音義	782	757	砥	〔A〕砥	砥	砥			1		去	去				之ヽ			11b6		シ
20-043-01	大東急記念文庫_金光明最勝王経音義	783	758	〓	〔A〕【目而而】	〓	【目而而】			1		平	平				忍_			11b6		ニン
20-043-01	大東急記念文庫_金光明最勝王経音義	784	759	霑	〔A〕霑	霑	霑			1							點_			11b6		テム
20-043-01	大東急記念文庫_金光明最勝王経音義	785	760	_	〔A〕_	_	_			1							阿_			11b6		ア
20-043-01	大東急記念文庫_金光明最勝王経音義	786	761	_	〔A〕_	_	_			1		平	平				又於_			11b6		オ
20-043-01	大東急記念文庫_金光明最勝王経音義	787	762	雛	〔A〕雛	雛	雛			1		去	去				秀_			12a1		シウ
20-043-01	大東急記念文庫_金光明最勝王経音義	788	763	_	〔A〕_	_	_			1		去	去				経ヽ			12a1		キヤウ
20-043-01	大東急記念文庫_金光明最勝王経音義	789	764	捫	〔A〕捫	捫	捫			1		平	平				文_			12a1		モン
20-043-01	大東急記念文庫_金光明最勝王経音義	790	765	噎	〔A〕噎	噎	噎			1		入	入				悦_			12a1		エチ
20-043-01	大東急記念文庫_金光明最勝王経音義	791	766	驟	〔A〕驟	驟	驟			1		平	平				主？_			12a1		シユ
20-043-01	大東急記念文庫_金光明最勝王経音義	792	767	屠	〔A〕屠	屠	屠			1		去	去				斗_			12a1		ト
20-043-01	大東急記念文庫_金光明最勝王経音義	793	768	割	〔A〕割	割	割			1		入	入				渇_			12a2		カチ
20-043-01	大東急記念文庫_金光明最勝王経音義	794	769	擒	〔A〕擒	擒	擒			1		平	平				主_			12a2	又作禽	シユ
20-043-01	大東急記念文庫_金光明最勝王経音義	795	770	顧	〔A〕顧	顧	顧			1		去	去				古_			12a2	又作■	コ
20-043-01	大東急記念文庫_金光明最勝王経音義	796	771	號	〔A〕號	號	號			1		平	平				号ヽ			12a2		ガウ
20-043-01	大東急記念文庫_金光明最勝王経音義	797	772	_	〔A〕_	_	_			1		去	去			太宇反				12a3		タウ
20-043-01	大東急記念文庫_金光明最勝王経音義	798	773	冑	〔A〕冑	冑	冑			1		去	去			智宇反				12a3		チウ
20-043-01	大東急記念文庫_金光明最勝王経音義	799	774	_	〔A〕_	_	_			1		入	入				忽_			12a3		コチ
20-043-01	大東急記念文庫_金光明最勝王経音義	800	775	悽	〔A〕悽	悽	悽			1		平	平				細_			12a3		サイ
20-043-01	大東急記念文庫_金光明最勝王経音義	801	776	_	〔A〕_	_	_			1		平	平				丙_			12a3		ヒヤウ
20-043-01	大東急記念文庫_金光明最勝王経音義	802	777	_	〔A〕_	_	_			1		平	平			智与反				12a3		チヨ
20-043-01	大東急記念文庫_金光明最勝王経音義	803	778	幼	〔B〕幼	幼少	幼少			1		〔圏〕去	〔圏〕去平	エウ	エウ＊					13a3		エウ
20-043-01	大東急記念文庫_金光明最勝王経音義	804	778	少	〔B〕少	幼少	幼少			2		〔圏〕平	〔圏〕去平		エウ＊					13a3		セウ