資料番号	資料名	資料内漢字番号	資料内漢語番号	単字_見出し	単字_出現形	漢語_見出し	漢語_出現形	漢語_alphabet	語種	漢語内位置	単字長	声点	声点型	仮名注	仮名型	反切	類音	節博士	その他	出現位置	備考	巻・紙数行数（削除）	メモ
20-049-01	守護国界主陀羅尼経_石山寺	1	1	染	染	染著	染著			1				セム	セム＊					525a13		一・一9	於順於違心無染著
20-049-01	守護国界主陀羅尼経_石山寺	2	2	潔	潔	明潔	明潔			2				ケム	＊ケム					525a14	ｔ韻尾	一・一10	梵行清淨正念明潔
20-049-01	守護国界主陀羅尼経_石山寺	3	3	底	底	源底	源底			2				テイ	＊テイ					525a17		一・一13	任運深入至於源底
20-049-01	守護国界主陀羅尼経_石山寺	4	4	楞	楞	首楞嚴	首楞嚴			2				ロ	＊ロ＊					525a18	音訳・ng韻尾	一・一14	住首楞嚴諸三昧門
20-049-01	守護国界主陀羅尼経_石山寺	5	5	熾	熾	熾盛	熾盛			1				シキ	シキサウ					525a25		一・一21	光明熾盛如鎔眞金
20-049-01	守護国界主陀羅尼経_石山寺	6	5	盛	盛	熾盛	熾盛			2				サウ	シキサウ					525a25	直音表記	一・一21	光明熾盛如鎔眞金
20-049-01	守護国界主陀羅尼経_石山寺	7	6	焔	焔	普焔	普焔			2				エム	＊エム					525a28		一・一24	普焔菩薩摩訶薩
20-049-01	守護国界主陀羅尼経_石山寺	8	7	冠	冠	寶冠	寶冠			2				カウ	＊カウ					525b04	直音表記・ｎ韻尾	一・二5	寶冠菩薩寶髻菩薩
20-049-01	守護国界主陀羅尼経_石山寺	9	8	髻	髻	寶髻	寶髻			2				ケイ	＊ケイ					525b04		一・二5	寶冠菩薩寶髻菩薩
20-049-01	守護国界主陀羅尼経_石山寺	10	9	猛	猛	猛音	猛音			1				マウ	マウ＊					525b12	直音表記	一・二14	師子威猛意菩薩（石山寺本「猛音菩薩」）
20-049-01	守護国界主陀羅尼経_石山寺	11	10	商	商	商主	商主			1					生＊		生			525b25	音訳	一・三3	商主天子
20-049-01	守護国界主陀羅尼経_石山寺	12	11	醯	醯	摩醯首羅	摩醯首羅			2				ケ	＊ケ＊＊					525b27	音訳	一・三4	摩醯首羅天王
20-049-01	守護国界主陀羅尼経_石山寺	13	12	映	暎	映奪	暎奪			1				エイ	エイタム					525c05		一・三11	光相炳曜映奪一切
20-049-01	守護国界主陀羅尼経_石山寺	14	12	奪	奪	映奪	映奪			2				タム	エイタム					525c05	ｔ韻尾	一・三11	光相炳曜映奪一切
20-049-01	守護国界主陀羅尼経_石山寺	15	13	怨	寃	魔怨	魔寃			2					＊遠		遠			525c11		一・三17	降伏魔怨
20-049-01	守護国界主陀羅尼経_石山寺	16	14	違	違	違	違			1				ヰ	ヰ					525c12		一・三17	於順於違
20-049-01	守護国界主陀羅尼経_石山寺	17	15	濁	濁	垢濁	垢濁			2				トク	＊トク					525c12	直音表記	一・三17	心無垢濁如清淨池
20-049-01	守護国界主陀羅尼経_石山寺	18	16	周	周	周匝	周匝			1				ス	スサフ					525c20		一・三25	一切衆會周匝遍滿
20-049-01	守護国界主陀羅尼経_石山寺	19	16	匝	匝	周匝	周匝			2				サフ	スサフ					525c20		一・三25	一切衆會周匝遍滿
20-049-01	守護国界主陀羅尼経_石山寺	20	17	網	網	網鐸	網鐸			1				マウ	マウタク					525c23		一・四3	諸網鐸
20-049-01	守護国界主陀羅尼経_石山寺	21	17	鐸	鐸	網鐸	網鐸			2				タク	マウタク					525c23	直音表記	一・四3	諸網鐸
20-049-01	守護国界主陀羅尼経_石山寺	22	18	_	_	_綵	_綵			1				ソウ	ソウサイ					525c24		一・四3	衆寶_綵
20-049-01	守護国界主陀羅尼経_石山寺	23	18	綵	綵	_綵	_綵			2				サイ	ソウサイ					525c24		一・四3	衆寶_綵
20-049-01	守護国界主陀羅尼経_石山寺	24	19	列	列	羅列	羅列			2				レ	＊レ					525c24	ｔ韻尾	一・四3	羅列建立周匝
20-049-01	守護国界主陀羅尼経_石山寺	25	20	坦	坦	平坦	平坦			2				タム	＊タム					525c25		一・四4	平坦如掌
20-049-01	守護国界主陀羅尼経_石山寺	26	21	潔	潔	香潔	香潔			2				ケム	＊ケム					525c26	ｔ韻尾	一・四5	香潔柔軟
20-049-01	守護国界主陀羅尼経_石山寺	27	22	柔	柔	柔軟	柔軟			1				ニウ	ニウ難					525c26		一・四5	香潔柔軟
20-049-01	守護国界主陀羅尼経_石山寺	28	22	軟	軟	柔軟	柔軟			2					ニウ難		難			525c26		一・四5	香潔柔軟
20-049-01	守護国界主陀羅尼経_石山寺	29	23	没	没	沒	沒			1				モ	モ					525c26	ｔ韻尾	一・四5	蹈則沒足
20-049-01	守護国界主陀羅尼経_石山寺	30	24	欣	欣	欣樂	欣樂			1				コム	コム＊					525c27		一・四6	欣樂無厭
20-049-01	守護国界主陀羅尼経_石山寺	31	25	博	博	瞻博迦	瞻博迦			2				ハ	＊ハ＊					525c28	音訳・ｋ韻尾	一・四7	瞻博迦花
20-049-01	守護国界主陀羅尼経_石山寺	32	26	微	微	微風	微風			1				ヒ	ヒ＊					526a03		一・四10	微風吹動
20-049-01	守護国界主陀羅尼経_石山寺	33	27	吹	吹	吹動	吹動			1				スイ	スイ＊					526a03		一・四10	微風吹動
20-049-01	守護国界主陀羅尼経_石山寺	34	28	飄	飄	飄滌	飄滌			1				ヘウ	ヘウテキ					526a03		一・四10	飄滌諸穢
20-049-01	守護国界主陀羅尼経_石山寺	35	28	滌	滌	飄滌	飄滌			2				テキ	ヘウテキ					526a03		一・四10	飄滌諸穢
20-049-01	守護国界主陀羅尼経_石山寺	36	29	涌	涌	涌出	涌出			1				ユ	ユ＊					526a04		一・四10	涌出無數百寶蓮華
20-049-01	守護国界主陀羅尼経_石山寺	37	30	吠	吠	吠琉璃	吠琉璃			1				ヘイ	ヘイ＊＊					526a05	音訳	一・四12	以吠琉璃而爲其莖
20-049-01	守護国界主陀羅尼経_石山寺	38	31	濕	濕	阿濕摩竭磨	阿濕摩竭磨			2				シフ	＊シフ＊カム＊					526a06	音訳	一・四12	阿濕摩竭磨寶
20-049-01	守護国界主陀羅尼経_石山寺	39	31	羯	竭	阿濕摩羯磨	阿濕摩竭磨			4				カム	＊シフ＊カム＊					526a06	音訳・ｔ韻尾	一・四13	阿濕摩竭磨寶
20-049-01	守護国界主陀羅尼経_石山寺	40	32	細	細	細滑	細滑			1				サイ	サイカム					526a07		一・四14	其花柔軟光淨細滑
20-049-01	守護国界主陀羅尼経_石山寺	41	32	滑	滑	細滑	細滑			2				カム	サイカム					526a07	ｔ韻尾	一・四14	其花柔軟光淨細滑
20-049-01	守護国界主陀羅尼経_石山寺	42	33	厭	厭	厭足	厭足			1				エム	エム＊					526a08		一・四14	衆生見者情無厭足
20-049-01	守護国界主陀羅尼経_石山寺	43	34	瑞	瑞	瑞	瑞			1				スイ	スイ					526a09		一・四16	現斯瑞
20-049-01	守護国界主陀羅尼経_石山寺	44	35	涌	涌	涌出	涌出			1				ユ	ユ＊					526a10		一・四17	各有寶樹從地涌出
20-049-01	守護国界主陀羅尼経_石山寺	45	36	厭	厭	厭足	厭足			1				エム	エム＊					526a16		一・四21	觀無厭足發清淨心
20-049-01	守護国界主陀羅尼経_石山寺	46	37	_	_	_跪	_跪			1				コ	コキ					526a16		一・四22	即從座起_跪合掌
20-049-01	守護国界主陀羅尼経_石山寺	47	37	跪	跪	_跪	_跪			2				キ	コキ					526a16	直音表記	一・四22	即從座起_跪合掌
20-049-01	守護国界主陀羅尼経_石山寺	48	38	容	容	威容	威容			2				ヨウ	＊ヨウ					526a18		一・四23	如來威容不可量
20-049-01	守護国界主陀羅尼経_石山寺	49	39	暉	暉	光暉	光暉			2				エウ	＊エウ					526a19	隣行「曜」への加点？	一・四24	一切星宿奪光暉（隣行「曜」ヘノ加点カ）
20-049-01	守護国界主陀羅尼経_石山寺	50	40	曜	曜	照曜	照曜			2				エウ	＊エウ					526a20	照耀ノ誤カ	一・四25	放百千光而照耀
20-049-01	守護国界主陀羅尼経_石山寺	51	41	慰	慰	慰喩	慰喩			1				ヰ	ヰユ					526a27		一・五7	慰喩教化諸衆生
20-049-01	守護国界主陀羅尼経_石山寺	52	41	喩	喩	慰喩	慰喩			2				ユ	ヰユ					526a27		一・五7	慰喩教化諸衆生
20-049-01	守護国界主陀羅尼経_石山寺	53	42	映	暎	映奪	暎奪			1				エイ	エイタム					526a29		一・五9	映奪摩尼火等光
20-049-01	守護国界主陀羅尼経_石山寺	54	42	奪	奪	映奪	映奪			2				タム	エイタム					526a29	ｔ韻尾	一・五9	映奪摩尼火等光
20-049-01	守護国界主陀羅尼経_石山寺	55	43	宵	宵	中宵	中宵			2				セウ	＊セウ					526b02		一・五11	譬如中宵圓淨月
20-049-01	守護国界主陀羅尼経_石山寺	56	44	耀	耀	光耀	光耀			2				エウ	＊エウ					526b04		一・五13	無遠不照發光耀
20-049-01	守護国界主陀羅尼経_石山寺	57	45	窟	窟	山窟	山窟			2				クム	＊クム					526b06	ｔ韻尾	一・五15	如山窟中師子吼
20-049-01	守護国界主陀羅尼経_石山寺	58	46	曜	曜	光曜	光曜			2				エウ	＊エウ					526b08		一・五17	亦如摩尼寶光曜
20-049-01	守護国界主陀羅尼経_石山寺	59	47	奪	奪	超奪	超奪			2				タム	＊タム					526b08	ｔ韻尾	一・五17	超奪一切寶光明
20-049-01	守護国界主陀羅尼経_石山寺	60	48	雄	雄	大雄	大雄			2				オウ	＊オウ					526b11		一・五20	我見大雄哀世間
20-049-01	守護国界主陀羅尼経_石山寺	61	49	差	差	差別	差別			1				サ	サ＊					526b20		一・六4	法界差別教法
20-049-01	守護国界主陀羅尼経_石山寺	62	50	微	微	微細	微細			1				ミ	ミサイ					526b26		一・六9	微細觀察深法性
20-049-01	守護国界主陀羅尼経_石山寺	63	50	細	細	微細	微細			2				サイ	ミサイ					526b26		一・六10	微細觀察深法性
20-049-01	守護国界主陀羅尼経_石山寺	64	51	默	默	默然	默然			1				モク	モク＊					526b26		一・六10	默然而住
20-049-01	守護国界主陀羅尼経_石山寺	65	52	差	差	差別	差別			1				サ	サ＊					526c07		一・六18	種種差別
20-049-01	守護国界主陀羅尼経_石山寺	66	53	盲	盲	生盲	生盲			2				マウ	＊マウ					526c07		一・六19	猶如生盲不見日月
20-049-01	守護国界主陀羅尼経_石山寺	67	54	麁	麁	麁細	麁細			1				ソ	ソサイ					526c12		一・六23	麁細分別及無分別
20-049-01	守護国界主陀羅尼経_石山寺	68	54	細	細	麁細	麁細			2				サイ	ソサイ					526c12		一・六23	麁細分別及無分別
20-049-01	守護国界主陀羅尼経_石山寺	69	55	厭	厭	厭倦	厭倦			1				エム	エムケム					526c14		一・六25	生長成熟而無厭倦
20-049-01	守護国界主陀羅尼経_石山寺	70	55	倦	倦	厭倦	厭倦			2				ケム	エムケム					526c14	直音表記	一・六25	生長成熟而無厭倦
20-049-01	守護国界主陀羅尼経_石山寺	71	56	飄	飄	飄	飄			1				ヘウ	ヘウ					526c15		一・七1	飄一切煩惱塵垢
20-049-01	守護国界主陀羅尼経_石山寺	72	57	滋	滋	滋長	滋長			1				シ	シ＊					526c16		一・七2	滋長
20-049-01	守護国界主陀羅尼経_石山寺	73	58	髻	髻	肉髻	肉髻			2				ケイ	＊ケイ					526c18		一・七4	於頂上肉髻之中
20-049-01	守護国界主陀羅尼経_石山寺	74	59	膚	膚	膚骨	膚骨			1				フ	フコム					526c18		一・七4	膚骨毛孔放大光明
20-049-01	守護国界主陀羅尼経_石山寺	75	59	骨	骨	膚骨	膚骨			2				コム	フコム					526c18	ｔ韻尾	一・七4	膚骨毛孔放大光明
20-049-01	守護国界主陀羅尼経_石山寺	76	60	鮮	鮮	鮮白	鮮白			1				セム	セム＊					526c19		一・七5	其光鮮白
20-049-01	守護国界主陀羅尼経_石山寺	77	61	乳	乳	乳色	乳色			1				ニウ	ニウ＊					526c22		一・七8	皆同鮮白猶如乳色
20-049-01	守護国界主陀羅尼経_石山寺	78	62	壁	壁	石壁	石壁			2					＊白		白			526c25		一・七11	山河石壁草木叢林
20-049-01	守護国界主陀羅尼経_石山寺	79	63	鎔	鎔	鎔金色	鎔金色			1				ユ	ユ＊＊					527a01		一・七13	其中所有皆鎔金色
20-049-01	守護国界主陀羅尼経_石山寺	80	64	紅	紅	紅頗梨	紅頗梨			1				ク	クハリ					527a02		一・七16	放大光明紅頗梨色
20-049-01	守護国界主陀羅尼経_石山寺	81	64	頗	頗	紅頗梨	紅頗梨			2				ハ	クハリ					527a02	音訳	一・七16	放大光明紅頗梨色
20-049-01	守護国界主陀羅尼経_石山寺	82	64	梨	梨	紅頗梨	紅頗梨			3				リ	クハリ					527a02	音訳	一・七16	放大光明紅頗梨色
20-049-01	守護国界主陀羅尼経_石山寺	83	65	紅	紅	紅頗梨	紅頗梨			1				ク	ク＊＊					527a04		一・七18	皆紅頗梨色
20-049-01	守護国界主陀羅尼経_石山寺	84	66	緑	緑	緑色	緑色			1				ロク	ロク＊					527a06		一・七19	青黄赤白及於緑色
20-049-01	守護国界主陀羅尼経_石山寺	85	67	紅	紅	紅頗梨	紅頗梨			1				ク	ク＊＊					527a15		一・八2	紅頗梨色光
20-049-01	守護国界主陀羅尼経_石山寺	86	68	遶	遶	右遶	右遶			2				ネウ	＊ネウ					527a16		一・八3	來至佛所右遶三匝
20-049-01	守護国界主陀羅尼経_石山寺	87	69	展	展	展照	展照			1				テ	テ＊					527a18	ｎ韻尾	一・八5	雖此光明展照還收
20-049-01	守護国界主陀羅尼経_石山寺	88	70	減	減	増減	増減			2				ケム	＊ケム					527a18		一・八5	而如來身體無増減
20-049-01	守護国界主陀羅尼経_石山寺	89	71	減	減	増減	増減			2				ケム	＊ケム					527a19		一・八6	無有増減
20-049-01	守護国界主陀羅尼経_石山寺	90	72	酥	蘇	融酥	融蘇			2				ソ	＊ソ					527a19		一・八7	亦如油水及以融酥
20-049-01	守護国界主陀羅尼経_石山寺	91	73	臾	臾	須臾	須臾			2				ユ	＊ユ					527a21		一・八8	須臾卷攝
20-049-01	守護国界主陀羅尼経_石山寺	92	74	歸	歸	歸	歸			1				キ	キ					527a21	直音表記	一・八8	還歸雪山纖毫無迹
20-049-01	守護国界主陀羅尼経_石山寺	93	75	纖	纖	纖毫	纖毫			1				セム	セムカウ					527a21		一・八8	還歸雪山纖毫無迹
20-049-01	守護国界主陀羅尼経_石山寺	94	75	毫	毫	纖毫	纖毫			2				カウ	セムカウ					527a21		一・八8	還歸雪山纖毫無迹
20-049-01	守護国界主陀羅尼経_石山寺	95	76	涌	涌	涌	涌			1				ユウ	ユウ					527a26		一・八12	中涌邊沒
20-049-01	守護国界主陀羅尼経_石山寺	96	77	_	_	_跪	_跪			1				コ	コキ					527b01		一・八15	頂禮佛足_跪合掌
20-049-01	守護国界主陀羅尼経_石山寺	97	77	跪	跪	_跪	_跪			2				キ	コキ					527b01	直音表記	一・八15	頂禮佛足_跪合掌
20-049-01	守護国界主陀羅尼経_石山寺	98	78	啓	啓	啓發	啓發			1				ケイ	ケイ＊					527b04		一・八18	汝今善能啓發斯問
20-049-01	守護国界主陀羅尼経_石山寺	99	79	感	感	悲感	悲感			2				カム	＊カム					527b20		一・九7	悲感欣慕不能自持
20-049-01	守護国界主陀羅尼経_石山寺	100	80	欣	欣	欣慕	欣慕			1				コ	コホウ					527b20	ｎ韻尾	一・九7	悲感欣慕不能自持
20-049-01	守護国界主陀羅尼経_石山寺	101	80	慕	慕	欣慕	欣慕			2				ホウ	コホウ					527b20		一・九7	悲感欣慕不能自持「す・る・に」
20-049-01	守護国界主陀羅尼経_石山寺	102	81	良	良	良醫	良醫			1				ラウ	ラウイ					527b21		一・九8	更無所思唯思良醫
20-049-01	守護国界主陀羅尼経_石山寺	103	81	醫	醫	良醫	良醫			2				イ	ラウイ					527b21		一・九9	更無所思唯思良醫
20-049-01	守護国界主陀羅尼経_石山寺	104	82	拔	拔	拔除	拔除			1				ハ	ハ＊					527b21	ｔ韻尾	一・九9	拔除毒箭令我安樂
20-049-01	守護国界主陀羅尼経_石山寺	105	83	_	_	_跪	_跪			1				コ	コキ					527b27		一・九14	_跪合掌而白佛言
20-049-01	守護国界主陀羅尼経_石山寺	106	83	跪	跪	_跪	_跪			2				キ	コキ					527b27	直音表記	一・九14	_跪合掌而白佛言
20-049-01	守護国界主陀羅尼経_石山寺	107	84	求	求	推求	推求			2				ク	＊ク					527c10		一・九25	畢竟推求倶不可得
20-049-01	守護国界主陀羅尼経_石山寺	108	85	契	契	契合	契合			1				ケイ	ケイ＊					527c12		一・一〇2	亦無能所契合之相
20-049-01	守護国界主陀羅尼経_石山寺	109	86	畢	畢	畢竟	畢竟			1				ヒ	ヒ＊					527c12	ｔ韻尾	一・一〇2	菩提畢竟無諸相故
20-049-01	守護国界主陀羅尼経_石山寺	110	87	紅	紅	紅	紅			1				ク	ク					527c22		一・一〇10	非紅非紫亦非金色
20-049-01	守護国界主陀羅尼経_石山寺	111	88	顯	顯	顯	顯			1				ケム	ケム					528a11		一・一一1	若形若顯
20-049-01	守護国界主陀羅尼経_石山寺	112	89	求	求	推求	推求			2				ク	＊ク					528a14		一・一一4	觀察推求
20-049-01	守護国界主陀羅尼経_石山寺	113	90	獲	獲	獲得	獲得			1				カク	カク＊					528a17	直音表記	一・一一7	獲得此三昧
20-049-01	守護国界主陀羅尼経_石山寺	114	91	用	用	功用	功用			2				ユウ	＊ユウ					528a22		一・一一11	不作功用
20-049-01	守護国界主陀羅尼経_石山寺	115	92	劣	劣	凡愚劣解	凡愚劣解			3				レム	＊＊レム＊					528b01	ｔ韻尾	一・一一18	非是凡愚劣解所知
20-049-01	守護国界主陀羅尼経_石山寺	116	93	聾	聾	聾人	聾人			1				ロウ	ロウ＊					528b06		一・一一22	又如聾人不聞細語
20-049-01	守護国界主陀羅尼経_石山寺	117	94	細	細	細語	細語			1				サイ	サイ＊					528b06		一・一一23	又如聾人不聞細語
20-049-01	守護国界主陀羅尼経_石山寺	118	95	砂	砂	砂鹵	砂鹵			1				サ	サロ					528b06		一・一一23	如砂鹵地不生蓮華
20-049-01	守護国界主陀羅尼経_石山寺	119	95	鹵	鹵	砂鹵	砂鹵			2				ロ	サロ					528b06		一・一一23	如砂鹵地不生蓮華
20-049-01	守護国界主陀羅尼経_石山寺	120	96	飢	飢	飢儉	飢儉			1				キ	キケム					528b07		一・一一24	於飢儉世
20-049-01	守護国界主陀羅尼経_石山寺	121	96	儉	儉	飢儉	飢儉			2				ケム	キケム					528b07		一・一一24	於飢儉世
20-049-01	守護国界主陀羅尼経_石山寺	122	97	美	美	甘美天	甘美天			2				ミ	＊ミ＊					528b07		一・一一24	食衆甘美天諸珍膳
20-049-01	守護国界主陀羅尼経_石山寺	123	98	膳	膳	珍膳	珍膳			2				セム	＊セム					528b08		一・一一24	食衆甘美天諸珍膳
20-049-01	守護国界主陀羅尼経_石山寺	124	99	楼	楼	高樓閣	高樓閣			2				ロ	＊ロ＊					528b08		一・一一25	昇高樓閣
20-049-01	守護国界主陀羅尼経_石山寺	125	100	飢	飢	飢餓	飢餓			1				キ	キ＊					528b08		一・一一25	告於無量飢餓衆生
20-049-01	守護国界主陀羅尼経_石山寺	126	101	泥	泥	泥	泥			1				テイ	テイ					528b19		一・一二9	於生死泥拔衆生者
20-049-01	守護国界主陀羅尼経_石山寺	127	102	某	某	某甲	某甲			1				ム	ム＊					528b22		一・一二13	我某甲等
20-049-01	守護国界主陀羅尼経_石山寺	128	103	某	某	某甲	某甲			1				ム	ム＊					528b25		一・一二15	我某甲等
20-049-01	守護国界主陀羅尼経_石山寺	129	104	沈	沈	沈溺	沈溺			1				チム	チムテキ					528b26		一・一二16	沈溺惡趣
20-049-01	守護国界主陀羅尼経_石山寺	130	104	溺	溺	沈溺	沈溺			2				テキ	チムテキ					528b26		一・一二16	沈溺惡趣
20-049-01	守護国界主陀羅尼経_石山寺	131	105	籠	籠	籠檻	籠檻			1				ロウ	ロウカム					528b26		一・一二16	入苦籠檻
20-049-01	守護国界主陀羅尼経_石山寺	132	105	檻	檻	籠檻	籠檻			2				カム	ロウカム					528b26		一・一二16	入苦籠檻
20-049-01	守護国界主陀羅尼経_石山寺	133	106	顛	顛	顛墜	顛墜			1				テム	テムツイ					528b26		一・一二16	顛墜諸惡
20-049-01	守護国界主陀羅尼経_石山寺	134	106	墜	墜	顛墜	顛墜			2				ツイ	テムツイ					528b26		一・一二16	顛墜諸惡
20-049-01	守護国界主陀羅尼経_石山寺	135	107	逼	逼	逼迫	逼迫			1				ヒ	ヒ＊					528b27	k韻尾	一・一二17	諸煩惱怨長夜逼迫
20-049-01	守護国界主陀羅尼経_石山寺	136	108	救	救	救	救			1				ク	ク					528b28		一・一二18	無主無救無歸無依
20-049-01	守護国界主陀羅尼経_石山寺	137	109	險	險	險惡道	險惡道			1				ケム	ケム＊＊					528b29		一・一二19	住於邪見險惡道中
20-049-01	守護国界主陀羅尼経_石山寺	138	110	背	背	背捨	背捨			1				ハイ	ハイサ					528b29		一・一二19	趣向生死背捨涅槃
20-049-01	守護国界主陀羅尼経_石山寺	139	110	捨	捨	背捨	背捨			2				サ	ハイサ					528b29	直音表記	一・一二19	趣向生死背捨涅槃
20-049-01	守護国界主陀羅尼経_石山寺	140	111	追	追	追逐	追逐			1				ツイ	ツイク					528c01		一・一二20	追逐惡友隨順惡教
20-049-01	守護国界主陀羅尼経_石山寺	141	111	逐	逐	追逐	追逐			2				ク（ママ）	ツイク					528c01		一・一二20	追逐惡友隨順惡教
20-049-01	守護国界主陀羅尼経_石山寺	142	112	友	友	惡友	惡友			2				ウ	＊ウ					528c02		一・一二20	追逐惡友隨順惡教
20-049-01	守護国界主陀羅尼経_石山寺	143	113	損	損	損	損			1				ソム	ソム					528c03		一・一二21	何者爲損何者爲益
20-049-01	守護国界主陀羅尼経_石山寺	144	114	繋	繋	繋著	繋著			1				ケ	ケ＊					528c04		一・一二22	爲不善法繋著不捨
20-049-01	守護国界主陀羅尼経_石山寺	145	115	棄	棄	棄背	棄背			1				キ	キハイ					528c04		一・一二23	棄背一切三乘聖人
20-049-01	守護国界主陀羅尼経_石山寺	146	115	背	背	棄背	棄背			2				ハイ	キハイ					528c04		一・一二23	棄背一切三乘聖人
20-049-01	守護国界主陀羅尼経_石山寺	147	116	網	網	羅網	羅網			2				マウ	＊マウ					528c06		一・一二24	種種惑業之所羅網
20-049-01	守護国界主陀羅尼経_石山寺	148	117	恐	恐	恐怖	恐怖			1				ク	ク＊					528c06		一・一二24	憂迫恐怖
20-049-01	守護国界主陀羅尼経_石山寺	149	118	忍	忍	諸忍	諸忍			2				ニム	＊ニム					528c07		一・一三1	諸地諸忍
20-049-01	守護国界主陀羅尼経_石山寺	150	119	忘	忘	忘失	忘失			1				マウ	マウ＊					528c09		一・一三3	無忘失法
20-049-01	守護国界主陀羅尼経_石山寺	151	120	留	留	留難	留難			1				ル	ル＊					528c12		一・一三5	無數苦惱障礙留難
20-049-01	守護国界主陀羅尼経_石山寺	152	121	宰	宰	無有主宰	無有主宰			4				サイ	＊＊＊サイ					528c21		一・一三13	及攝十方無有主宰
20-049-01	守護国界主陀羅尼経_石山寺	153	122	列	列	行列	行列			2				レ	＊レ					528c24	ｔ韻尾	一・一三16	衆寶欄楯分布行列
20-049-01	守護国界主陀羅尼経_石山寺	154	123	映	映	映帶	映帶			1				エイ	エイタイ					528c24		一・一三16	寶樹寶山以爲映帶
20-049-01	守護国界主陀羅尼経_石山寺	155	123	帶	帶	映帶	映帶			2				タイ	エイタイ					528c24		一・一三16	寶樹寶山以爲映帶
20-049-01	守護国界主陀羅尼経_石山寺	156	124	網	網	寶網	寶網			2				マウ	＊マウ					528c25		一・一三17	寶器寶珠寶鈴寶網
20-049-01	守護国界主陀羅尼経_石山寺	157	125	洲	洲	寶洲	寶洲			2				シウ	＊シウ					528c26		一・一三18	一一無量無數寶洲
20-049-01	守護国界主陀羅尼経_石山寺	158	126	錯	錯	間錯	間錯			2				サク	＊サク					528c27	直音表記	一・一三20	間錯莊嚴
20-049-01	守護国界主陀羅尼経_石山寺	159	127	浮	浮	閻浮檀金	閻浮檀金			2				フ	＊フ＊＊					528c28	音訳	一・一三21	閻浮檀金以爲其臺
20-049-01	守護国界主陀羅尼経_石山寺	160	128	_	_	__	__			1				カム	カム＊					528c29		一・一三21	眞金爲葉__敷榮
20-049-01	守護国界主陀羅尼経_石山寺	161	129	廊	廊	廊宇	廊宇			1				ラウ	ラウウ					529a03		一・一三24	妙寶廊宇金剛爲牆
20-049-01	守護国界主陀羅尼経_石山寺	162	129	宇	宇	廊宇	廊宇			2				ウ	ラウウ					529a03		一・一三24	妙寶廊宇金剛爲牆
20-049-01	守護国界主陀羅尼経_石山寺	163	130	苑	苑	園苑	園苑			2				ヲム	＊ヲム					529a04		一・一三25	種種天仙衆妙園苑
20-049-01	守護国界主陀羅尼経_石山寺	164	131	芬	芬	芬敷	芬敷			1				フ	フフ					529a04	ｎ韻尾	一・一四1	花林香草芬敷布_
20-049-01	守護国界主陀羅尼経_石山寺	165	131	敷	敷	芬敷	芬敷			2				フ	フフ					529a04		一・一四1	花林香草芬敷布_
20-049-01	守護国界主陀羅尼経_石山寺	166	132	_	_	布_	布_			2				カム	＊カム					529a04	直音表記	一・一四1	花林香草芬敷布_
20-049-01	守護国界主陀羅尼経_石山寺	167	133	用	用	受用	受用			2				ユウ	＊ユウ					529a06		一・一四3	曾未受用衆寶供具
20-049-01	守護国界主陀羅尼経_石山寺	168	134	美	美	美味	美味			1				ミ	ミ＊					529a08		一・一四5	色香美味皆悉具足
20-049-01	守護国界主陀羅尼経_石山寺	169	135	續	續	相續	相續			2				ソク	＊ソク					529a11		一・一四7	其樹四時花敷相續
20-049-01	守護国界主陀羅尼経_石山寺	170	136	氣	氣	香氣	香氣			2				キ	＊キ					529a11		一・一四7	香氣美妙
20-049-01	守護国界主陀羅尼経_石山寺	171	137	美	美	美妙	美妙			1				ミ	ミ＊					529a11		一・一四7	香氣美妙
20-049-01	守護国界主陀羅尼経_石山寺	172	138	沈	沈	沈寂虚凝	沈寂虚凝			1				チム	チム＊＊コウ					529a11		一・一四8	若有嗅者沈寂虚凝
20-049-01	守護国界主陀羅尼経_石山寺	173	138	凝	凝	沈寂虚凝	沈寂虚凝			4				コウ	チム＊＊コウ					529a12		一・一四8	若有嗅者沈寂虚凝
20-049-01	守護国界主陀羅尼経_石山寺	174	139	郁	郁	郁烈	郁烈			1				イク	イクレ					529a12		一・一四9	芬芳郁烈能奪人心
20-049-01	守護国界主陀羅尼経_石山寺	175	139	烈	烈	郁烈	郁烈			2				レ	イクレ					529a12	ｔ韻尾	一・一四9	芬芳郁烈能奪人心
20-049-01	守護国界主陀羅尼経_石山寺	176	140	宰	宰	無有主宰	無有主宰			4				サイ	＊＊＊サイ					529a13		一・一四9	無有主宰如意等樹
20-049-01	守護国界主陀羅尼経_石山寺	177	141	迷	迷	寶迷盧山	寶迷盧山			2				メイ	＊メイロ＊					529a15	音訳	一・一四11	寶迷盧山
20-049-01	守護国界主陀羅尼経_石山寺	178	141	盧	盧	寶迷盧山	寶迷盧山			3				ロ	＊メイロ＊					529a15	音訳	一・一四11	寶迷盧山
20-049-01	守護国界主陀羅尼経_石山寺	179	142	健	健	健_末陀山	健_末陀山			1				ケム	ケムタ＊＊＊					529a15	音訳	一・一四12	健_末陀山
20-049-01	守護国界主陀羅尼経_石山寺	180	142	_	_	健_末陀山	健_末陀山			2				タ	ケムタ＊＊＊					529a16	音訳	一・一四12	健_末陀山
20-049-01	守護国界主陀羅尼経_石山寺	181	143	耶	耶	摩羅耶山	摩羅耶山			3				ヤ	＊＊ヤ＊					529a16	音訳	一・一四12	摩羅耶山
20-049-01	守護国界主陀羅尼経_石山寺	182	144	尾	尾	尾_耶山	尾_耶山			1				ヒ	ヒ＊＊＊					529a16	音訳	一・一四12	尾_耶山
20-049-01	守護国界主陀羅尼経_石山寺	183	145	隣	隣	目眞隣陀山	目眞隣陀山			3				リム	＊＊リム＊＊					529a17	音訳	一・一四13	目眞隣陀山
20-049-01	守護国界主陀羅尼経_石山寺	184	146	窟	窟	巖窟	巖窟			2				ク	＊ク					529a19	ｔ韻尾	一・一四15	種種寶巖窟
20-049-01	守護国界主陀羅尼経_石山寺	185	147	宇	宇	堂宇	堂宇			2				ウ	＊ウ					529a19		一・一四16	種種寶堂宇
20-049-01	守護国界主陀羅尼経_石山寺	186	148	陛	陛	階陛	階陛			2				ヘイ	＊ヘイ					529a20		一・一四16	種種寶階陛
20-049-01	守護国界主陀羅尼経_石山寺	187	149	窓	窓	窓_	窓_			1				サウ	サウユウ					529a20		一・一四17	種種寶窓_
20-049-01	守護国界主陀羅尼経_石山寺	188	149	_	_	窓_	窓_			2				ユウ	サウユウ					529a20		一・一四17	種種寶窓_
20-049-01	守護国界主陀羅尼経_石山寺	189	150	塗	塗	塗飾	塗飾			1				ツ	ツシキ					529a20		一・一四17	種種寶塗飾
20-049-01	守護国界主陀羅尼経_石山寺	190	150	飾	飾	塗飾	塗飾			2				シキ	ツシキ					529a20		一・一四17	種種寶塗飾
20-049-01	守護国界主陀羅尼経_石山寺	191	151	梁	梁	梁柱	梁柱			1				ラウ	ラウチウ					529a21	直音表記	一・一四17	種種寶梁柱
20-049-01	守護国界主陀羅尼経_石山寺	192	151	柱	柱	梁柱	梁柱			2				チウ	ラウチウ					529a21		一・一四17	種種寶梁柱
20-049-01	守護国界主陀羅尼経_石山寺	193	152	庫	庫	寶庫藏	寶庫藏			2				コ	＊コ＊					529a21		一・一四17	種種寶庫藏
20-049-01	守護国界主陀羅尼経_石山寺	194	153	吠	吠	吠琉璃	吠琉璃			1				ヘイ	ヘイ＊＊					529a21	音訳	一・一四18	吠琉璃等種種寶牆
20-049-01	守護国界主陀羅尼経_石山寺	195	154	奇	奇	奇妙	奇妙			1				キ	キ＊					529a22		一・一四18	復有奇妙種種色類
20-049-01	守護国界主陀羅尼経_石山寺	196	155	宰	宰	無有主宰	無有主宰			4				サイ	＊＊＊サイ					529a22		一・一四19	無有主宰諸天宮殿
20-049-01	守護国界主陀羅尼経_石山寺	197	156	蘇	蘇	倶蘇摩	倶蘇摩			2				ソ	＊ソ＊					529a23	音訳	一・一四19	種種倶蘇摩等天
20-049-01	守護国界主陀羅尼経_石山寺	198	157	癡	癡	癡毒	癡毒			1				チ	チ＊					529a25		一・一四22	斷伏貪瞋散滅癡毒
20-049-01	守護国界主陀羅尼経_石山寺	199	158	摧	摧	摧壞	摧壞			1				サイ	サイ＊					529a25		一・一四22	摧壞惡業令無有餘
20-049-01	守護国界主陀羅尼経_石山寺	200	159	圖	圖	圖畫	圖畫			1					豆カク		豆反			530a10		二・一7	應先圖畫迦樓羅像
20-049-01	守護国界主陀羅尼経_石山寺	201	159	畫	畫	圖畫	圖畫			2				カク	豆カク					530a10	直音表記	二・一8	應先圖畫迦樓羅像
20-049-01	守護国界主陀羅尼経_石山寺	202	160	像	像	像	像			1				サウ	サウ					530a11		二・一8	應先圖畫迦樓羅像
20-049-01	守護国界主陀羅尼経_石山寺	203	161	純	純	純熟	純熟			1				ス	ス＊					530a11	ｎ韻尾	二・一8	審諦觀察觀行純熟
20-049-01	守護国界主陀羅尼経_石山寺	204	162	契	契	印契	印契			2				ケイ	＊ケイ					530a12		二・一9	然去畫像手結印契
20-049-01	守護国界主陀羅尼経_石山寺	205	163	迴	迴	迴互	迴互			1				ヱ	ヱ□					530a16		二・一13	或令迴互或取或捨
20-049-01	守護国界主陀羅尼経_石山寺	206	163	互	互	迴互	迴互			2					ヱ□		□反			530a16		二・一13	或令迴互或取或捨
20-049-01	守護国界主陀羅尼経_石山寺	207	164	脣	脣	脣齒	脣齒			1					信シ		信			530a21		二・一18	脣齒相合作金剛語
20-049-01	守護国界主陀羅尼経_石山寺	208	164	齒	齒	脣齒	脣齒			2				シ	信シ					530a21		二・一18	脣齒相合作金剛語
20-049-01	守護国界主陀羅尼経_石山寺	209	165	牢	牢	堅牢	堅牢			2				ラウ	＊ラウ					530a23		二・一20	以堅牢智諦觀自心
20-049-01	守護国界主陀羅尼経_石山寺	210	166	凝	凝	凝雪	凝雪			1				コウ	コウ＊					530a24		二・一21	色如凝雪牛乳水精
20-049-01	守護国界主陀羅尼経_石山寺	211	167	乳	乳	牛乳	牛乳			2				ニウ	＊ニウ					530a24		二・一21	色如凝雪牛乳水精
20-049-01	守護国界主陀羅尼経_石山寺	212	168	拳	拳	金剛拳	金剛拳			3					＊＊卷		卷			530a26		二・一23	應以右手作金剛拳
20-049-01	守護国界主陀羅尼経_石山寺	213	169	指	指	頭指	頭指			2				シ	＊シ					530a27		二・一2	當心握於左手頭指
20-049-01	守護国界主陀羅尼経_石山寺	214	170	珂	珂	珂雪	珂雪			1				カ	カ＊					530b03		二・二5	觀此_字色如珂雪
20-049-01	守護国界主陀羅尼経_石山寺	215	171	契	契	印契	印契			2				ケイ	＊ケイ					530b11		二・二13	眞實祕密印契
20-049-01	守護国界主陀羅尼経_石山寺	216	172	幽	幽	深山谷幽	深山谷幽			4				エウ	＊＊＊エウ					530b15		二・二17	深山谷幽闇之處
20-049-01	守護国界主陀羅尼経_石山寺	217	173	瞑	瞑	闇瞑	闇瞑			2					＊命		命反			530b16		二・二18	久遠闇瞑
20-049-01	守護国界主陀羅尼経_石山寺	218	174	澤	澤	山澤	山澤			2				タク	＊タク					534c08		三・一5	山澤原阜樹木叢林
20-049-01	守護国界主陀羅尼経_石山寺	219	175	阜	阜	原阜	原阜			2				フ	＊フ					534c08		三・一5	山澤原阜樹木叢林
20-049-01	守護国界主陀羅尼経_石山寺	220	176	辰	辰	日月星辰	日月星辰			4					＊＊＊身		身反			534c09		三・一6	日月星辰摩尼雲電
20-049-01	守護国界主陀羅尼経_石山寺	221	177	村	村	村營	村營			1				ス	スエイ					534c09	ｎ韻尾	三・一6	村營聚落城邑王都
20-049-01	守護国界主陀羅尼経_石山寺	222	177	營	營	村營	村營			2				エイ	スエイ					534c09		三・一7	村營聚落城邑王都
20-049-01	守護国界主陀羅尼経_石山寺	223	178	邑	邑	城邑	城邑			2				オフ	＊オフ					534c10		三・一7	村營聚落城邑王都
20-049-01	守護国界主陀羅尼経_石山寺	224	179	泉	泉	泉流	泉流			1				セ	セ＊					534c11	ｎ韻尾	三・一8	渠河泉流綺麗嚴飾
20-049-01	守護国界主陀羅尼経_石山寺	225	180	綺	綺	綺麗	綺麗			1				キ	キレイ					534c11		三・一8	渠河泉流綺麗嚴飾
20-049-01	守護国界主陀羅尼経_石山寺	226	180	麗	麗	綺麗	綺麗			2				レイ	キレイ					534c11		三・一8	渠河泉流綺麗嚴飾
20-049-01	守護国界主陀羅尼経_石山寺	227	181	奇	奇	希奇殊特	希奇殊特			2				キ	＊キ＊＊					534c13		三・一10	希奇殊特
20-049-01	守護国界主陀羅尼経_石山寺	228	182	續	續	連續	連續			2				ソク	＊ソク					534c24		三・一21	愛支因縁連續不斷
20-049-01	守護国界主陀羅尼経_石山寺	229	183	怨	寃	怨敵	寃敵			1					遠着		遠反			534c27		三・一24	諸怨敵及憂惱
20-049-01	守護国界主陀羅尼経_石山寺	230	183	敵	敵	怨敵	怨敵			2					遠着		着反			534c27		三・一24	諸怨敵及憂惱
20-049-01	守護国界主陀羅尼経_石山寺	231	184	灑	灑	灑字印	灑字印			1				サ	サ＊＊					534c27	直音表記・音訳	三・二1	灑字印者
20-049-01	守護国界主陀羅尼経_石山寺	232	185	_	_	_礙	_礙			1					化＊		化反			534c28		三・二1	六通圓滿無_礙故
20-049-01	守護国界主陀羅尼経_石山寺	233	186	制	制	制伏任持	制伏任持			1				セイ	セイ＊＊＊					535a01		三・二4	制伏任持不可得故
20-049-01	守護国界主陀羅尼経_石山寺	234	187	莽	莽	莽字印	莽字印			1				マウ	マウ＊＊					535a03	音訳	三・二6	莽字印者
20-049-01	守護国界主陀羅尼経_石山寺	235	188	昏	昏	昏沈	昏沈			1					根＊		根反			535a11		三・二14	遠離昏沈懈怠障故
20-049-01	守護国界主陀羅尼経_石山寺	236	189	穰	穰	枳穰字印	枳穰字印			2					＊上＊＊		上			535a11	音訳	三・二15	枳穰二合字印者
20-049-01	守護国界主陀羅尼経_石山寺	237	190	慣	慣	慣習	慣習			1					_＊		_			535a13		三・二17	慣習觀察覺悟體故
20-049-01	守護国界主陀羅尼経_石山寺	238	191	察	察	觀察	觀察			2				セ	＊セ					535a13	ｔ韻尾	三・二17	慣習觀察覺悟體故（ヲコト点「す」「る」アリ）
20-049-01	守護国界主陀羅尼経_石山寺	239	192	車	俥	者車印者	者俥印者			2				サ	＊サ＊＊					535a13	直音表記・音訳	三・二17	者車上二合字印者
20-049-01	守護国界主陀羅尼経_石山寺	240	193	莽	莽	娑莽字印	娑莽字印			2				マ	＊マ＊＊					535a14	音訳	三・二18	娑莽二合字印者
20-049-01	守護国界主陀羅尼経_石山寺	241	194	驅	驅	驅逐	驅逐			1				ク	クチク					535a17		三・二20	勇猛驅逐諸惑體故
20-049-01	守護国界主陀羅尼経_石山寺	242	194	逐	逐	驅逐	驅逐			2				チク	クチク					535a17		三・二20	勇猛驅逐諸惑體故
20-049-01	守護国界主陀羅尼経_石山寺	243	195	翳	翳	翳	翳			1				エイ	エイ					535a18		三・二21	散滅重雲無明翳故
20-049-01	守護国界主陀羅尼経_石山寺	244	196	_	_	_字印	_字印			1				タ	タ＊＊					535a18	音訳	三・二22	_字印者
20-049-01	守護国界主陀羅尼経_石山寺	245	197	蘊	蘊	蘊聚	蘊聚			1					雲＊		雲反			535a21		三・二25	悟解一切蘊聚體故
20-049-01	守護国界主陀羅尼経_石山寺	246	198	篋	篋	寶篋	寶篋			2				ケフ	＊ケフ					536a20		三・六14	此住寶篋眞言地
20-049-01	守護国界主陀羅尼経_石山寺	247	199	_	_	__	__			1					前フク		前反			536a22		三・六16	是名法義__處
20-049-01	守護国界主陀羅尼経_石山寺	248	199	_	_	__	__			2				フク	前フク					536a22		三・六16	是名法義__處
20-049-01	守護国界主陀羅尼経_石山寺	249	200	暢	暢	演暢	演暢			2					＊長		長反			536a28		三・六22	句句演暢難思門
20-049-01	守護国界主陀羅尼経_石山寺	250	201	焚	焚	焚燒	焚燒			1				ホム	ホム＊					536b11		三・七9	如火焚燒不擇薪
20-049-01	守護国界主陀羅尼経_石山寺	251	202	傾	傾	傾動	傾動			1				カウ	カウ＊					536b13	直音表記	三・七11	智演諸法無傾動
20-049-01	守護国界主陀羅尼経_石山寺	252	203	説	説	宣説	宣説			2				セ	＊セ					539a28	ｔ韻尾	四・一8	唯願爲我具足宣説
20-049-01	守護国界主陀羅尼経_石山寺	253	204	諮	諮	諮問	諮問			1				シ	シ＊					539b02		四・一11	善能諮問如是深義
20-049-01	守護国界主陀羅尼経_石山寺	254	205	妄	忘	妄想	忘想			1				マウ	マウ＊					539b14		四・二3	妄想爲住處
20-049-01	守護国界主陀羅尼経_石山寺	255	206	客	客	客塵煩惱	客塵煩惱			1				カク	カク＊＊＊					539c03	直音表記	四・二21	客塵煩惱
20-049-01	守護国界主陀羅尼経_石山寺	256	207	瀑	瀑	瀑流	瀑流			1				ホ	ホ＊					539c07		四・二25	横截瀑流
20-049-01	守護国界主陀羅尼経_石山寺	257	208	察	察	觀察	觀察			2				サチ	＊サチ					539c11	ｔ韻尾	四・三2	菩提無相亦無觀察
20-049-01	守護国界主陀羅尼経_石山寺	258	209	際	際	三際	三際			2				サイ	＊サイ					539c24		四・三15	三際平等斷絶三輪
20-049-01	守護国界主陀羅尼経_石山寺	259	210	宣	宣	宣示	宣示			1					千＊		千			539c28		四・三19	未來之識不可宣示
20-049-01	守護国界主陀羅尼経_石山寺	260	211	蘊	蘊	色蘊	色蘊			2				ウム	＊ウム					540b22		四・五19	所謂色蘊受想行蘊
20-049-01	守護国界主陀羅尼経_石山寺	261	212	縛	縛	不縛	不縛			2				ハク	＊ハク					540c13		四・六13	如是解脱不縛不解
20-049-01	守護国界主陀羅尼経_石山寺	262	213	細	細	審細	審細			2				サイ	＊サイ					541a21		四・七25	審細觀察
20-049-01	守護国界主陀羅尼経_石山寺	263	214	邪	邪	邪見蘊	邪見蘊			1				サ	サケ＊					541a28	直音表記	四・八6	遠離邪見蘊
20-049-01	守護国界主陀羅尼経_石山寺	264	214	見	見	邪見蘊	邪見蘊			2				ケ	サケ＊					541a28	ｎ韻尾	四・八6	遠離邪見蘊
20-049-01	守護国界主陀羅尼経_石山寺	265	215	渇	滑	渇愛	滑愛			1				カム	カム＊					541b01	ｔ韻尾	四・八8	欲貪渇愛使
20-049-01	守護国界主陀羅尼経_石山寺	266	216	乾	乾	乾_	乾_			1				カム	カムセウ					541b01		四・八8	使令乾_積集建立
20-049-01	守護国界主陀羅尼経_石山寺	267	216	_	_	乾_	乾_			2				セウ	カムセウ					541b01		四・八8	使令乾_積集建立
20-049-01	守護国界主陀羅尼経_石山寺	268	217	建	建	建立	建立			1				コム	コム＊					541b01		四・八8	積集建立故
20-049-01	守護国界主陀羅尼経_石山寺	269	218	窮	窮	窮究	窮究			1				ク	ク＊					541b25		四・九6	窮究清淨即是無垢
20-049-01	守護国界主陀羅尼経_石山寺	270	219	逝	逝	善逝	善逝			2				セイ	＊セイ					541c21		四・一〇4	唯願善逝轉於法輪
20-049-01	守護国界主陀羅尼経_石山寺	271	220	癡	癡	癡愛	癡愛			1				チ	チ＊					541c25		四・一〇8	無始癡愛我隨眠
20-049-01	守護国界主陀羅尼経_石山寺	272	221	摧	摧	摧破	摧破			1				サイ	サイ＊					541c28		四・一〇11	摧破魔軍無有餘
20-049-01	守護国界主陀羅尼経_石山寺	273	222	拘	拘	拘留孫佛	拘留孫佛			1				ク	クル＊＊					542a03	音訳	四・一〇15	如拘留孫佛所轉
20-049-01	守護国界主陀羅尼経_石山寺	274	222	留	留	拘留孫佛	拘留孫佛			2				ル	クル＊＊					542a03	音訳	四・一〇15	如拘留孫佛所轉
20-049-01	守護国界主陀羅尼経_石山寺	275	223	逝	逝	善逝	善逝			2				セイ	＊セイ					542a04		四・一〇16	迦葉善逝轉法輪
20-049-01	守護国界主陀羅尼経_石山寺	276	224	法	法	法水	法水			1				ハム	ハム＊					542a08	ｐ韻尾	四・一〇20	願_法水應其時
20-049-01	守護国界主陀羅尼経_石山寺	277	225	仰	仰	渇仰	渇仰			2				カウ	＊カウ					542a08		四・一〇20	以滿人天深渇仰
20-049-01	守護国界主陀羅尼経_石山寺	278	226	奈	奈	波羅奈城	波羅奈城			3				ナ	＊＊ナ＊					542a10	音訳	四・一〇22	於波羅奈城仙人墮處
20-049-01	守護国界主陀羅尼経_石山寺	279	227	墮	墮	墮處	墮處			1				タ	タ＊					542a11		四・一〇23	於波羅奈城仙人墮處
20-049-01	守護国界主陀羅尼経_石山寺	280	228	戲	戲	遊戲	遊戲			2				ケ	＊ケ					542a19		四・一一4	如來遊戲大悲
20-049-01	守護国界主陀羅尼経_石山寺	281	229	用	用	功用	功用			2				ユウ	＊ユウ					542a23		四・一一8	常住其中不假功用
20-049-01	守護国界主陀羅尼経_石山寺	282	230	任	任	任運	任運			1				ニム	ニム＊					542a23		四・一一8	任運恒轉
20-049-01	守護国界主陀羅尼経_石山寺	283	231	恒	恒	恒轉	恒轉			1				コウ	コウ＊					542a23		四・一一8	任運恒轉
20-049-01	守護国界主陀羅尼経_石山寺	284	232	疲	疲	疲厭	疲厭			1				ヒ	ヒエム					542a27		四・一一12	受地獄苦無有疲厭
20-049-01	守護国界主陀羅尼経_石山寺	285	232	厭	厭	疲厭	疲厭			2				エム	ヒエム					542a27		四・一一12	受地獄苦無有疲厭
20-049-01	守護国界主陀羅尼経_石山寺	286	233	減	減	減少	減少			1				ケム	ケム＊					542a28		四・一一13	大悲之心亦無減少
20-049-01	守護国界主陀羅尼経_石山寺	287	234	骨	骨	骨髓	骨髓			1				コム	コムスイ					542b01	ｔ韻尾	四・一一15	如來大悲深徹骨髓
20-049-01	守護国界主陀羅尼経_石山寺	288	234	髄	髄	骨髓	骨髓			2				スイ	コムスイ					542b01		四・一一15	如來大悲深徹骨髓
20-049-01	守護国界主陀羅尼経_石山寺	289	235	岸	岸	彼岸	彼岸			2				カム	＊カム					542b05		四・一一19	運度衆生至於彼岸
20-049-01	守護国界主陀羅尼経_石山寺	290	236	陀	陀	多陀阿伽度	多陀阿伽度			2				タ	＊タ＊＊＊					542b11	音訳	四・一一25	栴檀舍多陀阿伽度
20-049-01	守護国界主陀羅尼経_石山寺	291	237	續	續	相續	相續			2				ソク	＊ソク					542b19		四・一二7	一萬如來相續出現
20-049-01	守護国界主陀羅尼経_石山寺	292	238	憐	憐	憐愍	憐愍			1				レム	レムミム					542c01		四・一二18	便入大悲憐愍三昧
20-049-01	守護国界主陀羅尼経_石山寺	293	238	愍	愍	憐愍	憐愍			2				ミム	レムミム					542c01		四・一二18	便入大悲憐愍三昧
20-049-01	守護国界主陀羅尼経_石山寺	294	239	好	好	相好	相好			2				カウ	＊カウ					542c06		四・一二24	隱相好身世無能覩
20-049-01	守護国界主陀羅尼経_石山寺	295	240	厭	厭	厭離	厭離			1				エム	エム＊					542c17		四・一三9	皆如毒蛇深生厭離
20-049-01	守護国界主陀羅尼経_石山寺	296	241	堪	堪	堪任	堪任			1				カム	カムニム					542c23	堪住の誤？	四・一三15	堪住法器皆悉得聞
20-049-01	守護国界主陀羅尼経_石山寺	297	242	任	任	堪任	堪任			2				ニム	カムニム					542c23	堪住の誤？	四・一三15	堪住法器皆悉得聞
20-049-01	守護国界主陀羅尼経_石山寺	298	243	器	器	法器	法器			2				キ	＊キ					542c23		四・一三15	堪住法器皆悉得聞
20-049-01	守護国界主陀羅尼経_石山寺	299	244	説	説	解説	解説			2				セム	＊セム					543a04	ｔ韻尾	四・一三25	受持讀誦書寫解説
20-049-01	守護国界主陀羅尼経_石山寺	300	245	澤	澤	悦澤	悦澤			2				タク	＊タク					543a10		四・一四5	踊躍歡喜清涼悦澤
20-049-01	守護国界主陀羅尼経_石山寺	301	246	傾	傾	傾竭	傾竭			1				カウ	カウカム					543a10	直音表記	四・一四5	傾竭身心
20-049-01	守護国界主陀羅尼経_石山寺	302	246	竭	竭	傾竭	傾竭			2				カム	カウカム					543a10	ｔ韻尾	四・一四5	傾竭身心
20-049-01	守護国界主陀羅尼経_石山寺	303	247	逝	逝	善逝	善逝			2				セイ	＊セイ					543a11		四・一四6	善哉善逝
20-049-01	守護国界主陀羅尼経_石山寺	304	248	傘	傘	傘蓋	傘蓋			1				サム	サム＊					543a14		四・一四9	或以法服幢幡傘蓋
20-049-01	守護国界主陀羅尼経_石山寺	305	249	遂	遂	遂求	遂求			1				スイ	スイ＊					543a29		五・一8	遂求果者無有是處
20-049-01	守護国界主陀羅尼経_石山寺	306	250	獲	獲	獲得	獲得			1				カク	カク＊					543b01	直音表記	五・一10	獲得可意愛樂隨心
20-049-01	守護国界主陀羅尼経_石山寺	307	251	悋	悋	慳吝	慳吝			2					＊_		_反			543b04		五・一12	心懷慳吝得大富貴
20-049-01	守護国界主陀羅尼経_石山寺	308	252	悔	悔	悔心	悔心			1				ケ	ケ＊					543b16	直音表記	五・一22	多住悔心
20-049-01	守護国界主陀羅尼経_石山寺	309	253	悔	悔	無悔	無悔			2					＊化		化反			543b17		五・一22	若心無悔得心安樂
20-049-01	守護国界主陀羅尼経_石山寺	310	254	猥	猥	貪猥驕奢	貪猥驕奢			2				ワイ	＊ワイケウサ					543b24		五・二3	若諸帝王貪猥驕奢
20-049-01	守護国界主陀羅尼経_石山寺	311	254	驕	驕	貪猥驕奢	貪猥驕奢			3				ケウ	＊ワイケウサ					543b24		五・二3	若諸帝王貪猥驕奢
20-049-01	守護国界主陀羅尼経_石山寺	312	254	奢	奢	貪猥驕奢	貪猥驕奢			4				サ	＊ワイケウサ					543b24	直音表記	五・二3	若諸帝王貪猥驕奢
20-049-01	守護国界主陀羅尼経_石山寺	313	255	簡	簡	無貪簡易	無貪簡易			3					＊＊間薬		間反			543b25		五・二4	若諸帝王無貪簡易
20-049-01	守護国界主陀羅尼経_石山寺	314	255	易	易	無貪簡易	無貪簡易			4					＊＊間薬		薬反			543b25		五・二4	若諸帝王無貪簡易
20-049-01	守護国界主陀羅尼経_石山寺	315	256	均	均	均平	均平			1					橘＊		橘			543b28		五・二6	若諸人王心不均平
20-049-01	守護国界主陀羅尼経_石山寺	316	257	拘	拘	北拘盧洲	北拘盧洲			2				ク	＊クル主					543c01	音訳	五・二8	北拘盧洲捨報身後
20-049-01	守護国界主陀羅尼経_石山寺	317	258	盧	盧	北拘盧洲	北拘盧洲			3				ル	＊クル主					543c01	音訳	五・二8	北拘盧洲捨報身後
20-049-01	守護国界主陀羅尼経_石山寺	318	258	洲	洲	北拘盧洲	北拘盧洲			4					＊クル主		主反			543c01		五・二8	北拘盧洲捨報身後
20-049-01	守護国界主陀羅尼経_石山寺	319	259	殺	殺	殺害	殺害			1				セ	セ＊					543c03	ｔ韻尾	五・二9	若行殺害而得長壽
20-049-01	守護国界主陀羅尼経_石山寺	320	260	殺	殺	殺生	殺生			1				セ	セ＊					543c04	ｔ韻尾	五・二11	若不殺生得壽命長
20-049-01	守護国界主陀羅尼経_石山寺	321	261	場	場	菩提場	菩提場			3				タウ	＊＊タウ					543c21	直音表記	五・二24	若有人言坐菩提場
20-049-01	守護国界主陀羅尼経_石山寺	322	262	_	_	三摩_多	三摩_多			3				キ	＊＊キ＊					544a03	音訳	五・三6	不住三昧三摩_多
20-049-01	守護国界主陀羅尼経_石山寺	323	263	引	引	等引	等引			2				イ	＊イ					544a04	ｎ韻尾	五・三7	三昧等引功徳
20-049-01	守護国界主陀羅尼経_石山寺	324	264	誤	誤	誤失	誤失			1					五*		五反			544a06		五・三8	及誤失者無有是處
20-049-01	守護国界主陀羅尼経_石山寺	325	265	誤	誤	錯誤	錯誤			2					＊五		五			544a09		五・三10	如來作業有錯誤者
20-049-01	守護国界主陀羅尼経_石山寺	326	266	搖	搖	搖動	搖動			1				エウ	エウ＊					544a15		五・三15	虚空可搖動
20-049-01	守護国界主陀羅尼経_石山寺	327	267	屈	屈	難屈	難屈			2				ク	＊ク					544b05	ｔ韻尾	五・三24	難屈無不摧
20-049-01	守護国界主陀羅尼経_石山寺	328	268	摧	摧	不摧	不摧			2				サイ	＊サイ					544b05		五・三24	難屈無不摧
20-049-01	守護国界主陀羅尼経_石山寺	329	269	細	細	微細	微細			2				サイ	＊サイ					544b19		五・四10	初起微細後漸増勝
20-049-01	守護国界主陀羅尼経_石山寺	330	170	感	感	所感	所感			2				カム	＊カム					544b26		五・四16	種種行業所感異熟
20-049-01	守護国界主陀羅尼経_石山寺	331	171	影	影	影響	影響			1					楊カウ		楊反			544b26		五・四16	因果相順猶如影響
20-049-01	守護国界主陀羅尼経_石山寺	332	171	響	響	影響	影響			2				カウ	楊カウ					544b26		五・四16	因果相順猶如影響
20-049-01	守護国界主陀羅尼経_石山寺	333	172	感	感	感	感			1				カム	カム					544c04		五・四21	惡是感苦因
20-049-01	守護国界主陀羅尼経_石山寺	334	173	婬	婬	婬欲	婬欲			1				イム	イム＊					544c20		五・五4	安住愚癡樂於婬欲
20-049-01	守護国界主陀羅尼経_石山寺	335	174	冥	冥	癡冥	癡冥			2					＊命		命反			545a13		五・五23	住瞋樂癡冥
20-049-01	守護国界主陀羅尼経_石山寺	336	175	劣	劣	下劣	下劣			2				レ	＊レ					545a16	ｔ韻尾	五・五25	下劣因衆生
20-049-01	守護国界主陀羅尼経_石山寺	337	176	客	客	客塵相	客塵相			1				カク	カク＊＊					545b10	直音表記	五・六13	客塵相故
20-049-01	守護国界主陀羅尼経_石山寺	338	177	斷	斷	斷絶	斷絶			1				タ	タセ					545b11	ｎ韻尾	五・六14	可斷絶故
20-049-01	守護国界主陀羅尼経_石山寺	339	177	絶	絶	斷絶	斷絶			2				セ	タセ					545b11	ｔ韻尾	五・六14	可斷絶故
20-049-01	守護国界主陀羅尼経_石山寺	340	178	客	客	客塵	客塵			1				カク	カク＊					545b26	直音表記	五・六24	煩惱空塵相
20-049-01	守護国界主陀羅尼経_石山寺	341	179	劣	劣	勝劣	勝劣			2				レ	＊レ					545c05	ｔ韻尾	五・七2	諸衆生諸根勝劣
20-049-01	守護国界主陀羅尼経_石山寺	342	180	鈍	鈍	鈍	鈍			1				ト	ト					545c06	ｎ韻尾	五・七3	若利若鈍皆如實知
20-049-01	守護国界主陀羅尼経_石山寺	343	181	鈍	鈍	鈍根	鈍根			1				ト	ト＊					545c07	ｎ韻尾	五・七3	鈍根愚闇下劣衆生
20-049-01	守護国界主陀羅尼経_石山寺	344	182	展	展	展轉	展轉			1				テ	テテ					545c11	ｎ韻尾	五・七7	生貪瞋癡展轉増廣
20-049-01	守護国界主陀羅尼経_石山寺	345	183	展	展	展轉	展轉			2				テ	テテ					545c27	ｎ韻尾	五・七19	諸根展轉有多差別
20-049-01	守護国界主陀羅尼経_石山寺	346	184	堪	堪	堪任	堪任			1				カ	カニム					546a20	ｍ韻尾	五・八13	有多差別久未堪任
20-049-01	守護国界主陀羅尼経_石山寺	347	184	任	任	堪任	堪任			2				ニム	カニム					546a20		五・八13	有多差別久未堪任
20-049-01	守護国界主陀羅尼経_石山寺	348	185	棄	棄	棄捨	棄捨			1				キ	キ＊					546a21		五・八13	故且棄捨待根熟時
20-049-01	守護国界主陀羅尼経_石山寺	349	186	厚	厚	厚薄	厚薄			1					高ハク		高反			546b01		五・八23	厚薄輕重悉皆知
20-049-01	守護国界主陀羅尼経_石山寺	350	186	薄	薄	厚薄	厚薄			2				ハク	高ハク					546b01		五・八23	厚薄輕重悉皆知
20-049-01	守護国界主陀羅尼経_石山寺	351	187	治	治	對治門	對治門			2				チ	＊チ＊					546b02		五・八24	善知諸惑對治門
20-049-01	守護国界主陀羅尼経_石山寺	352	188	聰	聰	聰敏	聰敏			1				ソウ	ソウ民					546b18		五・九14	聰敏利根智慧將開
20-049-01	守護国界主陀羅尼経_石山寺	353	188	敏	敏	聰敏	聰敏			2					ソウ民		民反			546b18		五・九14	聰敏利根智慧將開
20-049-01	守護国界主陀羅尼経_石山寺	354	189	興	興	出興	出興			2				コウ	＊コウ					546b25		五・九20	出興於世
20-049-01	守護国界主陀羅尼経_石山寺	355	190	置	置	置捨	置捨			1					持＊		持反			546b28		五・九24	便置捨之爲彼衆生
20-049-01	守護国界主陀羅尼経_石山寺	356	191	_	_	_	_			1				キフ	キフ					546b29	訓でキ給？	五・九24	是故菩薩_大悲甲（訓？）
20-049-01	守護国界主陀羅尼経_石山寺	357	192	毒	毒	三毒	三毒			2				トク	＊トク					546c01		五・九25	三毒遍趣之行
20-049-01	守護国界主陀羅尼経_石山寺	358	193	毒	毒	瞋毒	瞋毒			2				トク	＊トク					546c05		五・一〇2	或有瞋毒從恚而生
20-049-01	守護国界主陀羅尼経_石山寺	359	194	違	違	違境	違境			1				ヰ	ヰ＊					546c05		五・一〇3	或有瞋毒從違境生
20-049-01	守護国界主陀羅尼経_石山寺	360	195	毒	毒	瞋毒	瞋毒			2				トク	＊トク					546c06		五・一〇3	或有瞋毒從於過去隨眠所生
20-049-01	守護国界主陀羅尼経_石山寺	361	196	速	速	速疾	速疾			1				ソク	ソク＊					546c09		五・一〇6	其苦行速疾通達
20-049-01	守護国界主陀羅尼経_石山寺	362	197	緩	緩	遲緩	遲緩			2					＊官		官反			546c10		五・一〇7	又知苦行遲緩通達
20-049-01	守護国界主陀羅尼経_石山寺	363	198	鈍	鈍	根鈍	根鈍			2				ト	＊ト					546c10	ｎ韻尾	五・一〇7	知根鈍故
20-049-01	守護国界主陀羅尼経_石山寺	364	199	緩	緩	遲緩	遲緩			2					＊官		官			546c11		五・一〇8	安樂行遲緩通達
20-049-01	守護国界主陀羅尼経_石山寺	365	200	鈍	鈍	遲鈍	遲鈍			2				ト	＊ト					546c14	ｎ韻尾	五・一〇11	有速疾行遲鈍通達
20-049-01	守護国界主陀羅尼経_石山寺	366	201	鈍	鈍	鈍根	鈍根			1				ト	ト＊					547a01	ｎ韻尾	五・一〇26	鈍根遲緩不能達
20-049-01	守護国界主陀羅尼経_石山寺	367	202	遲	遲	遲緩	遲緩			1				チ	チ官					547a01		五・一〇26	鈍根遲緩不能達
20-049-01	守護国界主陀羅尼経_石山寺	368	202	緩	緩	遲緩	遲緩			2					チ官		官反			547a01		五・一〇26	鈍根遲緩不能達
20-049-01	守護国界主陀羅尼経_石山寺	369	203	弱	弱	劣弱	劣弱			2					＊若		若反			547a02		五・一一1	鈍根劣弱佛皆知
20-049-01	守護国界主陀羅尼経_石山寺	370	204	遲	遲	遲鈍	遲鈍			1				チ	チト					547a03		五・一一2	有行遲鈍漸澄清
20-049-01	守護国界主陀羅尼経_石山寺	371	204	鈍	鈍	遲鈍	遲鈍			2				ト	チト					547a03	ｎ韻尾	五・一一2	有行遲鈍漸澄清
20-049-01	守護国界主陀羅尼経_石山寺	372	205	澄	澄	澄清	澄清			1					重＊		重反			547a03		五・一一2	有行遲鈍漸澄清
20-049-01	守護国界主陀羅尼経_石山寺	373	206	擇	擇	擇法	擇法			1					着＊		着反			547a05		五・一一4	有行智増擇法生
20-049-01	守護国界主陀羅尼経_石山寺	374	207	奢	奢	奢摩他	奢摩他			1				サ	サ＊＊					547b01	直音表記・音訳	五・一二1	謂奢摩他心一境故
20-049-01	守護国界主陀羅尼経_石山寺	375	208	獲	獲	獲得	獲得			1				カク	カク＊					547b06	直音表記	五・一二6	隨順獲得眞諦智故
20-049-01	守護国界主陀羅尼経_石山寺	376	209	尋	尋	有尋	有尋			2					＊深		深反			547b13		五・一二12	有尋有伺
20-049-01	守護国界主陀羅尼経_石山寺	377	210	伺	伺	有伺	有伺			2				シ	＊シ					547b13		五・一二12	有尋有伺
20-049-01	守護国界主陀羅尼経_石山寺	378	211	底	底	三摩鉢底	三摩鉢底			4				テイ	＊＊＊テイ					547b15	音訳	五・一二13	八解脱三摩鉢底
20-049-01	守護国界主陀羅尼経_石山寺	379	212	横	横	横竪	横竪			1					王主		王反			547b15		五・一二14	或復超間横竪無礙
20-049-01	守護国界主陀羅尼経_石山寺	380	212	竪	竪	横竪	横竪			2					王主		主反			547b15		五・一二14	或復超間横竪無礙
20-049-01	守護国界主陀羅尼経_石山寺	381	213	測	測	測知	測知			1					色＊		色反			547b21		五・一二19	無能測知如來所有三昧
20-049-01	守護国界主陀羅尼経_石山寺	382	214	昇	昇	超昇	超昇			2					＊勝		勝反			547c06		五・一三7	解脱有海得超昇
20-049-01	守護国界主陀羅尼経_石山寺	383	215	隘	隘	迫隘	迫隘			2				アイ	＊アイ					0547c14		五・一三15	心無迫隘無分別
20-049-01	守護国界主陀羅尼経_石山寺	384	216	提	提	三摩提	三摩提			3				テイ	＊＊テイ					0547c15		五・一三16	聲聞縁覺三摩提
20-049-01	守護国界主陀羅尼経_石山寺	385	217	歿	歿	歿	歿			1				モ	モ					547c23	ｔ韻尾	五・一三24	於某處歿而生某處
20-049-01	守護国界主陀羅尼経_石山寺	386	218	續	續	相續	相續			2				ソク	＊ソク					547c27		五・一四1	次第因滅相續引起
20-049-01	守護国界主陀羅尼経_石山寺	387	219	勒	勒	阿摩勒	阿摩勒			3					＊＊六		六反			548a14	音訳	五・一四16	如掌觀五阿摩勒
20-049-01	守護国界主陀羅尼経_石山寺	388	220	涯	涯	涯際	涯際			1				カイ	カイ＊					548a22		五・一四24	猶如大海無涯際
20-049-01	守護国界主陀羅尼経_石山寺	389	221	測	測	測量	測量			1					色＊		色反			548a27		五・一五3	一切衆生難測量
20-049-01	守護国界主陀羅尼経_石山寺	390	222	醜	醜	醜	醜			1					主		主反			548b02		五・一五7	善色惡色若好若醜
20-049-01	守護国界主陀羅尼経_石山寺	391	223	謗	謗	謗	謗			1				ハウ	ハウ					548b04		五・一五9	謗賢聖
20-049-01	守護国界主陀羅尼経_石山寺	392	224	塗	塗	三塗	三塗			2				ツ	＊ツ					548b27		五・一六5	或人天趣或三塗
20-049-01	守護国界主陀羅尼経_石山寺	393	225	垂	垂	垂歿	垂歿			1				スイ	スイモ					548b28		五・一六6	垂歿將生種種異
20-049-01	守護国界主陀羅尼経_石山寺	394	225	没	歿	垂没	垂歿			2				モ	スイモ					548b28	ｔ韻尾	五・一六6	垂歿將生種種異
20-049-01	守護国界主陀羅尼経_石山寺	395	226	沈	沈	沈淪	沈淪			1				チム	チム_					548b29		五・一六7	造罪惡趣所沈淪
20-049-01	守護国界主陀羅尼経_石山寺	396	226	淪	淪	沈淪	沈淪			2					チム_		_反			548b29		五・一六7	造罪惡趣所沈淪
20-049-01	守護国界主陀羅尼経_石山寺	397	227	植	植	種植	種植			2					＊色		色反			548c01		五・一六8	入出種植菩提根
20-049-01	守護国界主陀羅尼経_石山寺	398	228	摧	摧	摧	摧			1				サイ	サイ					548c02		五・一六9	或坐道樹摧衆魔
20-049-01	守護国界主陀羅尼経_石山寺	399	229	履	履	履踐	履踐			1				リ	リ前					548c05		五・一六12	履踐寂滅得清涼
20-049-01	守護国界主陀羅尼経_石山寺	400	229	踐	踐	履踐	履踐			2					リ前		前反			548c05		五・一六12	履踐寂滅得清涼
20-049-01	守護国界主陀羅尼経_石山寺	401	230	煙	煙	煙塵	煙塵			1					縁＊		縁反			548c26		五・一七7	一切煙塵無所依住
20-049-01	守護国界主陀羅尼経_石山寺	402	231	蘊	蘊	五蘊	五蘊			2				ウ	＊ウ					549a01	ｎ韻尾	五・一七10	有漏五蘊
20-049-01	守護国界主陀羅尼経_石山寺	403	232	揀	揀	揀擇	揀擇			1					憐タク		憐反			549a02		五・一七12	思惟揀擇觀察
20-049-01	守護国界主陀羅尼経_石山寺	404	232	擇	擇	揀擇	揀擇			2				タク	憐タク					549a03		五・一七12	思惟揀擇觀察
20-049-01	守護国界主陀羅尼経_石山寺	405	233	納	納	摩納婆	摩納婆			2				ナフ	＊ナフ＊					549a18		五・一八1	作者及與摩納婆
20-049-01	守護国界主陀羅尼経_石山寺	406	234	厭	厭	厭倦	厭倦			1				エム	エム＊					549a20		五・一八3	於一切時無厭倦
20-049-01	守護国界主陀羅尼経_石山寺	407	235	搖	搖	動搖	動搖			2				エ	＊エ					549a21		五・一八4	常住三昧無動搖
20-049-01	守護国界主陀羅尼経_石山寺	408	236	怨	寃	怨敵	怨敵			1					圓着		圓反			549a23		五・一八6	能摧怨敵難傾動
20-049-01	守護国界主陀羅尼経_石山寺	409	236	敵	敵	怨敵	怨敵			2					圓着		着反			549a23		五・一八6	能摧怨敵難傾動
20-049-01	守護国界主陀羅尼経_石山寺	410	237	頼	頼	阿頼耶	阿頼耶			2				ラ	＊ラ＊					549b18	音訳	六・一15	無阿頼耶平等
20-049-01	守護国界主陀羅尼経_石山寺	411	238	俗	俗	俗諦	俗諦			1				ソク	ソク＊					549c19		六・二14	以是義故隨順俗諦
20-049-01	守護国界主陀羅尼経_石山寺	412	239	待	待	待對	待對			1				タイ	タイタイ					549c23		六・二18	不從因縁待對説盡
20-049-01	守護国界主陀羅尼経_石山寺	413	239	對	對	待對	待對			2				タイ	タイタイ					549c23		六・二18	不從因縁待對説盡
20-049-01	守護国界主陀羅尼経_石山寺	414	240	減	減	無減	無減			2				ケム	＊ケム					550a08		六・三4	無減亦無増
20-049-01	守護国界主陀羅尼経_石山寺	415	241	濁	濁	濁亂	濁亂			1				トク	トク＊					550a16	直音表記	六・三10	即濁亂心
20-049-01	守護国界主陀羅尼経_石山寺	416	242	慚	慚	無慚	無慚			2				サム	＊サム					550a17		六・三11	謂無慚無愧
20-049-01	守護国界主陀羅尼経_石山寺	417	243	愧	愧	無愧	無愧			2				キ	＊キ					550a17	直音表記	六・三11	謂無慚無愧
20-049-01	守護国界主陀羅尼経_石山寺	418	244	貪	貪	貪	貪			1				トム	トム					550a19		六・三13	謂以貪故而行非法
20-049-01	守護国界主陀羅尼経_石山寺	419	245	殺	殺	殺生	殺生			1				セム	セム＊					550a21	ｔ韻尾	六・三15	殺生偸盜
20-049-01	守護国界主陀羅尼経_石山寺	420	246	偸	偸	偸盜	偸盜			1				チウ	チウ＊					550a21		六・三15	殺生偸盜
20-049-01	守護国界主陀羅尼経_石山寺	421	247	妄	妄	妄語	妄語			1				マウ	マウ＊					550a22		六・三16	邪行妄語
20-049-01	守護国界主陀羅尼経_石山寺	422	248	慢	慢	慢	慢			1					万		万			550a25		六・三19	謂慢過慢及慢過慢
20-049-01	守護国界主陀羅尼経_石山寺	423	249	卑	卑	卑慢	卑慢			1				ヒ	ヒ＊					550a25		六・三19	卑慢邪慢
20-049-01	守護国界主陀羅尼経_石山寺	424	250	友	友	善友	善友			2				ウ	＊ウ					550a29		六・三23	現在憎我善友
20-049-01	守護国界主陀羅尼経_石山寺	425	251	殺	殺	殺生	殺生			1				セ	セ＊					550b04	ｔ韻尾	六・四1	殺生偸盜邪行
20-049-01	守護国界主陀羅尼経_石山寺	426	252	偸	偸	偸盜	偸盜			1				チウ	チウ＊					550b04		六・四1	殺生偸盜邪行
20-049-01	守護国界主陀羅尼経_石山寺	427	253	結	結	結使	結使			1				ケ	ケ＊					550b06	ｔ韻尾	六・四3	安住一切煩惱結使
20-049-01	守護国界主陀羅尼経_石山寺	428	254	愧	愧	無愧	無愧			2				キ	＊キ					550b13	直音表記	六・四9	無慚及無愧（石山寺本「無愧及無慚」）
20-049-01	守護国界主陀羅尼経_石山寺	429	255	殺	殺	殺	殺			1				セム	セム					550b16	ｔ韻尾	六・四11	殺盜及邪婬
20-049-01	守護国界主陀羅尼経_石山寺	430	256	婬	婬	邪婬	邪婬			2				イム	＊イム					550b16		六・四11	殺盜及邪婬
20-049-01	守護国界主陀羅尼経_石山寺	431	257	妄	妄	妄言	妄言			1				マウ	マウ＊					550b16		六・四11	妄言飮諸酒
20-049-01	守護国界主陀羅尼経_石山寺	432	258	奢	奢	奢摩他	奢摩他			1				サ	サ＊＊					550b27	直音表記・音訳	六・四19	奢摩他毘鉢舍那
20-049-01	守護国界主陀羅尼経_石山寺	433	259	擇	擇	擇法	擇法			1				キク（ママ）	キク＊					550c11		六・五5	擇法覺分
20-049-01	守護国界主陀羅尼経_石山寺	434	260	綺	綺	綺語	綺語			1				キ	キ＊					550c18		六・五12	不惡口不綺語
20-049-01	守護国界主陀羅尼経_石山寺	435	261	蘊	蘊	戒蘊	戒蘊			2				ウ	＊ウ					550c19	ｎ韻尾	六・五14	戒蘊相應
20-049-01	守護国界主陀羅尼経_石山寺	436	262	勞	勞	塵勞	塵勞			2				ラウ	＊ラウ					551a03		六・五24	正念滅塵勞
20-049-01	守護国界主陀羅尼経_石山寺	437	263	誤	誤	誤失	誤失			1					五＊		五			551a09		六・六1	如來身無誤失
20-049-01	守護国界主陀羅尼経_石山寺	438	264	臥	臥	行住坐臥	行住坐臥			4				カ	＊＊＊カ					551a12		六・六4	行住坐臥進止迴旋
20-049-01	守護国界主陀羅尼経_石山寺	439	265	旋	旋	進止迴旋	進止迴旋			4					＊＊＊世		世			551a12		六・六4	行住坐臥進止迴旋
20-049-01	守護国界主陀羅尼経_石山寺	440	266	村	村	村坊	村坊			1				ス	ス＊					551a12	ｎ韻尾	六・六4	入出村坊往來城邑
20-049-01	守護国界主陀羅尼経_石山寺	441	267	邑	邑	城邑	城邑			2				イフ	＊イフ					551a13		六・六5	入出村坊往來城邑
20-049-01	守護国界主陀羅尼経_石山寺	442	268	寸	寸	四寸	四寸			2				ス	＊ス					551a17	ｎ韻尾	六・六9	如来袈裟離身四寸
20-049-01	守護国界主陀羅尼経_石山寺	443	269	落	落	墮落	墮落			2				ラク	＊ラク					551a17		六・六9	不墮落
20-049-01	守護国界主陀羅尼経_石山寺	444	270	旋	旋	旋嵐	旋嵐			1					前ラム		前			551a17		六・六9	旋嵐猛風不能飄動
20-049-01	守護国界主陀羅尼経_石山寺	445	270	嵐	嵐	旋嵐	旋嵐			2				ラム	前ラム					551a17		六・六9	旋嵐猛風不能飄動
20-049-01	守護国界主陀羅尼経_石山寺	446	271	猛	猛	猛風	猛風			1				マウ	マウ＊					551a17	直音表記	六・六9	旋嵐猛風不能飄動
20-049-01	守護国界主陀羅尼経_石山寺	447	272	誤	誤	誤失	誤失			1					五＊		五			551a26		六・六12	如來意業無有誤失
20-049-01	守護国界主陀羅尼経_石山寺	448	273	含	含	含識	含識			1				カム	カム＊					551b05		六・六26	普能利益諸含識
20-049-01	守護国界主陀羅尼経_石山寺	449	274	毀	毀	毀謗	毀謗			1					貴方		貴			551b12		六・七7	毀謗罵辱
20-049-01	守護国界主陀羅尼経_石山寺	450	274	謗	謗	毀謗	毀謗			2					貴方		方			551b12		六・七7	毀謗罵辱
20-049-01	守護国界主陀羅尼経_石山寺	451	275	蘭	蘭	阿蘭若	阿蘭若			2				レム	＊レム＊					551b15	音訳	六・七10	住阿蘭若
20-049-01	守護国界主陀羅尼経_石山寺	452	276	結	結	結縛	結縛			1				ケ	ケハク					551b16	ｔ韻尾	六・七11	已脱煩惱諸結縛故
20-049-01	守護国界主陀羅尼経_石山寺	453	276	縛	縛	結縛	結縛			2				ハク	ケハク					551b16		六・七11	已脱煩惱諸結縛故
20-049-01	守護国界主陀羅尼経_石山寺	454	277	慢	慢	輕慢毀呰	輕慢毀呰			2					＊万貴シ		万			551b20		六・七15	輕慢毀呰心不下
20-049-01	守護国界主陀羅尼経_石山寺	455	277	毀	毀	輕慢毀呰	輕慢毀呰			3					＊万貴シ		貴			551b20		六・七15	輕慢毀呰心不下
20-049-01	守護国界主陀羅尼経_石山寺	456	277	呰	呰	輕慢毀呰	輕慢毀呰			4				シ	＊万貴シ					551b20		六・七15	輕慢毀呰心不下
20-049-01	守護国界主陀羅尼経_石山寺	457	278	譏	譏	譏嫌	譏嫌			1				キ	キケム					551b21		六・七16	先世妙行無譏嫌
20-049-01	守護国界主陀羅尼経_石山寺	458	278	嫌	嫌	譏嫌	譏嫌			2				ケム	キケム					551b21		六・七16	先世妙行無譏嫌
20-049-01	守護国界主陀羅尼経_石山寺	459	279	忘	忘	忘失	忘失			1				マウ	マウ＊					551b24		六・七19	如來無忘失念故
20-049-01	守護国界主陀羅尼経_石山寺	460	280	慮	慮	靜慮	靜慮			2				ロ	＊ロ					551b25	直音表記	六・七20	諸靜慮解脱三昧
20-049-01	守護国界主陀羅尼経_石山寺	461	281	底	底	三摩鉢底	三摩鉢底			4				テイ	＊＊＊テイ					551b26	音訳	六・七21	三摩鉢底
20-049-01	守護国界主陀羅尼経_石山寺	462	282	視	視	顧視	顧視			2				シ	＊シ					551b27		六・七22	心行起動顧視往來
20-049-01	守護国界主陀羅尼経_石山寺	463	283	詞	詞	詞	詞			1				シ	シ					551b27		六・七22	法義詞辯
20-049-01	守護国界主陀羅尼経_石山寺	464	284	默	默	語默	語默			2				モク	＊モク					551c08		六・八6	行住坐臥飮食語默
20-049-01	守護国界主陀羅尼経_石山寺	465	284	_	_	三摩_多	三摩_多			3				キ	＊＊キ＊					551c08	音訳	六・八6	三摩_多
20-049-01	守護国界主陀羅尼経_石山寺	466	285	岸	岸	彼岸	彼岸			2				カム	＊カム					551c09		六・八7	入諸三昧到於彼岸
20-049-01	守護国界主陀羅尼経_石山寺	467	286	_	_	三摩_多	三摩_多			3				キ	＊＊キ＊					551c11	音訳	六・八8	三摩_多
20-049-01	守護国界主陀羅尼経_石山寺	468	287	默	默	語默	語默			2				モク	＊モク					551c16		六・八13	飮食語默利衆生
20-049-01	守護国界主陀羅尼経_石山寺	469	288	搖	搖	搖動	搖動			1				エウ	エウ＊					551c16		六・八13	恒處三昧無搖動
20-049-01	守護国界主陀羅尼経_石山寺	470	289	易	易	易調	易調			1				イ	イ＊					552a05		六・九5	易調難調皆等心
20-049-01	守護国界主陀羅尼経_石山寺	471	290	待	待	待對	待對			1				タイ	タイ＊					552a12		六・九12	待對因縁和合
20-049-01	守護国界主陀羅尼経_石山寺	472	291	搖	搖	動搖	動搖			2				エウ	＊エウ					552a14		六・九14	平等安住得不動搖
20-049-01	守護国界主陀羅尼経_石山寺	473	292	越	越	超越	超越			2				ヲツ	＊ヲツ					552a15		六・九15	有量無量悉皆超越
20-049-01	守護国界主陀羅尼経_石山寺	474	293	積	積	積聚	積聚			1				サク	サクス					552a16	直音表記	六・九16	非是積聚非差別見
20-049-01	守護国界主陀羅尼経_石山寺	475	293	聚	聚	積聚	積聚			2				ス	サクス					552a16	直音表記	六・九16	非是積聚非差別見
20-049-01	守護国界主陀羅尼経_石山寺	476	294	擇	擇	擇捨	擇捨			1				タク	タク＊					552a21		六・九21	如來無有不擇捨
20-049-01	守護国界主陀羅尼経_石山寺	477	295	積	積	積集	積集			1				サク	サク＊					552a23	直音表記	六・九23	非積集捨共相應
20-049-01	守護国界主陀羅尼経_石山寺	478	296	怠	怠	懈怠	懈怠			2				タイ	＊タイ					552b09		六・一〇11	哀愍衆生多懈怠
20-049-01	守護国界主陀羅尼経_石山寺	479	297	劬	劬	劬勞	劬勞			1				ク	クラウ					552b14		六・一〇16	不憚劬勞精進無減
20-049-01	守護国界主陀羅尼経_石山寺	480	297	勞	勞	劬勞	劬勞			2				ラウ	クラウ					552b14		六・一〇16	不憚劬勞精進無減
20-049-01	守護国界主陀羅尼経_石山寺	481	298	堪	堪	堪任	堪任			1				カム	カム＊					552b17		六・一〇19	有一衆生堪任調伏
20-049-01	守護国界主陀羅尼経_石山寺	482	299	勇	勇	勇悍	勇悍			1				ユウ	ユウカム					552b23		六・一〇25	念念勇悍無減時
20-049-01	守護国界主陀羅尼経_石山寺	483	299	悍	悍	勇悍	勇悍			2				カム	ユウカム					552b23		六・一〇25	念念勇悍無減時
20-049-01	守護国界主陀羅尼経_石山寺	484	300	休	休	休息	休息			1				キウ	キウ＊					552b24		六・一〇26	善逝精進無休息
20-049-01	守護国界主陀羅尼経_石山寺	485	301	疲	疲	疲勞	疲勞			1				ヒ	ヒラウ					552b24		六・一〇26	身口意業不疲勞
20-049-01	守護国界主陀羅尼経_石山寺	486	301	勞	勞	疲勞	疲勞			2				ラウ	ヒラウ					552b24		六・一〇26	身口意業不疲勞
20-049-01	守護国界主陀羅尼経_石山寺	487	302	堅	堅	堅猛	堅猛			1				ケム	ケムマウ					552b25		六・一一1	自然堅猛離諸非
20-049-01	守護国界主陀羅尼経_石山寺	488	302	猛	猛	堅猛	堅猛			2				マウ	ケムマウ					552b25	直音表記	六・一一1	自然堅猛離諸非
20-049-01	守護国界主陀羅尼経_石山寺	489	303	續	續	相續	相續			2				ソク	＊ソク					552b29		六・一一5	心行相續生滅流注
20-049-01	守護国界主陀羅尼経_石山寺	490	304	求	求	不求	不求			2				ク	＊ク					552c01		六・一一6	不求不退故常無減
20-049-01	守護国界主陀羅尼経_石山寺	491	305	引	引	等引	等引			2				イ	＊イ					553a01	ｎ韻尾	六・一二8	常在等引利衆生
20-049-01	守護国界主陀羅尼経_石山寺	492	306	低	低	高低	高低			2				テイ	＊テイ					553a02		六・一二9	體性平等無高低
20-049-01	守護国界主陀羅尼経_石山寺	493	307	析	析	分析	分析			2				サク	＊サク					553a08	直音表記	六・一二15	分析一句入無數句
20-049-01	守護国界主陀羅尼経_石山寺	494	308	續	續	相續	相續			2				ソク	＊ソク					553a11		六・一二18	次第相續
20-049-01	守護国界主陀羅尼経_石山寺	495	309	解	解	解	解			1				ケ	ケ					553a20		六・一三1	解衆生行難稱量
20-049-01	守護国界主陀羅尼経_石山寺	496	310	繋	繋	繋縛	繋縛			1				ケ	ケハク					553b08		六・一三18	於無繋縛如實知
20-049-01	守護国界主陀羅尼経_石山寺	497	310	縛	縛	繋縛	繋縛			2				ハク	ケハク					553b08		六・一三18	於無繋縛如實知
20-049-01	守護国界主陀羅尼経_石山寺	498	311	顧	顧	顧視	顧視			1				コ	コシ					553b13		六・一三23	或復顧視或放光明
20-049-01	守護国界主陀羅尼経_石山寺	499	312	視	視	顧視	顧視			2				シ	コシ					553b13		六・一三23	或復顧視或放光明
20-049-01	守護国界主陀羅尼経_石山寺	500	313	邑	邑	城邑	城邑			2				オフ	＊オフ					553b14		六・一三24	城邑聚落
20-049-01	守護国界主陀羅尼経_石山寺	501	314	落	落	聚落	聚落			2				ラク	＊ラク					553b14		六・一三24	城邑聚落
20-049-01	守護国界主陀羅尼経_石山寺	502	315	烏	烏	烏瑟尼沙相	烏瑟尼沙相			1				ウ	ウスウ＊＊＊					553b20	音訳	六・一四4	見烏瑟尼沙相
20-049-01	守護国界主陀羅尼経_石山寺	503	315	瑟	瑟	烏瑟尼沙相	烏瑟尼沙相			2				スウ	ウスウ＊＊＊					553b20	音訳・ｔ韻尾	六・一四4	見烏瑟尼沙相
20-049-01	守護国界主陀羅尼経_石山寺	504	316	怯	怯	怯怖	怯怖			1				ケフ	ケフフ					553b27		六・一四11	正直聲不怯怖聲
20-049-01	守護国界主陀羅尼経_石山寺	505	316	怖	怖	怯怖	怯怖			2				フ	ケフフ					553b27		六・一四11	正直聲不怯怖聲
20-049-01	守護国界主陀羅尼経_石山寺	506	317	麁	麁	麁_	麁_			1				ソ	ソカウ					553b27		六・一四11	不麁_聲
20-049-01	守護国界主陀羅尼経_石山寺	507	317	_	_	麁_	麁_			2				カウ	ソカウ					553b27	直音表記	六・一四11	不麁_聲
20-049-01	守護国界主陀羅尼経_石山寺	508	318	稠	稠	稠林	稠林			1				スウ	スウ＊					553b27		六・一四12	無稠林聲
20-049-01	守護国界主陀羅尼経_石山寺	509	319	軟	軟	柔軟	柔軟			2				ナ	＊ナ					553b28	ｎ韻尾	六・一四12	極柔軟聲
20-049-01	守護国界主陀羅尼経_石山寺	510	320	__	__	__破	__破			1				シ	シ＊					553b28		六・一四12	不__破聲
20-049-01	守護国界主陀羅尼経_石山寺	511	321	詞	詞	妙言詞	妙言詞			3				シ	＊＊シ					553b29		六・一四14	妙言詞聲
20-049-01	守護国界主陀羅尼経_石山寺	512	322	涌	涌	涌泉	涌泉			1				ユウ	ユウセ					553c01		六・一四15	涌泉聲
20-049-01	守護国界主陀羅尼経_石山寺	513	322	泉	泉	涌泉	涌泉			2				セ	ユウセ					553c01	ｎ韻尾	六・一四15	涌泉聲
20-049-01	守護国界主陀羅尼経_石山寺	514	323	微	微	清微	清微			2				ミ	＊ミ					553c02	清徹の誤？	六・一四16	清徹聲
20-049-01	守護国界主陀羅尼経_石山寺	515	324	熾	熾	熾盛	熾盛			1				シ	シサウ					553c03		六・一四17	極熾盛聲
20-049-01	守護国界主陀羅尼経_石山寺	516	324	盛	盛	熾盛	熾盛			2				サウ	シサウ					553c03	直音表記	六・一四17	極熾盛聲
20-049-01	守護国界主陀羅尼経_石山寺	517	325	委	委	委曲	委曲			1				ヰ	ヰコク					553c04		六・一四18	無委曲聲
20-049-01	守護国界主陀羅尼経_石山寺	518	325	曲	曲	委曲	委曲			2				コク	ヰコク					553c04		六・一四18	無委曲聲
20-049-01	守護国界主陀羅尼経_石山寺	519	326	劣	劣	下劣	下劣			2				レ	＊レ					553c05	ｔ韻尾	六・一四19	無下劣聲
20-049-01	守護国界主陀羅尼経_石山寺	520	327	堅	堅	堅硬	堅硬			1				ケ	ケ□					553c05	ｎ韻尾	六・一四19	無堅硬聲
20-049-01	守護国界主陀羅尼経_石山寺	521	327	硬	硬	堅硬	堅硬			2					ケ□		□反			553c05		六・一四19	無堅硬聲
20-049-01	守護国界主陀羅尼経_石山寺	522	328	慢	慢	慢緩	慢緩			1					万_		万			553c05		六・一四19	無慢緩聲
20-049-01	守護国界主陀羅尼経_石山寺	523	328	緩	緩	慢緩	慢緩			2					万_		_反			553c05		六・一四19	無慢緩聲
20-049-01	守護国界主陀羅尼経_石山寺	524	329	熙	熙	熙怡	熙怡			1				キ	キイ					553c06		六・一四20	熙怡先導聲
20-049-01	守護国界主陀羅尼経_石山寺	525	329	怡	怡	熙怡	熙怡			2				イ	キイ					553c06		六・一四20	熙怡先導聲
20-049-01	守護国界主陀羅尼経_石山寺	526	330	潮	潮	大海波潮	大海波潮			4				テウ	＊＊＊テウ					553c10		六・一四25	大海波潮聲
20-049-01	守護国界主陀羅尼経_石山寺	527	331	拘	拘	拘_羅鳥	拘_羅鳥			1				ク	クシ＊＊					553c11	音訳	六・一五1	拘_羅鳥聲
20-049-01	守護国界主陀羅尼経_石山寺	528	331	_	_	拘_羅鳥	拘_羅鳥			2				シ	クシ＊＊					553c11	音訳	六・一五1	拘_羅鳥聲
20-049-01	守護国界主陀羅尼経_石山寺	529	332	鶴	鶴	鶴唳	鶴唳			1				カク	カク來					553c12		六・一五2	鶴唳聲
20-049-01	守護国界主陀羅尼経_石山寺	530	332	唳	唳	鶴唳	鶴唳			2					カク來		來反			553c12		六・一五2	鶴唳聲
20-049-01	守護国界主陀羅尼経_石山寺	531	333	孔	孔	孔雀	孔雀			1				ク	クサク					553c12		六・一五2	孔雀聲
20-049-01	守護国界主陀羅尼経_石山寺	532	333	雀	雀	孔雀	孔雀			2				サク	クサク					553c12	直音表記	六・一五2	孔雀聲
20-049-01	守護国界主陀羅尼経_石山寺	533	334	篌	篌	箜篌	箜篌			2				コ	＊コ					553c13		六・一五2	箜篌聲
20-049-01	守護国界主陀羅尼経_石山寺	534	335	篳	篳	篳篥	篳篥			1				ヒチ	ヒチリキ					553c13		六・一五3	篳篥聲
20-049-01	守護国界主陀羅尼経_石山寺	535	335	篥	篥	篳篥	篳篥			2				リキ	ヒチリキ					553c13		六・一五3	篳篥聲
20-049-01	守護国界主陀羅尼経_石山寺	536	336	琵	琵	琵琶	琵琶			1				ヒ	ヒハ					553c13		六・一五3	琵琶聲
20-049-01	守護国界主陀羅尼経_石山寺	537	336	琶	琶	琵琶	琵琶			2				ハ	ヒハ					553c13		六・一五3	琵琶聲
20-049-01	守護国界主陀羅尼経_石山寺	538	337	箏	箏	箏	箏			1				サウ	サウ＊					553c13	直音表記	六・一五3	箏聲
20-049-01	守護国界主陀羅尼経_石山寺	539	338	笛	笛	笛	笛			1				タク	タク＊					553c13	直音表記	六・一五3	笛聲
20-049-01	守護国界主陀羅尼経_石山寺	540	339	蠡	蠡	蠡	蠡			1				ラ	ラ					553c13		六・一五3	蠡聲
20-049-01	守護国界主陀羅尼経_石山寺	541	340	詞	詞	妙詞句字	妙詞句字			2				シ	＊シ＊＊					553c16		六・一五6	妙詞句字聲
20-049-01	守護国界主陀羅尼経_石山寺	542	341	展	展	展轉	展轉			1				テ	テ＊					553c18	ｎ韻尾	六・一五8	展轉相續聲
20-049-01	守護国界主陀羅尼経_石山寺	543	342	續	續	相續	相續			2				ソク	＊ソク					553c18		六・一五8	展轉相續聲
20-049-01	守護国界主陀羅尼経_石山寺	544	343	慮	慮	靜慮	靜慮			2				ロ	＊ロ					553c19	直音表記	六・一五9	堪任靜慮聲
20-049-01	守護国界主陀羅尼経_石山寺	545	344	慢	慢	諸慢	諸慢			2					＊万		万			554a22		七・一11	解脱諸慢諸魔事業
20-049-01	守護国界主陀羅尼経_石山寺	546	345	魔	魔	諸魔	諸魔			2				マ	＊マ					554a22		七・一11	解脱諸慢諸魔事業
20-049-01	守護国界主陀羅尼経_石山寺	547	346	諂	諂	諂誑	諂誑			1				テム	テムワウ					554a22		七・一11	諂誑幻惑我我所執
20-049-01	守護国界主陀羅尼経_石山寺	548	346	誑	誑	諂誑	諂誑			2				ワウ	テムワウ					554a22		七・一11	諂誑幻惑我我所執
20-049-01	守護国界主陀羅尼経_石山寺	549	347	闇	闇	黒闇	黒闇			2				オム	＊オム					554a23		七・一12	愚癡無明黒闇翳障
20-049-01	守護国界主陀羅尼経_石山寺	550	348	翳	翳	翳障	翳障			1				エイ	エイ＊					554a23		七・一12	愚癡無明黒闇翳障
20-049-01	守護国界主陀羅尼経_石山寺	551	349	搖	搖	搖動	搖動			1				エウ	エウ＊					554b01		七・一19	心意分別無搖動
20-049-01	守護国界主陀羅尼経_石山寺	552	350	卉	卉	卉木	卉木			1				キ	キ＊					554b05	直音表記	七・一23	卉木叢林藤蘿藥草
20-049-01	守護国界主陀羅尼経_石山寺	553	351	卵	卵	卵生	卵生			1				ラム	ラム＊					554b07		七・二1	卵生胎生
20-049-01	守護国界主陀羅尼経_石山寺	554	352	濕	濕	濕生	濕生			1				シフ	シフ＊					554b07		七・二1	濕生化生
20-049-01	守護国界主陀羅尼経_石山寺	555	353	貌	貌	相貌	相貌			2				メウ	＊メウ					554b13		七・二7	種種相貌
20-049-01	守護国界主陀羅尼経_石山寺	556	354	當	當	當	當			1				タウ	タウ					554b28		七・二22	刹中當成所有諸地
20-049-01	守護国界主陀羅尼経_石山寺	557	355	卉	卉	百卉	百卉			2				キ	＊キ					554b28	直音表記	七・二23	樹木叢林百卉藥草
20-049-01	守護国界主陀羅尼経_石山寺	558	356	麁	麁	麁色	麁色			1				ソ	ソ＊					554b29		七・二23	麁色細色日月星宿
20-049-01	守護国界主陀羅尼経_石山寺	559	357	蘊	蘊	諸蘊	諸蘊			2				ウム	＊ウム					554c05		七・三2	所有諸蘊諸入諸界
20-049-01	守護国界主陀羅尼経_石山寺	560	358	纖	纖	纖毫	纖毫			1				セム	セムカウ					554c11		七・三9	無有纖毫知不盡
20-049-01	守護国界主陀羅尼経_石山寺	561	358	毫	毫	纖毫	纖毫			2				カウ	セムカウ					554c11		七・三9	無有纖毫知不盡
20-049-01	守護国界主陀羅尼経_石山寺	562	359	析	析	分析	分析			2				サク	＊サク					554c19	直音表記	七・三17	一切地界微細分析
20-049-01	守護国界主陀羅尼経_石山寺	563	360	飄	飄	飄撃	飄撃			1				ヘウ	ヘウテキ					554c21		七・三19	一切風界色相飄撃
20-049-01	守護国界主陀羅尼経_石山寺	564	360	撃	撃	飄撃	飄撃			2				テキ	ヘウテキ					554c21		七・三19	一切風界色相飄撃
20-049-01	守護国界主陀羅尼経_石山寺	565	361	沒	沒	退沒	退沒			2				モム	＊モム					554c27		七・三25	天退沒因
20-049-01	守護国界主陀羅尼経_石山寺	566	362	畢	畢	畢竟	畢竟			1				ヒ	ヒ＊					555a20	ｔ韻尾	七・四21	畢竟空故
20-049-01	守護国界主陀羅尼経_石山寺	567	363	瑩	瑩	磨瑩	磨瑩			2				ワウ	＊ワウ					555a24		七・四25	磨瑩摩尼妙寶
20-049-01	守護国界主陀羅尼経_石山寺	568	364	塗	塗	塗磨	塗磨			1				ツ	ツマ					555a25		七・四26	以乞叉羅藥用水塗磨
20-049-01	守護国界主陀羅尼経_石山寺	569	364	磨	磨	塗磨	塗磨			2				マ	ツマ					555a25		七・四26	以乞叉羅藥用水塗磨
20-049-01	守護国界主陀羅尼経_石山寺	570	365	_	_	_羊	_羊			1				コ	コヤウ					555a25		七・四26	以_羊毛_以瑩拭
20-049-01	守護国界主陀羅尼経_石山寺	571	365	羊	羊	_羊	_羊			2				ヤウ	コヤウ					555a25		七・四26	以_羊毛_以瑩拭
20-049-01	守護国界主陀羅尼経_石山寺	572	366	_	_	_	_			1					甚		甚反			555a26		七・五1	以_羊毛_以瑩拭（三水アリ「湛」カ？）
20-049-01	守護国界主陀羅尼経_石山寺	573	367	軟	_	軟木	_木			1				ニウ（ママ）	ニウモ					555a27		七・五2	和水潤之軟木揩拭
20-049-01	守護国界主陀羅尼経_石山寺	574	367	木	木	軟木	軟木			2				モ	ニウモ					555a27	ｋ韻尾・訓か？	七・五2	和水潤之軟木揩拭（「_木モて」カ）
20-049-01	守護国界主陀羅尼経_石山寺	575	368	薜	薜	摩訶薜舍遮	摩訶薜舍遮			3				ヘイ	＊＊ヘイ＊サ					555a27	音訳	七・五2	摩訶薜舍遮藥
20-049-01	守護国界主陀羅尼経_石山寺	576	368	遮	遮	摩訶薜舍遮	摩訶薜舍遮			5				サ	＊＊ヘイ＊サ					555a28	直音表記・音訳	七・五2	摩訶薜舍遮藥
20-049-01	守護国界主陀羅尼経_石山寺	577	369	礦	礦	石礦	石礦			2				カウ	＊カウ					555a29	直音表記	七・五4	餘石礦穢一切消除
20-049-01	守護国界主陀羅尼経_石山寺	578	370	銷	銷	銷除	銷除			1				セウ	セウ＊					555a29		七・五4	餘石礦穢一切消除
20-049-01	守護国界主陀羅尼経_石山寺	579	371	厭	厭	厭離	厭離			1				エム	エム＊					555b03		七・五7	令生厭離
20-049-01	守護国界主陀羅尼経_石山寺	580	372	絶	絶	斷絶	斷絶			2				セム	＊セム					555b13	ｔ韻尾	七・五17	而不斷絶三寶種性
20-049-01	守護国界主陀羅尼経_石山寺	581	373	搖	搖	搖動	搖動			1				エウ	エウ＊					555b14		七・五18	本無搖動
20-049-01	守護国界主陀羅尼経_石山寺	582	374	興	興	出興	出興			2				コウ	＊コウ					555b18		七・五22	出興於世
20-049-01	守護国界主陀羅尼経_石山寺	583	375	企	企	阿僧企耶	阿僧企耶			3				キ	＊＊キ＊					555b22	音訳	七・五25	無量阿僧企耶
20-049-01	守護国界主陀羅尼経_石山寺	584	376	算	算	算數	算數			1				サム	サム＊					555b22		七・五25	出過算數
20-049-01	守護国界主陀羅尼経_石山寺	585	377	塗	塗	塗香	塗香			1				ツ	ツ＊					555b29		七・六6	名香塗香末香
20-049-01	守護国界主陀羅尼経_石山寺	586	378	鬘	鬘	鬘蓋	鬘蓋			1				マム	マム＊					555b29		七・六6	衣服瓔珞幢幡鬘蓋
20-049-01	守護国界主陀羅尼経_石山寺	587	379	耳	耳	耳_	耳_			1				シ	シタウ					555c02		七・六9	耳_頸珠
20-049-01	守護国界主陀羅尼経_石山寺	588	379	_	_	耳_	耳_			2				タウ	シタウ					555c02		七・六9	耳_頸珠
20-049-01	守護国界主陀羅尼経_石山寺	589	380	頸	頸	頸珠	頸珠			1					_*		_			555c02		七・六9	耳_頸珠
20-049-01	守護国界主陀羅尼経_石山寺	590	381	鎖	鎖	寶鎖	寶鎖			2				サ	＊サ					555c04		七・六11	寶鎖寶印
20-049-01	守護国界主陀羅尼経_石山寺	591	382	釧	釧	寶釧	寶釧			2				セム	＊セム					555c04		七・六11	寶釧寶鐶
20-049-01	守護国界主陀羅尼経_石山寺	592	383	環	環	寶環	寶環			2					＊_		_			555c04	寶鐶の誤？	七・六11	寶釧寶鐶
20-049-01	守護国界主陀羅尼経_石山寺	593	384	帶	帶	寶帶	寶帶			2				タイ	＊タイ					555c05		七・六11	寶帶寶篋
20-049-01	守護国界主陀羅尼経_石山寺	594	385	篋	篋	寶篋	寶篋			2				ケフ	＊ケフ					555c05		七・六11	寶帶寶篋
20-049-01	守護国界主陀羅尼経_石山寺	595	386	冠	冠	寶冠	寶冠			2				カ	＊カ					555c05	直音表記・ｎ韻尾	七・六12	寶篋寶冠
20-049-01	守護国界主陀羅尼経_石山寺	596	387	鐸	鐸	鈴鐸	鈴鐸			2				タク	＊タク					555c06	直音表記	七・六12	諸妙鈴鐸
20-049-01	守護国界主陀羅尼経_石山寺	597	388	吠	吠	吠琉璃寶	吠琉璃寶			1				ヘイ	ヘイ＊＊＊					555c07	音訳	七・六14	吠琉璃寶
20-049-01	守護国界主陀羅尼経_石山寺	598	389	濕	濕	阿濕摩蘖磨寶	阿濕摩蘖磨寶			2				シフ	＊シフ＊カマ＊					555c07	音訳	七・六14	阿濕摩蘖磨寶
20-049-01	守護国界主陀羅尼経_石山寺	599	389	蘖	蘖	阿濕摩蘖磨寶	阿濕摩蘖磨寶			4				カ	＊シフ＊カマ＊					555c07	音訳・ｔ韻尾	七・六14	阿濕摩蘖磨寶
20-049-01	守護国界主陀羅尼経_石山寺	600	389	磨	磨	阿濕摩蘖磨寶	阿濕摩蘖磨寶			5				マ	＊シフ＊カマ＊					555c07	音訳	七・六14	阿濕摩蘖磨寶
20-049-01	守護国界主陀羅尼経_石山寺	601	390	蘖	蘖	室利蘖摩寶	室利蘖摩寶			3				カ	＊＊カ＊＊					555c07	音訳・ｔ韻尾	七・六15	室利蘖摩寶
20-049-01	守護国界主陀羅尼経_石山寺	602	391	紅	紅	紅頗胝迦寶	紅頗胝迦寶			1				ク	ク＊テイカ＊					555c08		七・六15	紅頗胝迦寶
20-049-01	守護国界主陀羅尼経_石山寺	603	392	胝	胝	紅頗胝迦寶	紅頗胝迦寶			3				テイ	ク＊テイカ＊					555c08	音訳	七・六16	紅頗胝迦寶
20-049-01	守護国界主陀羅尼経_石山寺	604	392	迦	迦	紅頗胝迦寶	紅頗胝迦寶			4				カ	ク＊テイカ＊					555c08	音訳	七・六16	紅頗胝迦寶
20-049-01	守護国界主陀羅尼経_石山寺	605	393	獻	獻	奉獻	奉獻			2				コム	＊コム					555c09		七・六17	如是等寶奉獻於佛
20-049-01	守護国界主陀羅尼経_石山寺	606	394	沈	沈	沈香	沈香			1				チム	チム＊					555c11		七・六18	沈香多伽樓香
20-049-01	守護国界主陀羅尼経_石山寺	607	395	樓	樓	多伽樓香	多伽樓香			3				ロ	＊＊ロ＊					555c11	音訳	七・六20	沈香多伽樓香
20-049-01	守護国界主陀羅尼経_石山寺	608	396	鬚	鬚	龍花鬚香	龍花鬚香			3				ス	＊＊ス＊					555c12		七・六19	龍花鬚香
20-049-01	守護国界主陀羅尼経_石山寺	609	397	怛	怛	波利耶怛羅迦花	波利耶怛羅迦花			4				タ	＊＊＊タ＊＊＊					555c14	音訳・ｎ韻尾	七・六22	波利耶怛羅迦花
20-049-01	守護国界主陀羅尼経_石山寺	610	398	盧	盧	摩訶盧遮迦花	摩訶盧遮迦花			3				ル	＊＊ルサ＊＊					555c16	音訳	七・六23	摩訶盧遮迦花
20-049-01	守護国界主陀羅尼経_石山寺	611	398	遮	遮	摩訶盧遮迦花	摩訶盧遮迦花			4				サ	＊＊ルサ＊＊					555c16	直音表記・音訳	七・六23	摩訶盧遮迦花
20-049-01	守護国界主陀羅尼経_石山寺	612	399	斫	斫	無垢斫羯羅花	無垢斫羯羅花			3				サク	＊＊サクカ＊＊					555c17	直音表記・音訳	七・六25	無垢斫羯羅花
20-049-01	守護国界主陀羅尼経_石山寺	613	399	羯	羯	無垢斫羯羅花	無垢斫羯羅花			4				カ	＊＊サクカ＊＊					555c17	音訳・ｔ韻尾	七・六25	無垢斫羯羅花
20-049-01	守護国界主陀羅尼経_石山寺	614	400	_	_	_哩色枳花	_哩色枳花			1				ハ	ハリ＊キ＊					555c20	音訳	七・七3	_哩色枳花
20-049-01	守護国界主陀羅尼経_石山寺	615	400	哩	哩	_哩色枳花	_哩色枳花			2				リ	ハリ＊キ＊					555c20	音訳	七・七3	_哩色枳花
20-049-01	守護国界主陀羅尼経_石山寺	616	400	枳	枳	_哩色枳花	_哩色枳花			4				キ	ハリ＊キ＊					555c20	音訳	七・七3	_哩色枳花
20-049-01	守護国界主陀羅尼経_石山寺	617	401	蘇	蘇	蘇曼那花	蘇曼那花			1				ソ	ソマ＊＊					555c20	音訳	七・七3	蘇曼那花
20-049-01	守護国界主陀羅尼経_石山寺	618	401	曼	曼	蘇曼那花	蘇曼那花			2				マ	ソマ＊＊					555c20	音訳・ｎ韻尾	七・七3	蘇曼那花
20-049-01	守護国界主陀羅尼経_石山寺	619	402	博	博	瞻博迦花	瞻博迦花			2				ハ	＊ハ＊＊					555c21	音訳・ｋ韻尾	七・七4	瞻博迦花
20-049-01	守護国界主陀羅尼経_石山寺	620	403	輸	輸	阿輸迦花	阿輸迦花			2				ス	＊ス＊＊					555c21	直音表記・音訳	七・七5	阿輸迦花
20-049-01	守護国界主陀羅尼経_石山寺	621	404	努	努	_努色迦哩迦花	_努色迦哩迦花			2				ヌ	＊ヌ＊＊＊＊＊					555c22	音訳	七・七5	_努色迦哩迦花
20-049-01	守護国界主陀羅尼経_石山寺	622	405	_	_	波_羅花	波_羅花			2				タ	＊タ＊＊					555c22	音訳	七・七5	波_羅花
20-049-01	守護国界主陀羅尼経_石山寺	623	406	鉢	鉢	優鉢羅花	優鉢羅花			2				ハ	＊ハ＊＊					555c24	音訳・ｔ韻尾	七・七7	優鉢羅花
20-049-01	守護国界主陀羅尼経_石山寺	624	407	拘	拘	拘物頭花	拘物頭花			1				ク	ク＊＊＊					555c24	音訳	七・七7	拘物頭花
20-049-01	守護国界主陀羅尼経_石山寺	625	408	雅	雅	清雅	清雅			2				カ	＊カ					555c26		七・七9	清雅寥亮
20-049-01	守護国界主陀羅尼経_石山寺	626	409	寥	寥	寥亮	寥亮			1				レウ	レウラウ					555c26		七・七9	清雅寥亮
20-049-01	守護国界主陀羅尼経_石山寺	627	409	亮	亮	寥亮	寥亮			2				ラウ	レウラウ					555c26	直音表記	七・七9	清雅寥亮
20-049-01	守護国界主陀羅尼経_石山寺	628	410	簫	簫	簫笛	簫笛			1				セウ	セウ＊					555c27		七・七10	簫笛箜篌
20-049-01	守護国界主陀羅尼経_石山寺	629	411	琵	琵	琵琶	琵琶			1				ヒ	ヒハ					555c27		七・七10	琵琶螺貝
20-049-01	守護国界主陀羅尼経_石山寺	630	411	琶	琶	琵琶	琵琶			2				ハ	ヒハ					555c27		七・七10	琵琶螺貝
20-049-01	守護国界主陀羅尼経_石山寺	631	412	螺	蠡	螺唄	蠡唄			1				ラ	ラハイ					555c27	螺貝の誤	七・七10	琵琶螺貝
20-049-01	守護国界主陀羅尼経_石山寺	632	412	唄	唄	螺唄	螺唄			2				ハイ	ラハイ					555c27	螺貝の誤	七・七11	琵琶螺貝
20-049-01	守護国界主陀羅尼経_石山寺	633	413	美	美	美妙	美妙			1				ミ	ミ＊					555c28		七・七11	美妙聲鼓
20-049-01	守護国界主陀羅尼経_石山寺	634	414	舞	_	歌舞	歌_			2				フ	＊フ					555c28		七・七11	種種歌舞
20-049-01	守護国界主陀羅尼経_石山寺	635	415	網	網	寶網	寶網			2				マウ	＊マウ					556a06		七・七18	衆寶網遍覆大會
20-049-01	守護国界主陀羅尼経_石山寺	636	416	懸	懸	懸	懸			1				ケ	ケ					556a08	直音表記・ｎ韻尾	七・七20	懸衆網鐸寶鈴和鳴
20-049-01	守護国界主陀羅尼経_石山寺	637	417	鐸	鐸	網鐸	網鐸			2				タク	＊タク					556a08	直音表記	七・七20	懸衆網鐸寶鈴和鳴
20-049-01	守護国界主陀羅尼経_石山寺	638	418	鳴	鳴	和鳴	和鳴			2					＊命		命			556a08		七・七20	懸衆網鐸寶鈴和鳴
20-049-01	守護国界主陀羅尼経_石山寺	639	419	匝	匝	七匝	七匝			2				サフ	＊サフ					556a10		七・七23	遶佛七匝
20-049-01	守護国界主陀羅尼経_石山寺	640	420	特	特	殊特	殊特			2				トク	＊トク					556a14		七・七26	殊特供具
20-049-01	守護国界主陀羅尼経_石山寺	641	421	列	列	羅列	羅列			2				レ	＊レ					556a14	ｔ韻尾	七・八1	羅列寶樹周匝圍遶
20-049-01	守護国界主陀羅尼経_石山寺	642	422	發	發	發	發			1				ハ	ハ					556a17	ｔ韻尾	七・八3	發阿耨多羅三藐三菩提心
20-049-01	守護国界主陀羅尼経_石山寺	643	423	誓	誓	誓願	誓願			1				セイ	セイ＊					556a20		七・八7	誰能發起廣大誓願
20-049-01	守護国界主陀羅尼経_石山寺	644	424	列	列	間列	間列			2				レ	＊レ					556a22	ｔ韻尾	七・八10	諸如意樹花果間列
20-049-01	守護国界主陀羅尼経_石山寺	645	425	含	含	含輝	含輝			1				カム	カム＊					556a23		七・八10	發焔含輝
20-049-01	守護国界主陀羅尼経_石山寺	646	426	易	易	變易	變易			2				ヤク	＊ヤク					556a23		七・八10	常無變易
20-049-01	守護国界主陀羅尼経_石山寺	647	427	勅	勅	教勅	教勅			2				トク	＊トク					556a29	直音表記	七・八17	如佛教勅留此道場
20-049-01	守護国界主陀羅尼経_石山寺	648	428	損	損	損壞	損壞			1				ソム	ソム＊					556b06		七・八21	經爾所時令不損壞
20-049-01	守護国界主陀羅尼経_石山寺	649	429	器	器	器物	器物			1				キ	キ＊					556b07		七・八22	一切器物速疾破壞
20-049-01	守護国界主陀羅尼経_石山寺	650	430	損	損	損壞	損壞			1				ソム	ソム＊					556b08		七・八23	虚空爲器不可損壞
20-049-01	守護国界主陀羅尼経_石山寺	651	431	胝	胝	倶胝	倶胝			2				テイ	＊テイ					556b21	音訳	七・九13	百千倶胝那由他劫
20-049-01	守護国界主陀羅尼経_石山寺	652	432	缺	缺	無缺	無缺			2				ケム	＊ケム					556b22	ｔ韻尾	七・九14	任持無缺
20-049-01	守護国界主陀羅尼経_石山寺	653	433	設	設	設令	設令			1				セム	セム＊					556b29	ｔ韻尾	七・九21	世尊設令
20-049-01	守護国界主陀羅尼経_石山寺	654	434	冑	冑	甲冑	甲冑			2				チウ	＊チウ					556c04		七・一〇1	被大甲冑
20-049-01	守護国界主陀羅尼経_石山寺	655	435	渇	渇	渇仰	渇仰			1				カ	カカウ					556c11	ｔ韻尾	七・一〇7	心生渇仰欲聞妙法
20-049-01	守護国界主陀羅尼経_石山寺	656	435	仰	仰	渇仰	渇仰			2				カウ	カカウ					556c11		七・一〇7	心生渇仰欲聞妙法
20-049-01	守護国界主陀羅尼経_石山寺	657	436	怡	怡	怡暢	怡暢			1				イ	イ長					556c12		七・一〇9	歡喜怡暢
20-049-01	守護国界主陀羅尼経_石山寺	658	436	暢	暢	怡暢	怡暢			2					イ長		長			556c12		七・一〇9	歡喜怡暢
20-049-01	守護国界主陀羅尼経_石山寺	659	437	説	説	顯説	顯説			2				セム	＊セム					556c13	ｔ韻尾	七・一〇9	顯説守護國界主陀羅尼經（訓カ？）
20-049-01	守護国界主陀羅尼経_石山寺	660	438	倍	倍	百千萬倍	百千萬倍			4				ヘイ	＊＊＊ヘイ					556c18		七・一〇13	過於大衆百千萬倍
20-049-01	守護国界主陀羅尼経_石山寺	661	439	映	暎	映奪	暎奪			1				アウ	アウタチ					556c18		七・一〇13	猶如滿月映奪衆星
20-049-01	守護国界主陀羅尼経_石山寺	662	439	奪	奪	映奪	映奪			2				タチ	アウタチ					556c18		七・一〇13	猶如滿月映奪衆星
20-049-01	守護国界主陀羅尼経_石山寺	663	440	胡	胡	胡跪	胡跪			1				コ	コキ					556c20		七・一〇15	偏袒右肩胡跪合掌
20-049-01	守護国界主陀羅尼経_石山寺	664	440	跪	跪	胡跪	胡跪			2				キ	コキ					556c20	直音表記	七・一〇15	偏袒右肩胡跪合掌
20-049-01	守護国界主陀羅尼経_石山寺	665	441	微	微	微劣	微劣			1				ミ	ミレム					556c25		七・一〇20	總持光照皆微劣
20-049-01	守護国界主陀羅尼経_石山寺	666	441	劣	劣	微劣	微劣			2				レム	ミレム					556c25	ｔ韻尾	七・一〇20	總持光照皆微劣
20-049-01	守護国界主陀羅尼経_石山寺	667	442	機	機	時機	時機			2				キ	＊キ					557a06		七・一一4	願無等智順時機
20-049-01	守護国界主陀羅尼経_石山寺	668	443	含	含	含識	含識			1				カム	カム＊					557a06		七・一一4	開妙法藏利含識
20-049-01	守護国界主陀羅尼経_石山寺	669	444	摧	摧	摧殄	摧殄			1				サイ	サイテム					557a07		七・一一5	魔王眷屬當摧殄
20-049-01	守護国界主陀羅尼経_石山寺	670	444	殄	祢	摧殄	摧祢			2				テム	サイテム					557a07		七・一一5	魔王眷屬當摧殄
20-049-01	守護国界主陀羅尼経_石山寺	671	445	雄	雄	大雄	大雄			2				オウ	＊オウ					557a08		七・一一6	大雄智慧無有邊
20-049-01	守護国界主陀羅尼経_石山寺	672	446	曠	曠	曠劫	曠劫			1				カウ	カウ＊					557a11	直音表記	七・一一9	曠劫懃修今自在
20-049-01	守護国界主陀羅尼経_石山寺	673	447	懃	懃	懃修	懃修			1				コム	コム＊					557a11		七・一一9	曠劫懃修今自在
20-049-01	守護国界主陀羅尼経_石山寺	674	448	諮	諮	諮問	諮問			1				シ	シ＊					557a15		七・一一13	我承佛力敢欲諮問
20-049-01	守護国界主陀羅尼経_石山寺	675	449	怨	寃	怨敵	寃敵			1				ヱム	ヱムタク					557a21		七・一一20	能破衆魔煩惱怨敵
20-049-01	守護国界主陀羅尼経_石山寺	676	449	敵	敵	怨敵	怨敵			2				タク	ヱムタク					557a21	直音表記	七・一一20	能破衆魔煩惱怨敵「と・を」
20-049-01	守護国界主陀羅尼経_石山寺	677	450	漸	漸	漸次	漸次			1				セム	セム＊					557a22		七・一一21	漸次深入諸菩薩境
20-049-01	守護国界主陀羅尼経_石山寺	678	451	摧	摧	摧伏	摧伏			1				サイ	サイ＊					557a23		七・一一22	遊諸佛刹摧伏魔軍
20-049-01	守護国界主陀羅尼経_石山寺	679	452	勇	勇	勇猛	勇猛			1				ユウ	ユウ明					557a26		七・一二1	汝能發起大勇猛心
20-049-01	守護国界主陀羅尼経_石山寺	680	452	猛	猛	勇猛	勇猛			2					ユウ明		明			557a26		七・一二1	汝能發起大勇猛心
20-049-01	守護国界主陀羅尼経_石山寺	681	453	期	期	期	期			1				コ	コ					557a28	斯の誤、訓？	七・一二3	明了通達能問斯義
20-049-01	守護国界主陀羅尼経_石山寺	682	454	瞋	瞋	瞋恚	瞋恚			1				シム	シムイ					557b07		七・一二11	於衆生起無瞋恚
20-049-01	守護国界主陀羅尼経_石山寺	683	454	恚	恚	瞋恚	瞋恚			2				イ	シムイ					557b07		七・一二11	於衆生起無瞋恚
20-049-01	守護国界主陀羅尼経_石山寺	684	455	厭	厭	厭足	厭足			1				エム	エム＊					557b08		七・一二12	皆歡喜無有厭足
20-049-01	守護国界主陀羅尼経_石山寺	685	456	悔	悔	無悔	無悔			2				ケ	＊ケ					557b19	直音表記	七・一二21	謂不破戒終無悔故
20-049-01	守護国界主陀羅尼経_石山寺	686	457	穿	穿	不穿漏戒	不穿漏戒			2					＊前ロ＊		前			557b19		七・一二21	不穿漏戒
20-049-01	守護国界主陀羅尼経_石山寺	687	457	漏	漏	不穿漏戒	不穿漏戒			3				ロ	＊前ロ＊					557b19		七・一二21	不穿漏戒
20-049-01	守護国界主陀羅尼経_石山寺	688	458	勤	勤	勤	勤			1				コム	コム					557b23		七・一二25	勤得清淨
20-049-01	守護国界主陀羅尼経_石山寺	689	459	放	放	放逸	放逸			1				ハウ	ハウイ					557b24		七・一三1	不放逸得清淨
20-049-01	守護国界主陀羅尼経_石山寺	690	459	逸	逸	放逸	放逸			2				イ	ハウイ					557b24	ｔ韻尾	七・一三1	不放逸得清淨
20-049-01	守護国界主陀羅尼経_石山寺	691	460	怠	怠	懈怠	懈怠			2				タイ	＊タイ					557b26		七・一三3	不懈怠圓滿
20-049-01	守護国界主陀羅尼経_石山寺	692	461	嫌	嫌	嫌恨	嫌恨			1				ケム	ケム＊					557b26		七・一三3	不嫌恨圓滿
20-049-01	守護国界主陀羅尼経_石山寺	693	462	友	友	善友	善友			2				ウ	＊ウ					557b28		七・一三5	得善友圓滿
20-049-01	守護国界主陀羅尼経_石山寺	694	463	近	近	近寂靜	近寂靜			1				コ	コ＊＊					557c01	ｎ韻尾	七・一三7	得近寂靜
20-049-01	守護国界主陀羅尼経_石山寺	695	464	勇	勇	勇悍心	勇悍心			1				ユウ	ユウカム＊					557c02		七・一三7	得勇悍心
20-049-01	守護国界主陀羅尼経_石山寺	696	464	悍	悍	勇悍心	勇悍心			2				カム	ユウカム＊					557c02		七・一三7	得勇悍心
20-049-01	守護国界主陀羅尼経_石山寺	697	465	旱	旱	旱_	旱_			1				カウ	カウラウ					571c21	ｎ韻尾	一〇・一7	旱_不調
20-049-01	守護国界主陀羅尼経_石山寺	698	465	_	_	旱_	旱_			2				ラウ	カウラウ					571c21		一〇・一7	旱_不調
20-049-01	守護国界主陀羅尼経_石山寺	699	466	饑	饑	饑饉	饑饉			1				キ	キコム					571c21		一〇・一7	饑饉相仍
20-049-01	守護国界主陀羅尼経_石山寺	700	466	饉	饉	饑饉	饑饉			2				コム	キコム					571c21		一〇・一7	饑饉相仍
20-049-01	守護国界主陀羅尼経_石山寺	701	467	怨	寃	怨敵	寃敵			1					遠着		遠也			571c22		一〇・一8	怨敵侵擾
20-049-01	守護国界主陀羅尼経_石山寺	702	467	敵	敵	怨敵	怨敵			2					遠着		着也			571c22		一〇・一8	怨敵侵擾
20-049-01	守護国界主陀羅尼経_石山寺	703	468	疫	疫	疾疫	疾疫			2				ワク	＊ワク					571c22		一〇・一8	疾疫災難
20-049-01	守護国界主陀羅尼経_石山寺	704	469	災	災	災難	災難			1				サイ	サイ＊					571c22		一〇・一8	疾疫災難
20-049-01	守護国界主陀羅尼経_石山寺	705	470	飢	飢	飢饉	飢饉			1				キ	キ＊					571c27		一〇・一12	常有飢饉
20-049-01	守護国界主陀羅尼経_石山寺	706	471	怨	寃	怨敵	寃敵			1					遠着		遠			571c27		一〇・一13	常有飢饉怨敵等
20-049-01	守護国界主陀羅尼経_石山寺	707	471	敵	敵	怨敵	怨敵			2					遠着		着			571c28		一〇・一13	常有飢饉怨敵等
20-049-01	守護国界主陀羅尼経_石山寺	708	472	惡	惡	罪惡	罪惡			2				アク	＊アク					572a04		一〇・一18	一切罪惡
20-049-01	守護国界主陀羅尼経_石山寺	709	473	猛	猛	大猛風	大猛風			2				マウ	＊マウ＊					572a05	直音表記	一〇・一19	如大猛風
20-049-01	守護国界主陀羅尼経_石山寺	710	474	吹	吹	吹	吹			1				スイ	スイ					572a06		一〇・一20	吹其信心及菩提心
20-049-01	守護国界主陀羅尼経_石山寺	711	475	聾	聾	聾盲人	聾盲人			1				ロウ	ロウマウ＊					572a07		一〇・一21	聾盲人
20-049-01	守護国界主陀羅尼経_石山寺	712	475	盲	盲	聾盲人	聾盲人			2				マウ	ロウマウ＊					572a07		一〇・一21	聾盲人
20-049-01	守護国界主陀羅尼経_石山寺	713	476	惹	惹	_惹	_惹			2				サ	＊サ					572a09	直音表記・音訳	一〇・一23	即_惹義
20-049-01	守護国界主陀羅尼経_石山寺	714	477	啼	啼	啼哭	啼哭			1				テイ	テイコク					572a10		一〇・一24	啼哭愁歎
20-049-01	守護国界主陀羅尼経_石山寺	715	477	哭	哭	啼哭	啼哭			2				コク	テイコク					572a10		一〇・一24	啼哭愁歎
20-049-01	守護国界主陀羅尼経_石山寺	716	478	歎	歎	愁歎	愁歎			2				タ□	＊タ□					572a10		一〇・一24	啼哭愁歎
20-049-01	守護国界主陀羅尼経_石山寺	717	479	救	救	救護	救護			1				ク	ク＊					572a10		一〇・一24	無救護聲
20-049-01	守護国界主陀羅尼経_石山寺	718	480	慰	慰	慰喩	慰喩			1				ヰ	ヰユ					572a11		一〇・一25	王當慰喩
20-049-01	守護国界主陀羅尼経_石山寺	719	480	喩	喩	慰喩	慰喩			2				ユ	ヰユ					572a11		一〇・一25	王當慰喩
20-049-01	守護国界主陀羅尼経_石山寺	720	481	惹	惹	惹字	惹字			1				サ	サ＊					572a12	直音表記・音訳	一〇・一26	惹字聲
20-049-01	守護国界主陀羅尼経_石山寺	721	482	富	富	富貴	富貴			1				フ	フ＊					572a13		一〇・一27	富貴義
20-049-01	守護国界主陀羅尼経_石山寺	722	483	摧	摧	摧滅	摧滅			1				サイ	サイ＊					572a14		一〇・二1	摧滅
20-049-01	守護国界主陀羅尼経_石山寺	723	484	_	_	_慢	_慢			1				ケウ	ケウ＊					572a15		一〇・二1	_慢自高
20-049-01	守護国界主陀羅尼経_石山寺	724	485	飢	飢	飢餓	飢餓			1				キ	キ＊					572a17		一〇・二3	飢餓渇乏
20-049-01	守護国界主陀羅尼経_石山寺	725	486	渇	渇	渇乏	渇乏			1				カ	カ＊					572a17	ｔ韻尾	一〇・二3	飢餓渇乏
20-049-01	守護国界主陀羅尼経_石山寺	726	487	財	財	護財	護財			2				サイ	＊サイ					572a18		一〇・二5	復放護財
20-049-01	守護国界主陀羅尼経_石山寺	727	488	閉	閉	関閉	関閉			2				ヘイ	＊ヘイ					572a20		一〇・二7	関閉人天涅槃之門
20-049-01	守護国界主陀羅尼経_石山寺	728	489	塗	塗	三塗	三塗			2				ツ	＊ツ					572a21		一〇・二8	三塗生死
20-049-01	守護国界主陀羅尼経_石山寺	729	490	趣	趣	惡趣	惡趣			2				ス	＊ス					572a21	直音表記	一〇・二8	惡趣
20-049-01	守護国界主陀羅尼経_石山寺	730	491	苑	苑	園苑	園苑			2				ヲ	＊ヲ					572a22	ｎ韻尾	一〇・二9	出遊園苑
20-049-01	守護国界主陀羅尼経_石山寺	731	492	備	備	嚴備	嚴備			2				ヒ	＊ヒ					572a22		一〇・二9	嚴備象駕
20-049-01	守護国界主陀羅尼経_石山寺	732	493	象	象	象駕	象駕			1					藏カ		藏			572a22		一〇・二9	嚴備象駕
20-049-01	守護国界主陀羅尼経_石山寺	733	493	駕	駕	象駕	象駕			2				カ	藏カ					572a22		一〇・二9	嚴備象駕
20-049-01	守護国界主陀羅尼経_石山寺	734	494	巾	巾	巾	巾			1				キ	キ					572a22	ｎ韻尾	一〇・二9	一萬二萬巾
20-049-01	守護国界主陀羅尼経_石山寺	735	495	馭	馭	馭	馭			1					魚		魚			572a23		一〇・二9	馭車馬
20-049-01	守護国界主陀羅尼経_石山寺	736	496	翊	翊	翊從	翊從			1				ヨク	ヨク＊					572a23		一〇・二10	以爲翊從
20-049-01	守護国界主陀羅尼経_石山寺	737	497	沈	沈	沈麝	沈麝			1				チウ	チウサ					572a27	ｍ韻尾	一〇・二14	欝金龍腦栴檀沈麝
20-049-01	守護国界主陀羅尼経_石山寺	738	497	麝	麝	沈麝	沈麝			2				サ	チウサ					572a27	直音表記	一〇・二14	欝金龍腦栴檀沈麝
20-049-01	守護国界主陀羅尼経_石山寺	739	498	匱	匱	貧匱	貧匱			2				キ	＊キ					572a29	直音表記	一〇・二15	貧匱困苦
20-049-01	守護国界主陀羅尼経_石山寺	740	499	給	給	充給	充給			2				キフ	＊キフ					572a29		一〇・二16	不能充給一象之費
20-049-01	守護国界主陀羅尼経_石山寺	741	500	巡	巡	巡按	巡按			1				スウ	スウ＊					572b02	直音表記・ｎ韻尾	一〇・二18	巡按
20-049-01	守護国界主陀羅尼経_石山寺	742	501	囹	囹	囹圄	囹圄			1					両コ		両			572b02		一〇・二18	一切囹圄
20-049-01	守護国界主陀羅尼経_石山寺	743	501	圄	圄	囹圄	囹圄			2				コ	両コ					572b03		一〇・二18	一切囹圄
20-049-01	守護国界主陀羅尼経_石山寺	744	502	貧	貧	貧乏	貧乏			1				ヒウ	ヒウ法					572b04	ｎ韻尾	一〇・二20	貧乏之者
20-049-01	守護国界主陀羅尼経_石山寺	745	502	乏	乏	貧乏	貧乏			2					ヒウ法		法			572b04		一〇・二20	貧乏之者
20-049-01	守護国界主陀羅尼経_石山寺	746	503	貧	貧	貧人	貧人			1				ヒ	ヒ＊					572b05	ｎ韻尾	一〇・二20	諸貧人
20-049-01	守護国界主陀羅尼経_石山寺	747	504	孤	孤	孤_	孤_			1				コ	コ□イ					572b05		一〇・二20	孤_困苦
20-049-01	守護国界主陀羅尼経_石山寺	748	504	_	_	孤_	孤_			2				□イ	コ□イ					572b05		一〇・二20	孤_困苦
20-049-01	守護国界主陀羅尼経_石山寺	749	505	困	困	困苦	困苦			1					根＊		根			572b05		一〇・二20	孤_困苦
20-049-01	守護国界主陀羅尼経_石山寺	750	506	禁	禁	禁戒	禁戒			1				キム	キム＊					572b07		一〇・二22	不受禁戒
20-049-01	守護国界主陀羅尼経_石山寺	751	507	己	己	自己	自己			2				コ	＊コ					572b10		一〇・二25	不聞自己名字
20-049-01	守護国界主陀羅尼経_石山寺	752	508	哩	哩	訖哩枳	訖哩枳			2				リ	＊リキ					572b15	音訳	一〇・三2	名訖哩枳
20-049-01	守護国界主陀羅尼経_石山寺	753	508	枳	枳	訖哩枳	訖哩枳			3				キ	＊リキ					572b15	音訳	一〇・三2	名訖哩枳
20-049-01	守護国界主陀羅尼経_石山寺	754	509	_	_	_猴	_猴			1				ミ	ミコ					572b17		一〇・三4	有十_猴
20-049-01	守護国界主陀羅尼経_石山寺	755	509	猴	猴	_猴	_猴			2				コ	ミコ					572b17		一〇・三4	有十_猴
20-049-01	守護国界主陀羅尼経_石山寺	756	510	擾	擾	擾亂	擾亂			1				ネウ	ネウ＊					572b17	攝亂の誤？	一〇・三4	九_猴攝亂
20-049-01	守護国界主陀羅尼経_石山寺	757	511	妾	妾	妻妾	妻妾			2				セフ	＊セフ					572b18		一〇・三5	妻妾男女
20-049-01	守護国界主陀羅尼経_石山寺	758	512	什	什	什物	什物			1					集＊		集			572b18		一〇・三5	破壞什物
20-049-01	守護国界主陀羅尼経_石山寺	759	513	穢	穢	穢汚	穢汚			1				ヱ	ヱヲ					572b19		一〇・三6	以不淨而穢汚之
20-049-01	守護国界主陀羅尼経_石山寺	760	513	汚	汚	穢汚	穢汚			2				ヲ	ヱヲ					572b19		一〇・三6	以不淨而穢汚之
20-049-01	守護国界主陀羅尼経_石山寺	761	514	留	留	留難	留難			1				ル	ル＊					572b21		一〇・三7	作諸留難
20-049-01	守護国界主陀羅尼経_石山寺	762	515	恐	恐	恐怖	恐怖			1				ク	ク＊					572b23		一〇・三10	生大恐怖
20-049-01	守護国界主陀羅尼経_石山寺	763	516	占	占	占相者	占相者			1				テム	テム＊＊					572b24		一〇・三11	召占相者
20-049-01	守護国界主陀羅尼経_石山寺	764	517	占	占	占者	占者			1				テム	テム＊					572b24		一〇・三11	占者白王
20-049-01	守護国界主陀羅尼経_石山寺	765	518	邑	邑	國邑	國邑			2				オフ	＊オフ					572b26		一〇・三13	食自國邑
20-049-01	守護国界主陀羅尼経_石山寺	766	519	備	備	嚴備	嚴備			2				ヒ	＊ヒ					572b28		一〇・三15	嚴備種種供養之具
20-049-01	守護国界主陀羅尼経_石山寺	767	520	詣	詣	往詣	往詣			2				ケイ	＊ケイ					572b29		一〇・三16	一心往詣迦葉佛所
20-049-01	守護国界主陀羅尼経_石山寺	768	521	陳	陳	陳	陳			1				チ	チ					572c03	ｎ韻尾	一〇・三19	具陳所夢白佛
20-049-01	守護国界主陀羅尼経_石山寺	769	522	濁	濁	五濁	五濁			2				トク	＊トク					572c05	直音表記	一〇・三21	五濁惡世
20-049-01	守護国界主陀羅尼経_石山寺	770	523	遺	遺	遺法	遺法			1				ユイ	ユイ＊					572c06		一〇・三21	遺法之相
20-049-01	守護国界主陀羅尼経_石山寺	771	524	活	活	不活	不活			2				カチ	＊カチ					572c08	直音表記	一〇・三24	貧畏不活而作沙門
20-049-01	守護国界主陀羅尼経_石山寺	772	525	奴	奴	奴	奴			1				ヌ	ヌ					572c08		一〇・三24	奴有怖畏而作沙門
20-049-01	守護国界主陀羅尼経_石山寺	773	526	債	債	債負	債負			1				サイ	サイフ					572c09		一〇・三25	怖畏債負而作沙門
20-049-01	守護国界主陀羅尼経_石山寺	774	526	負	負	債負	債負			2				フ	サイフ					572c09		一〇・三25	怖畏債負而作沙門
20-049-01	守護国界主陀羅尼経_石山寺	775	527	活	活	不活	不活			2				カ	＊カ					572c15	直音表記・ｔ韻尾	一〇・四3	貧畏不活作沙門者
20-049-01	守護国界主陀羅尼経_石山寺	776	528	求	求	貪求	貪求			2				ク	＊ク					572c15		一〇・四4	貪求財寶
20-049-01	守護国界主陀羅尼経_石山寺	777	529	財	財	財寶	財寶			1				サイ	サイ＊					572c15		一〇・四4	貪求財寶
20-049-01	守護国界主陀羅尼経_石山寺	778	530	感	感	感	感			1				カム	カム					572c16		一〇・四4	感天地雨澤不時
20-049-01	守護国界主陀羅尼経_石山寺	779	531	澤	澤	雨澤	雨澤			2				タク	＊タク					572c16		一〇・四5	雨澤不時
20-049-01	守護国界主陀羅尼経_石山寺	780	532	穀	穀	五穀	五穀			2				コク	＊コク					572c16		一〇・四5	五穀不登
20-049-01	守護国界主陀羅尼経_石山寺	781	533	税	税	官税	官税			2				サイ	＊サイ					572c17		一〇・四5	不充官税
20-049-01	守護国界主陀羅尼経_石山寺	782	534	藍	藍	僧伽藍	僧伽藍			3				ラム	＊＊ラム					572c20	音訳	一〇・四8	入僧伽藍
20-049-01	守護国界主陀羅尼経_石山寺	783	535	族	族	族姓	族姓			1				ソク	ソク＊					572c22		一〇・四10	清信士族姓長者
20-049-01	守護国界主陀羅尼経_石山寺	784	536	貧	貧	貧	貧			1				ヒ	ヒ					572c23	ｎ韻尾	一〇・四12	貧畏不活而作沙門
20-049-01	守護国界主陀羅尼経_石山寺	785	537	活	活	不活	不活			2				カ	＊カ					572c23	直音表記・ｔ韻尾	一〇・四12	貧畏不活而作沙門
20-049-01	守護国界主陀羅尼経_石山寺	786	538	賤	賤	下賤	下賤			2				セム	＊セム					572c25		一〇・四13	下賤奴婢
20-049-01	守護国界主陀羅尼経_石山寺	787	539	婢	婢	奴婢	奴婢			2				ヒ	＊ヒ					572c25		一〇・四13	下賤奴婢
20-049-01	守護国界主陀羅尼経_石山寺	788	540	驅	驅	驅策	驅策			1				ク	クサク					572c25		一〇・四14	受他驅策
20-049-01	守護国界主陀羅尼経_石山寺	789	541	策	策	驅策	驅策			2				サク	クサク					572c25		一〇・四14	受他驅策
20-049-01	守護国界主陀羅尼経_石山寺	790	542	債	債	債負	債負			1				サイ	サイフ					572c26		一〇・四15	怖畏債負
20-049-01	守護国界主陀羅尼経_石山寺	791	542	負	負	債負	債負			2				フ	サイフ					572c26		一〇・四15	怖畏債負
20-049-01	守護国界主陀羅尼経_石山寺	792	543	私	私	公私	公私			2				シ	＊シ					572c27		一〇・四15	公私債負
20-049-01	守護国界主陀羅尼経_石山寺	793	544	債	債	債負	債負			1				サイ	サイフ					572c27		一〇・四15	公私債負
20-049-01	守護国界主陀羅尼経_石山寺	794	544	負	負	債負	債負			2				フ	サイフ					572c27		一〇・四16	公私債負
20-049-01	守護国界主陀羅尼経_石山寺	795	545	逼	逼	逼迫	逼迫			1				ヒ	ヒ白					572c28		一〇・四16	既被逼迫
20-049-01	守護国界主陀羅尼経_石山寺	796	545	迫	迫	逼迫	逼迫			2					ヒ白		白			572c28		一〇・四16	既被逼迫
20-049-01	守護国界主陀羅尼経_石山寺	797	546	嫉	嫉	嫉妬	嫉妬			1				シ	シ＊					573a01	ｔ韻尾	一〇・四18	諸外道心生嫉妬
20-049-01	守護国界主陀羅尼経_石山寺	798	547	聰	聰	聰明	聰明			1				ソウ	ソウ＊					573a01		一〇・四18	聰明利根
20-049-01	守護国界主陀羅尼経_石山寺	799	548	幢	幢	幢	幢			1				トウ	トウ					573a03		一〇・四21	樹論議幢
20-049-01	守護国界主陀羅尼経_石山寺	800	549	摧	摧	摧壞	摧壞			1				サイ	サイヱ					573a03		一〇・四21	摧壞破滅
20-049-01	守護国界主陀羅尼経_石山寺	801	549	壞	壞	摧壞	摧壞			2				ヱ	サイヱ					573a04		一〇・四21	摧壞破滅
20-049-01	守護国界主陀羅尼経_石山寺	802	550	某	某	某甲	某甲			1				ム	ム＊					573a05		一〇・四23	某甲披衣落髮
20-049-01	守護国界主陀羅尼経_石山寺	803	551	伎	伎	伎能	伎能			1				キ	キ＊					573a06		一〇・四23	多有伎能
20-049-01	守護国界主陀羅尼経_石山寺	804	552	剃	剃	剃落	剃落			1				タイ	タイラク					573a10		一〇・四27	剃落披衣出家
20-049-01	守護国界主陀羅尼経_石山寺	805	552	落	落	剃落	剃落			2				ラク	タイラク					573a10		一〇・四27	剃落披衣出家
20-049-01	守護国界主陀羅尼経_石山寺	806	553	棲	棲	棲遲	棲遲			1				サイ	サイチ					573a17		一〇・五6	以棲遲
20-049-01	守護国界主陀羅尼経_石山寺	807	553	遲	遲	棲遲	棲遲			2				チ	サイチ					573a17		一〇・五6	以棲遲
20-049-01	守護国界主陀羅尼経_石山寺	808	554	求	求	欲求	欲求			2				ク	＊ク					573a18		一〇・五7	欲求未來帝王位
20-049-01	守護国界主陀羅尼経_石山寺	809	555	崇	崇	尊崇	尊崇			2					＊衆		衆			573a19		一〇・五8	自在尊崇富貴安樂
20-049-01	守護国界主陀羅尼経_石山寺	810	556	居	居	居	居			1				コ	コ					573a20		一〇・五10	當生得居王位
20-049-01	守護国界主陀羅尼経_石山寺	811	557	族	族	族姓	族姓			1				ソク	ソク＊					573a22		一〇・五12	族姓婆羅門家
20-049-01	守護国界主陀羅尼経_石山寺	812	558	商	商	商主	商主			1					生＊		生			573a23	音訳	一〇・五12	商主富貴之家
20-049-01	守護国界主陀羅尼経_石山寺	813	559	榮	榮	榮顯	榮顯			1				ヱイ	ヱイ見					573a24		一〇・五13	諸財色富貴榮顯
20-049-01	守護国界主陀羅尼経_石山寺	814	559	顯	顯	榮顯	榮顯			2					ヱイ見		見			573a24		一〇・五13	諸財色富貴榮顯
20-049-01	守護国界主陀羅尼経_石山寺	815	560	浮	浮	浮雲	浮雲			1				フ	フ＊					573a24		一〇・五13	浮雲泡幻電光
20-049-01	守護国界主陀羅尼経_石山寺	816	561	泡	泡	泡幻	泡幻			1				ハウ	ハウ＊					573a24		一〇・五14	浮雲泡幻電光
20-049-01	守護国界主陀羅尼経_石山寺	817	562	厭	厭	厭離	厭離			1				エム	エム＊					573a25		一〇・五14	遂起厭離
20-049-01	守護国界主陀羅尼経_石山寺	818	563	秉	秉	秉持	秉持			1					平＊		平反			573a26		一〇・五15	秉持律儀
20-049-01	守護国界主陀羅尼経_石山寺	819	564	惟	惟	惟求	惟求			1				ユイ	ユイク					573a27	唯求の誤？	一〇・五16	唯求無上菩提之果
20-049-01	守護国界主陀羅尼経_石山寺	820	565	求	求	惟求	惟求			2				ク	ユイク					573a27	唯求の誤？	一〇・五16	唯求無上菩提之果
20-049-01	守護国界主陀羅尼経_石山寺	821	566	擾	擾	擾亂	擾亂			1				ネウ	ネウ＊					573b02		一〇・五20	其九_猴擾亂衆人
20-049-01	守護国界主陀羅尼経_石山寺	822	567	汚	汚	汚穢	汚穢			1				ヲ	ヲヱ					573b05		一〇・五24	汚穢一切族姓之家
20-049-01	守護国界主陀羅尼経_石山寺	823	567	穢	穢	汚穢	汚穢			2				ヱ	ヲヱ					573b05		一〇・五24	汚穢一切族姓之家
20-049-01	守護国界主陀羅尼経_石山寺	824	568	族	族	族姓	族姓			1				ソク	ソク＊					573b06		一〇・五24	汚穢一切族姓之家
20-049-01	守護国界主陀羅尼経_石山寺	825	569	毀	毀	毀謗	毀謗			1				ヒ（ママ）	ヒハウ					573b06		一〇・五25	論説毀謗眞實沙門
20-049-01	守護国界主陀羅尼経_石山寺	826	569	謗	謗	毀謗	毀謗			2				ハウ	ヒハウ					573b07		一〇・五25	論説毀謗眞實沙門
20-049-01	守護国界主陀羅尼経_石山寺	827	570	居	居	居	居			1				コ	コ					573b09		一〇・五27	同居一寺舍
20-049-01	守護国界主陀羅尼経_石山寺	828	571	邑	邑	國邑	國邑			2				イフ	＊イフ					573b09		一〇・五27	同一國邑
20-049-01	守護国界主陀羅尼経_石山寺	829	572	蒙	蒙	蒙蔽	蒙蔽			1					□ヘイ		□反			573b10		一〇・五28	蒙蔽國王大臣官長
20-049-01	守護国界主陀羅尼経_石山寺	830	572	蔽	__	蒙蔽	蒙__			2				ヘイ	□ヘイ					573b10		一〇・五28	蒙蔽國王大臣官長
20-049-01	守護国界主陀羅尼経_石山寺	831	573	厚	厚	親厚	親厚			2					＊？		春?反			573b12		一〇・六2	爲親厚
20-049-01	守護国界主陀羅尼経_石山寺	832	574	焚	焚	焚燒	焚燒			1				ホウ	ホウ＊					573b16	ｎ韻尾	一〇・六6	長時焚燒
20-049-01	守護国界主陀羅尼経_石山寺	833	575	毫	毫	一毫	一毫			2				モウ	＊モウ					573b16		一〇・六6	一毫無損
20-049-01	守護国界主陀羅尼経_石山寺	834	576	損	損	無損	無損			2				ソム	＊ソム					573b17		一〇・六6	一毫無損
20-049-01	守護国界主陀羅尼経_石山寺	835	577	臾	臾	須臾	須臾			2				ユ	＊ユ					573b17		一〇・六6	須臾燒滅
20-049-01	守護国界主陀羅尼経_石山寺	836	578	枳	枳	訖哩枳王	訖哩枳王			3				キ	＊＊キ＊					573b18	音訳	一〇・六7	爲訖哩枳王
20-049-01	守護国界主陀羅尼経_石山寺	837	579	活	活	不活	不活			2				カ	＊カ					573b19	直音表記・ｔ韻尾	一〇・六9	貧畏不活而剃落
20-049-01	守護国界主陀羅尼経_石山寺	838	580	剃	剃	剃落	剃落			1					第＊		第反			573b19		一〇・六9	貧畏不活而剃落
20-049-01	守護国界主陀羅尼経_石山寺	839	581	葦	葦	蘆葦	蘆葦			2				ヰ	＊ヰ					573b20		一〇・六10	不實如蘆葦
20-049-01	守護国界主陀羅尼経_石山寺	840	582	迷	迷	迷醉	迷醉			1				メイ	メイスイ					573b21		一〇・六11	所迷醉
20-049-01	守護国界主陀羅尼経_石山寺	841	582	醉	醉	迷醉	迷醉			2				スイ	メイスイ					573b21		一〇・六11	所迷醉
20-049-01	守護国界主陀羅尼経_石山寺	842	583	棄	棄	棄捐	棄捐			1				キ	キ延					573b22		一〇・六12	翻棄捐
20-049-01	守護国界主陀羅尼経_石山寺	843	583	捐	捐	棄捐	棄捐			2					キ延		延反			573b22		一〇・六12	翻棄捐
20-049-01	守護国界主陀羅尼経_石山寺	844	584	擔	擔	荷擔	荷擔			2				タム	＊タム					573b22		一〇・六12	拾薪荷擔
20-049-01	守護国界主陀羅尼経_石山寺	845	585	嬾	嬾	嬾惰	嬾惰			1				ラ	ラタ					573b23		一〇・六13	増嬾惰
20-049-01	守護国界主陀羅尼経_石山寺	846	585	惰	惰	嬾惰	嬾惰			2				タ	ラタ					573b23		一〇・六13	増嬾惰
20-049-01	守護国界主陀羅尼経_石山寺	847	586	惰	惰	惰増	惰増			1				タ	タ＊					573b23		一〇・六13	惰増滅盡淨信心
20-049-01	守護国界主陀羅尼経_石山寺	848	587	譬	譬	譬如	譬如			1				ヒ	ヒ＊					573b28		一〇・六18	譬如生盲至寶洲
20-049-01	守護国界主陀羅尼経_石山寺	849	588	盲	盲	生盲	生盲			2				マウ	＊マウ					573b28		一〇・六18	譬如生盲至寶洲
20-049-01	守護国界主陀羅尼経_石山寺	850	589	洲	洲	寶洲	寶洲			2				ス	＊ス					573b28	直音表記	一〇・六18	譬如生盲至寶洲
20-049-01	守護国界主陀羅尼経_石山寺	851	590	棄	棄	棄	棄			1				キ	キ					573b28		一〇・六18	棄於如意寶
20-049-01	守護国界主陀羅尼経_石山寺	852	591	馳	馳	馳蕩	馳蕩			1				チ	チ當					573b29		一〇・六19	放逸馳蕩
20-049-01	守護国界主陀羅尼経_石山寺	853	591	蕩	蕩	馳蕩	馳蕩			2					チ當		當反			573b29		一〇・六19	放逸馳蕩
20-049-01	守護国界主陀羅尼経_石山寺	854	592	負	負	勝負	勝負			2				フ	＊フ					573b29		一〇・六19	増勝負
20-049-01	守護国界主陀羅尼経_石山寺	855	593	怖	怖	極怖	極怖			2				フ	＊フ					573c01		一〇・六20	阿鼻獄極怖中
20-049-01	守護国界主陀羅尼経_石山寺	856	594	飄	飄	飄落	飄落			1				ヘウ	ヘウ＊					573c03		一〇・六22	飄落
20-049-01	守護国界主陀羅尼経_石山寺	857	595	薄	薄	薄福	薄福			1				ハク	ハク＊					573c04		一〇・六23	薄福
20-049-01	守護国界主陀羅尼経_石山寺	858	596	耽	耽	耽染	耽染			1				タム	タム＊					573c04		一〇・六23	耽染天人女
20-049-01	守護国界主陀羅尼経_石山寺	859	597	濁	濁	五濁	五濁			2				トク	＊トク					573c15	直音表記	一〇・七6	五濁惡世
20-049-01	守護国界主陀羅尼経_石山寺	860	598	寵	寵	光寵	光寵			2				トウ	＊トウ					573c16	直音表記	一〇・七6	光寵榮祿
20-049-01	守護国界主陀羅尼経_石山寺	861	599	榮	榮	榮祿	榮祿			1				ヱイ	ヱイロク					573c16		一〇・七7	光寵榮祿
20-049-01	守護国界主陀羅尼経_石山寺	862	599	祿	祿	榮祿	榮祿			2				ロク	ヱイロク					573c16		一〇・七7	光寵榮祿
20-049-01	守護国界主陀羅尼経_石山寺	863	600	追	追	追求	追求			1				ツイ	ツイク					573c16		一〇・七7	非理追求
20-049-01	守護国界主陀羅尼経_石山寺	864	600	求	求	追求	追求			2				ク	ツイク					573c16		一〇・七7	非理追求
20-049-01	守護国界主陀羅尼経_石山寺	865	601	求	求	貪求	貪求			2				ク	＊ク					573c16		一〇・七7	雖復貪求
20-049-01	守護国界主陀羅尼経_石山寺	866	602	遺	遺	遺乏	遺乏			1				ユイ	ユイハ					573c17	匱乏の誤	一〇・七7	多匱乏
20-049-01	守護国界主陀羅尼経_石山寺	867	602	乏	乏	遺乏	遺乏			2				ハ	ユイハ					573c17	匱乏の誤・ｐ韻尾	一〇・七8	多匱乏
20-049-01	守護国界主陀羅尼経_石山寺	868	603	賦	賦	賦税	賦税			1				フ	フサイ					573c17		一〇・七8	賦税無度
20-049-01	守護国界主陀羅尼経_石山寺	869	603	税	税	賦税	賦税			2				サイ	フサイ					573c17		一〇・七8	賦税無度
20-049-01	守護国界主陀羅尼経_石山寺	870	604	窮	窮	貧窮	貧窮			2				ク	＊ク					573c17		一〇・七8	萬民貧窮
20-049-01	守護国界主陀羅尼経_石山寺	871	605	貿	貿	貿易	貿易			1					武ヤク		武			573c17		一〇・七8	貿易子孫
20-049-01	守護国界主陀羅尼経_石山寺	872	605	易	易	貿易	貿易			2				ヤ?ク	武ヤク					573c17		一〇・七8	貿易子孫
20-049-01	守護国界主陀羅尼経_石山寺	873	606	蕩	蕩	蕩盡	蕩盡			1				タム	タム＊					573c17		一〇・七8	家業蕩盡
20-049-01	守護国界主陀羅尼経_石山寺	874	607	蕪	蕪	荒蕪	荒蕪			2				フ	＊フ					573c18		一〇・七9	寺復荒蕪
20-049-01	守護国界主陀羅尼経_石山寺	875	608	耶	耶	路伽耶	路伽耶			3				ヤ	＊＊ヤ					573c19	音訳	一〇・七10	外道路伽耶等
20-049-01	守護国界主陀羅尼経_石山寺	876	609	徒	徒	師徒	師徒			2				ト	＊ト					573c20		一〇・七11	師徒皆墮
20-049-01	守護国界主陀羅尼経_石山寺	877	610	墮	墮	墮	墮			1				タ	タ					573c20		一〇・七11	師徒皆墮
20-049-01	守護国界主陀羅尼経_石山寺	878	611	號	號	悲號	悲號			2				カウ	＊カウ					574a07		一〇・七27	悲號啼泣嗚咽流涙
20-049-01	守護国界主陀羅尼経_石山寺	879	612	嗚	嗚	嗚咽	嗚咽			1				ヲ	ヲ悦					574a08		一〇・七27	悲號啼泣嗚咽流涙
20-049-01	守護国界主陀羅尼経_石山寺	880	612	咽	咽	嗚咽	嗚咽			2					ヲ悦		悦反			574a08		一〇・七27	悲號啼泣嗚咽流涙
20-049-01	守護国界主陀羅尼経_石山寺	881	613	_	_	飮_	飮_			2				タム	＊タム					574a09		一〇・八1	側臥飮_
20-049-01	守護国界主陀羅尼経_石山寺	882	614	掉	掉	戰掉	戰掉			2				サウ	＊サウ					574a10		一〇・八2	脚膝戰掉
20-049-01	守護国界主陀羅尼経_石山寺	883	615	_	_	_身	_身			1					巻＊		巻反			574a12		一〇・八3	_身左脇著地而臥
20-049-01	守護国界主陀羅尼経_石山寺	884	616	終	終	命終	命終			2				スウ	＊スウ					574a14	直音表記	一〇・八6	臨命終時
20-049-01	守護国界主陀羅尼経_石山寺	885	617	焔	_	焔摩羅界	_摩羅界			1				エム	エム＊＊＊					574a15	音訳	一〇・八6	焔摩羅界
20-049-01	守護国界主陀羅尼経_石山寺	886	618	飢	飢	飢渇	飢渇			1				ケ	ケカ					574a16		一〇・八8	常患飢渇
20-049-01	守護国界主陀羅尼経_石山寺	887	618	渇	渇	飢渇	飢渇			2				カ	ケカ					574a16	ｔ韻尾	一〇・八8	常患飢渇
20-049-01	守護国界主陀羅尼経_石山寺	888	619	便	便	小便	小便			2				ヒム	＊ヒム					574a17		一〇・八9	無有小便
20-049-01	守護国界主陀羅尼経_石山寺	889	620	遺	遺	遺漏	遺漏			1				ユイ	ユイ＊					574a17		一〇・八10	大便遺漏
20-049-01	守護国界主陀羅尼経_石山寺	890	621	慳	慳	慳吝	慳吝			1					見_		見反			574a19		一〇・八11	心懷慳吝
20-049-01	守護国界主陀羅尼経_石山寺	891	621	吝	悋	慳吝	慳悋			2					見_		_反			574a19		一〇・八11	心懷慳吝
20-049-01	守護国界主陀羅尼経_石山寺	892	622	終	終	命終	命終			2				スウ	＊スウ					574a20	直音表記	一〇・八12	命終決定生餓鬼中
20-049-01	守護国界主陀羅尼経_石山寺	893	623	終	終	命終	命終			2				スウ	＊スウ					574a21	直音表記	一〇・八13	臨命終時
20-049-01	守護国界主陀羅尼経_石山寺	894	624	戀	戀	愛戀	愛戀			2					＊連		連反			574a23		一〇・八14	愛染妻子
20-049-01	守護国界主陀羅尼経_石山寺	895	625	視	視	貪視	貪視			2				シ	＊シ					574a23		一〇・八14	貪視不捨
20-049-01	守護国界主陀羅尼経_石山寺	896	626	麁	麁	麁澁	麁澁			1				ソ	ソシフ					574a24		一〇・八15	出麁澁聲
20-049-01	守護国界主陀羅尼経_石山寺	897	626	澁	澁	麁澁	麁澁			2				シフ	ソシフ					574a24		一〇・八15	出麁澁聲
20-049-01	守護国界主陀羅尼経_石山寺	898	627	軟	軟	柔軟	柔軟			2				ナ	＊ナ					574a28	ｎ韻尾	一〇・八19	柔軟心
20-049-01	守護国界主陀羅尼経_石山寺	899	628	姉	姉	姉妹	姉妹			1				シ	シ枚					574b02		一〇・八22	兄弟姉妹
20-049-01	守護国界主陀羅尼経_石山寺	900	628	妹	妹	姉妹	姉妹			2					シ枚		枚反			574b02		一〇・八22	兄弟姉妹
20-049-01	守護国界主陀羅尼経_石山寺	901	629	_	_	親_	親_			2					＊色		色反			574b02	親識の誤	一〇・八23	親識姓名
20-049-01	守護国界主陀羅尼経_石山寺	902	630	直	直	正直	正直			2				チキ	＊チキ					574b03		一〇・八24	其心正直
20-049-01	守護国界主陀羅尼経_石山寺	903	631	諂	諂	諂誑	諂誑			1				テム	テム＊					574b03		一〇・八24	無有諂誑
20-049-01	守護国界主陀羅尼経_石山寺	904	632	遺	遺	遺囑	遺囑			1				ユイ	ユイソク					574b05		一〇・八25	遺囑家事
20-049-01	守護国界主陀羅尼経_石山寺	905	632	囑	囑	遺囑	遺囑			2				ソク	ユイソク					574b05		一〇・八25	遺囑家事
20-049-01	守護国界主陀羅尼経_石山寺	906	633	擧	擧	擧	擧			1				コ	コ					574b05		一〇・八26	藏擧財寶▼（石山寺本「藏擧」トシ「擧」白点ニテ抹消）
20-049-01	守護国界主陀羅尼経_石山寺	907	634	謨	謨	南謨	南謨			2				モ	＊モ					574b07	音訳	一〇・八27	南謨達摩南
20-049-01	守護国界主陀羅尼経_石山寺	908	635	怒	怒	恚怒	恚怒			2				ト	＊ト					574b13		一〇・九5	心無恚怒
20-049-01	守護国界主陀羅尼経_石山寺	909	636	戀	戀	愛戀	愛戀			2					＊連		連反			574b14		一〇・九6	妻子眷屬心無愛戀
20-049-01	守護国界主陀羅尼経_石山寺	910	637	迎	迎	迎面	迎面			1					現＊		現反			574b15	仰面の誤？、ng韻尾	一〇・九7	仰面含笑
20-049-01	守護国界主陀羅尼経_石山寺	911	638	器	器	苦器	苦器			2				キ	＊キ					574b20		一〇・九12	苦器充滿
20-049-01	守護国界主陀羅尼経_石山寺	912	639	卒	卒	獄卒	獄卒			2				ソム	＊ソム					574b21	ｔ韻尾	一〇・九12	有諸獄卒
20-049-01	守護国界主陀羅尼経_石山寺	913	640	點	點	點	點			1					_		_反			574b22		一〇・九13	如駛雨點
20-049-01	守護国界主陀羅尼経_石山寺	914	641	卒	卒	獄卒	獄卒			2				ソム	＊ソム					574b22	ｔ韻尾	一〇・九14	爾時獄卒
20-049-01	守護国界主陀羅尼経_石山寺	915	642	逆	逆	惡逆	惡逆			2				カク	＊カク					574b23	直音表記	一〇・九15	惡逆殺父之人
20-049-01	守護国界主陀羅尼経_石山寺	916	643	治	治	苦治	苦治			2				チ	＊チ					574b24		一〇・九16	苦治之
20-049-01	守護国界主陀羅尼経_石山寺	917	644	惶	惶	惶怖	惶怖			1				カウ	カウ＊					574b25		一〇・九16	極大惶怖
20-049-01	守護国界主陀羅尼経_石山寺	918	645	猛	猛	猛風	猛風			1				マウ	マウ＊					574b26	直音表記	一〇・九18	猛風伐無根樹
20-049-01	守護国界主陀羅尼経_石山寺	919	646	蘇	蘇	蘇息	蘇息			1				ソ	ソ＊					574b28		一〇・九19	漸得蘇息
20-049-01	守護国界主陀羅尼経_石山寺	920	647	怙	怙	無怙	無怙			2				コ	＊コ					574b29		一〇・九21	無依無怙
20-049-01	守護国界主陀羅尼経_石山寺	921	648	續	續	相續心	相續心			2				ソク	＊ソク＊					574c07		一〇・九27	斷相續心
20-049-01	守護国界主陀羅尼経_石山寺	922	649	團	團	團鐵	團鐵			1					短＊		短反			574c15		一〇・一〇8	團鐵投水
20-049-01	守護国界主陀羅尼経_石山寺	923	650	沈	沈	沈沒	沈沒			1				チム	チム物					574c16		一〇・一〇9	團鐵投水沈沒
20-049-01	守護国界主陀羅尼経_石山寺	924	650	沒	沒	沈沒	沈沒			2					チム物		物反			574c16		一〇・一〇9	團鐵投水沈沒
20-049-01	守護国界主陀羅尼経_石山寺	925	651	沈	沈	不沈	不沈			2				チム	＊チム					574c17		一〇・一〇10	彼鉢器不沈苦海
20-049-01	守護国界主陀羅尼経_石山寺	926	652	毬	毬	拍毬	拍毬			2				キウ	＊キウ					574c19		一〇・一〇12	以手拍毬
20-049-01	守護国界主陀羅尼経_石山寺	927	653	騰	騰	騰起	騰起			1					等＊		等反			574c19		一〇・一〇12	地即便騰起
20-049-01	守護国界主陀羅尼経_石山寺	928	654	怠	怠	懈怠	懈怠			2				タイ	＊タイ					575a02		一〇・一〇23	懈怠嬾惰
20-049-01	守護国界主陀羅尼経_石山寺	929	655	嬾	嬾	嬾惰	嬾惰			1				ラ	ラタ					575a02		一〇・一〇23	懈怠嬾惰
20-049-01	守護国界主陀羅尼経_石山寺	930	655	惰	惰	嬾惰	嬾惰			2				タ	ラタ					575a02		一〇・一〇23	懈怠嬾惰
20-049-01	守護国界主陀羅尼経_石山寺	931	656	權	權	超權	超權			2					＊言		言反			575a04		一〇・一〇25	超權
20-049-01	守護国界主陀羅尼経_石山寺	932	657	開	開	無開	無開			2				ヘイ（ママ）	＊ヘイ					575a05		一〇・一〇26	無開
20-049-01	守護国界主陀羅尼経_石山寺	933	658	頼	頼	阿頼耶	阿頼耶			2				ラ	＊ラ＊					575a07	音訳	一〇・一〇27	無阿頼耶
20-049-01	守護国界主陀羅尼経_石山寺	934	659	俗	俗	世俗諦	世俗諦			2				ソク	＊ソク＊					575a17		一〇・一一10	隨順世俗諦
20-049-01	守護国界主陀羅尼経_石山寺	935	660	演	演	演暢	演暢			1					延長		延反			575b04		一〇・一一26	演暢宣説
20-049-01	守護国界主陀羅尼経_石山寺	936	660	暢	_	演暢	演_			2					延長		長反			575b04		一〇・一一26	演暢宣説
20-049-01	守護国界主陀羅尼経_石山寺	937	661	臥	臥	行住坐臥	行住坐臥			4				カ	＊＊＊カ					575b04		一〇・一一27	行住坐臥
20-049-01	守護国界主陀羅尼経_石山寺	938	662	淪	淪	淪溺	淪溺			1				リ	リテキ					575b17	ｎ韻尾	一〇・一二12	常淪溺
20-049-01	守護国界主陀羅尼経_石山寺	939	662	溺	溺	淪溺	淪溺			2				テキ	リテキ					575b17		一〇・一二12	常淪溺
20-049-01	守護国界主陀羅尼経_石山寺	940	663	舟	舟	舟航	舟航			1					主カウ		主反			575b18		一〇・一二13	苦海法舟航
20-049-01	守護国界主陀羅尼経_石山寺	941	663	航	航	舟航	舟航			2				カウ	主カウ					575b18		一〇・一二13	苦海法舟航
20-049-01	守護国界主陀羅尼経_石山寺	942	664	炬	炬	燈炬	燈炬			2				コ	＊コ					575b20		一〇・一二15	照明六度如燈炬
20-049-01	守護国界主陀羅尼経_石山寺	943	665	楞	楞	首楞嚴	首楞嚴			2				ロウ	＊ロウ＊					575b21	音訳	一〇・一二16	首楞嚴定等無邊
20-049-01	守護国界主陀羅尼経_石山寺	944	666	翳	翳	翳	翳			1				エイ	エイ					575b22		一〇・一二17	翳心眼
20-049-01	守護国界主陀羅尼経_石山寺	945	667	迷	迷	迷心	迷心			1				メイ	メイ＊					575b22		一〇・一二17	破迷心
20-049-01	守護国界主陀羅尼経_石山寺	946	668	_	_	_燃	_燃			1				セウ	セウ＊					575b23		一〇・一二18	赫日所_燃
20-049-01	守護国界主陀羅尼経_石山寺	947	669	放	放	放逸	放逸			1				ハ	ハイ					575b24	ng韻尾	一〇・一二19	不放逸
20-049-01	守護国界主陀羅尼経_石山寺	948	669	逸	逸	放逸	放逸			2				イ	ハイ					575b24	ｔ韻尾	一〇・一二19	不放逸
20-049-01	守護国界主陀羅尼経_石山寺	949	670	劣	劣	下劣乘	下劣乘			2				レ	＊レ＊					575b25	ｔ韻尾	一〇・一二20	下劣乘之所得
20-049-01	守護国界主陀羅尼経_石山寺	950	671	甲	甲	甲冑	甲冑			1				カフ	カフチウ					575c16		一〇・一三12	被大悲甲冑
20-049-01	守護国界主陀羅尼経_石山寺	951	671	冑	冑	甲冑	甲冑			2				チウ	カフチウ					575c16		一〇・一三12	被大悲甲冑
20-049-01	守護国界主陀羅尼経_石山寺	952	672	摧	摧	摧破	摧破			1				サイ	サイ＊					575c20		一〇・一三14	摧破諸外道
20-049-01	守護国界主陀羅尼経_石山寺	953	673	搖	搖	動搖	動搖			2				エウ	＊エウ					575c29		一〇・一三18	擁護令動搖
20-049-01	守護国界主陀羅尼経_石山寺	954	674	浮	浮	閻浮	閻浮			2				フ	＊フ					576a26	音訳	一〇・一四9	住閻浮擁護
20-049-01	守護国界主陀羅尼経_石山寺	955	675	商	商	商主	商主			1					生＊		生反			576a27	音訳	一〇・一四10	商主天子
20-049-01	守護国界主陀羅尼経_石山寺	956	676	旬	旬	魔王波旬	魔王波旬			4				ス	＊＊＊ス					576b04	直音表記・ｎ韻尾	一〇・一四14	魔王波旬
20-049-01	守護国界主陀羅尼経_石山寺	957	677	蘇	蘇	蘇夜摩	蘇夜摩			1				ソ	ソ＊＊					576b10	音訳	一〇・一五3	蘇夜摩天王
20-049-01	守護国界主陀羅尼経_石山寺	958	678	殷	殷	殷重	殷重			1					恩＊		恩反			576b15		一〇・一五6	令殷重聽受
20-049-01	守護国界主陀羅尼経_石山寺	959	679	旬	旬	魔波旬	魔波旬			3				ス	＊＊ス					576b29	直音表記・ｎ韻尾	一〇・一五16	魔波旬
20-049-01	守護国界主陀羅尼経_石山寺	960	680	三	三	三	三			1				セム	セム					576c05		一〇・一六5	如是或二或三（訓カ？）
20-049-01	守護国界主陀羅尼経_石山寺	961	681	獨	獨	獨覺	獨覺			1				トク	トク＊					576c10		一〇・一六10	成獨覺菩提
20-049-01	守護国界主陀羅尼経_石山寺	962	682	幽	幽	幽闇	幽闇			1				エウ	エウ＊					576c13		一〇・一六13	幽闇之處
20-049-01	守護国界主陀羅尼経_石山寺	963	683	詞	詞	言詞	言詞			2				シ	＊シ					576c25		一〇・一七1	言詞微妙文
20-049-01	守護国界主陀羅尼経_石山寺	964	684	任	任	任持	任持			1				ニム	ニム＊					576c27		一〇・一七3	任持一切法門
20-049-01	守護国界主陀羅尼経_石山寺	965	685	炬	炬	寶炬	寶炬			2				コ	＊コ					577a08		一〇・一七12	普照諸法寶炬