資料番号	資料名	資料内漢字番号	資料内漢語番号	単字_見出し	単字_出現形	漢語_見出し	漢語_出現形	漢語_alphabet	語種	漢語内位置	単字長	声点	声点型	仮名注	仮名型	反切	類音	節博士	その他	出現位置	備考	Unnamed: 22
30-039-02	正保版魚山私抄九方便	1	1	一	一	一切	一切			1								e4		40a2		T2713_.84.0831b08
30-039-02	正保版魚山私抄九方便	2	1	切	切	一切	一切			2								e4		40a2		T2713_.84.0831b08
30-039-02	正保版魚山私抄九方便	3	2	恭	恭	恭敬	恭敬			1								e5		40a2		T2713_.84.0831b08
30-039-02	正保版魚山私抄九方便	4	2	敬	敬	恭敬	恭敬			2								fr4		40a2		T2713_.84.0831b08
30-039-02	正保版魚山私抄九方便	5	3	敬	敬	敬禮	敬礼			1								r3		40a2		T2713_.84.0831b08
30-039-02	正保版魚山私抄九方便	6	3	禮	礼	敬禮	敬礼			2								e4		40a2		T2713_.84.0831b08
30-039-02	正保版魚山私抄九方便	7	4	常	常	常住	常住			1								e2		40a2		T2713_.84.0831b08
30-039-02	正保版魚山私抄九方便	8	4	住	住	常住	常住			2								rfR3		40a2		T2713_.84.0831b08
30-039-02	正保版魚山私抄九方便	9	5	三	三	三寳	三寳			1								f5		40a2		T2713_.84.0831b08
30-039-02	正保版魚山私抄九方便	10	5	寳	寳	三寳	三寳			2								e4		40a2		T2713_.84.0831b08
30-039-02	正保版魚山私抄九方便	11	6	曩	曩	曩莫三_多	曩莫三_多			1								e5		40a3	音写字	T2713_.84.0831b09
30-039-02	正保版魚山私抄九方便	12	6	莫	莫	曩莫三_多	曩莫三_多			2								e5		40a3	音写字	T2713_.84.0831b09
30-039-02	正保版魚山私抄九方便	13	6	三	三	曩莫三_多	曩莫三_多			3								e4		40a3	音写字	T2713_.84.0831b09
30-039-02	正保版魚山私抄九方便	14	6	_	_	曩莫三_多	曩莫三_多			4								e4		40a3	音写字	T2713_.84.0831b09
30-039-02	正保版魚山私抄九方便	15	6	多	多	曩莫三_多	曩莫三_多			5								e4		40a3	音写字	T2713_.84.0831b09
30-039-02	正保版魚山私抄九方便	16	7	没	没	没駄南	没駄南			1								e5		40a3	音写字	T2713_.84.0831b09
30-039-02	正保版魚山私抄九方便	17	7	駄	駄	没駄南	没駄南			2								e4		40a3	音写字	T2713_.84.0831b09
30-039-02	正保版魚山私抄九方便	18	7	南	南	没駄南	没駄南			3								e4		40a3	音写字	T2713_.84.0831b09
30-039-02	正保版魚山私抄九方便	19	8	阿	阿	阿三迷怛哩三迷	阿三迷怛哩三迷			1					＊＊＊チ＊＊＊			e5		40b1	音写字	T2713_.84.0831b10
30-039-02	正保版魚山私抄九方便	20	8	三	三	阿三迷怛哩三迷	阿三迷怛哩三迷			2					＊＊＊チ＊＊＊			e4		40b1	音写字	T2713_.84.0831b10
30-039-02	正保版魚山私抄九方便	21	8	迷	迷	阿三迷怛哩三迷	阿三迷怛哩三迷			3					＊＊＊チ＊＊＊			e4		40b1	音写字	T2713_.84.0831b10
30-039-02	正保版魚山私抄九方便	22	8	怛	怛	阿三迷怛哩三迷	阿三迷怛哩三迷			4				チ	＊＊＊チ＊＊＊			e5		40b1	音写字	T2713_.84.0831b10
30-039-02	正保版魚山私抄九方便	23	8	哩	哩	阿三迷怛哩三迷	阿三迷怛哩三迷			5					＊＊＊チ＊＊＊			e5		40b1	音写字	T2713_.84.0831b10
30-039-02	正保版魚山私抄九方便	24	8	三	三	阿三迷怛哩三迷	阿三迷怛哩三迷			6					＊＊＊チ＊＊＊			e4		40b1	音写字	T2713_.84.0831b10
30-039-02	正保版魚山私抄九方便	25	8	迷	迷	阿三迷怛哩三迷	阿三迷怛哩三迷			7					＊＊＊チ＊＊＊			e4		40b1	音写字	T2713_.84.0831b10
30-039-02	正保版魚山私抄九方便	26	9	三	三	三_曳	三_曳			1					＊＊エイ			e4		40b2	音写字	T2713_.84.0831b11
30-039-02	正保版魚山私抄九方便	27	9	_	_	三_曳	三_曳			2					＊＊エイ			r4		40b2	音写字	T2713_.84.0831b11
30-039-02	正保版魚山私抄九方便	28	9	曳	曳	三_曳	三_曳			3				エイ	＊＊エイ			e5		40b2	音写字	T2713_.84.0831b11
30-039-02	正保版魚山私抄九方便	29	10	曩	曩	曩莫三_多没駄南	曩莫三_多没駄南			1								e5		40b3	音写字	T2713_.84.0831b12
30-039-02	正保版魚山私抄九方便	30	10	莫	莫	曩莫三_多没駄南	曩莫三_多没駄南			2								e5		40b3	音写字	T2713_.84.0831b12
30-039-02	正保版魚山私抄九方便	31	10	三	三	曩莫三_多没駄南	曩莫三_多没駄南			3								e4		40b3	音写字	T2713_.84.0831b12
30-039-02	正保版魚山私抄九方便	32	10	_	_	曩莫三_多没駄南	曩莫三_多没駄南			4								e4		40b3	音写字	T2713_.84.0831b12
30-039-02	正保版魚山私抄九方便	33	10	多	多	曩莫三_多没駄南	曩莫三_多没駄南			5								e4		40b3	音写字	T2713_.84.0831b12
30-039-02	正保版魚山私抄九方便	34	10	没	没	曩莫三_多没駄南	曩莫三_多没駄南			6								e5		40b3	音写字	T2713_.84.0831b12
30-039-02	正保版魚山私抄九方便	35	10	駄	駄	曩莫三_多没駄南	曩莫三_多没駄南			7								e4		40b3	音写字	T2713_.84.0831b12
30-039-02	正保版魚山私抄九方便	36	10	南	南	曩莫三_多没駄南	曩莫三_多没駄南			8								e4		40b3	音写字	T2713_.84.0831b12
30-039-02	正保版魚山私抄九方便	37	11	達	達	達_駄覩薩縛婆縛句含	達_駄覩薩縛婆縛句含			1					＊＊＊＊ソハハン＊＊＊			fR4		41a1	音写字	T2713_.84.0831c01
30-039-02	正保版魚山私抄九方便	38	11	_	_	達_駄覩薩縛婆縛句含	達_駄覩薩縛婆縛句含			2					＊＊＊＊ソハハン＊＊＊			e5		41a1	音写字	T2713_.84.0831c01
30-039-02	正保版魚山私抄九方便	39	11	駄	駄	達_駄覩薩縛婆縛句含	達_駄覩薩縛婆縛句含			3					＊＊＊＊ソハハン＊＊＊			r4		41a1	音写字	T2713_.84.0831c01
30-039-02	正保版魚山私抄九方便	40	11	覩	覩	達_駄覩薩縛婆縛句含	達_駄覩薩縛婆縛句含			4					＊＊＊＊ソハハン＊＊＊			fR4		41a1	音写字	T2713_.84.0831c01
30-039-02	正保版魚山私抄九方便	41	11	薩	薩	達_駄覩薩縛婆縛句含	達_駄覩薩縛婆縛句含			5				ソ	＊＊＊＊ソハハン＊＊＊			e5		41a1	音写字	T2713_.84.0831c01
30-039-02	正保版魚山私抄九方便	42	11	縛	縛	達_駄覩薩縛婆縛句含	達_駄覩薩縛婆縛句含			6				ハ	＊＊＊＊ソハハン＊＊＊			e5		41a1	音写字	T2713_.84.0831c01
30-039-02	正保版魚山私抄九方便	43	11	婆	婆	達_駄覩薩縛婆縛句含	達_駄覩薩縛婆縛句含			7				ハン	＊＊＊＊ソハハン＊＊＊			r4		41a1	音写字	T2713_.84.0831c01
30-039-02	正保版魚山私抄九方便	44	11	縛	縛	達_駄覩薩縛婆縛句含	達_駄覩薩縛婆縛句含			8					＊＊＊＊ソハハン＊＊＊			e4		41a1	音写字	T2713_.84.0831c01
30-039-02	正保版魚山私抄九方便	45	11	句	句	達_駄覩薩縛婆縛句含	達_駄覩薩縛婆縛句含			9					＊＊＊＊ソハハン＊＊＊			e5		41a1	音写字	T2713_.84.0831c01
30-039-02	正保版魚山私抄九方便	46	11	含	含	達_駄覩薩縛婆縛句含	達_駄覩薩縛婆縛句含			10					＊＊＊＊ソハハン＊＊＊			e4		41a1	音写字	T2713_.84.0831c01
30-039-02	正保版魚山私抄九方便	47	12	歸	帰	歸命	帰命			1								e4		41a2		T2713_.84.0831c02
30-039-02	正保版魚山私抄九方便	48	12	命	命	歸命	帰命			2								fR'4		41a2		T2713_.84.0831c02
30-039-02	正保版魚山私抄九方便	49	13	十	十	十方	十方			1								ff5		41a2		T2713_.84.0831c02
30-039-02	正保版魚山私抄九方便	50	13	方	方	十方	十方			2								ff4		41a2		T2713_.84.0831c02
30-039-02	正保版魚山私抄九方便	51	14	正	正	正等覺	正等覺			1								f4		41a2		T2713_.84.0831c02
30-039-02	正保版魚山私抄九方便	52	14	等	等	正等覺	正等覺			2								r'4		41a2		T2713_.84.0831c02
30-039-02	正保版魚山私抄九方便	53	14	覺	覺	正等覺	正等覺			3								e4		41a2		T2713_.84.0831c02
30-039-02	正保版魚山私抄九方便	54	15	三	三	三世	三世			1								f4		41b1		T2713_.84.0831c03
30-039-02	正保版魚山私抄九方便	55	15	世	世	三世	三世			2								fR4		41b1		T2713_.84.0831c03
30-039-02	正保版魚山私抄九方便	56	16	一	一	一切	一切			1								e'5		41b1		T2713_.84.0831c03
30-039-02	正保版魚山私抄九方便	57	16	切	切	一切	一切			2								fr4		41b1		T2713_.84.0831c03
30-039-02	正保版魚山私抄九方便	58	17	具	具	具三身	具三身			1								r'4		41b1		T2713_.84.0831c03
30-039-02	正保版魚山私抄九方便	59	17	三	三	具三身	具三身			2								ff4		41b1		T2713_.84.0831c03
30-039-02	正保版魚山私抄九方便	60	17	身	身	具三身	具三身			3								r3		41b1		T2713_.84.0831c03
30-039-02	正保版魚山私抄九方便	61	18	皈	皈	皈命	皈命			1								e5		41b2		T2713_.84.0831c04
30-039-02	正保版魚山私抄九方便	62	18	命	命	皈命	皈命			2								e'5		41b2		T2713_.84.0831c04
30-039-02	正保版魚山私抄九方便	63	19	一	一	一切	一切			1								e'5		41b2		T2713_.84.0831c04
30-039-02	正保版魚山私抄九方便	64	19	切	切	一切	一切			2								fr4		41b2		T2713_.84.0831c04
30-039-02	正保版魚山私抄九方便	65	20	大	大	大乘法	大乗法			1					＊シハウ			r'4		41b2		T2713_.84.0831c04
30-039-02	正保版魚山私抄九方便	66	20	乘	乗	大乘法	大乗法			2				シ	＊シハウ			f4		41b2		T2713_.84.0831c04
30-039-02	正保版魚山私抄九方便	67	20	法	法	大乘法	大乗法			3				ハウ	＊シハウ			e4		41b2		T2713_.84.0831c04
30-039-02	正保版魚山私抄九方便	68	21	皈	皈	皈命	皈命			1								e4		41b3		T2713_.84.0831c05
30-039-02	正保版魚山私抄九方便	69	22	命	命	歸命	帰命			2								r'4		41b3		T2713_.84.0831c05
30-039-02	正保版魚山私抄九方便	70	23	不	不	不退	不退			1								r'4		41b3		T2713_.84.0831c05
30-039-02	正保版魚山私抄九方便	71	23	退	退	不退	不退			2								ff4		41b3		T2713_.84.0831c05
30-039-02	正保版魚山私抄九方便	72	24	菩	菩	菩提衆	菩提衆			1								ff4		41b3		T2713_.84.0831c05
30-039-02	正保版魚山私抄九方便	73	24	提	提	菩提衆	菩提衆			2								e2		41b3		T2713_.84.0831c05
30-039-02	正保版魚山私抄九方便	74	24	衆	衆	菩提衆	菩提衆			3								r3		41b3		T2713_.84.0831c05
30-039-02	正保版魚山私抄九方便	75	25	皈	皈	皈命	皈命			1								e5		42a1		T2713_.84.0831c06
30-039-02	正保版魚山私抄九方便	76	25	命	命	皈命	皈命			2								e'5		42a1		T2713_.84.0831c06
30-039-02	正保版魚山私抄九方便	77	26	諸	諸	諸明	諸明			1					＊メ゛イ			f5		42a1		T2713_.84.0831c06
30-039-02	正保版魚山私抄九方便	78	26	明	明	諸明	諸明			2				メ゛イ	＊メ゛イ			fr4		42a1		T2713_.84.0831c06
30-039-02	正保版魚山私抄九方便	79	27	眞	真	眞實言	真實言			1								f5		42a1		T2713_.84.0831c06
30-039-02	正保版魚山私抄九方便	80	27	實	實	眞實言	真實言			2								e5		42a1		T2713_.84.0831c06
30-039-02	正保版魚山私抄九方便	81	27	言	言	眞實言	真實言			3								fr4		42a1		T2713_.84.0831c06
30-039-02	正保版魚山私抄九方便	82	28	皈	皈	皈命	皈命			1								e4		42a2		T2713_.84.0831c07
30-039-02	正保版魚山私抄九方便	83	29	命	命	歸命	帰命			2								r'4		42a2		T2713_.84.0831c07
30-039-02	正保版魚山私抄九方便	84	30	一	一	一切	一切			1								e'5		42a2		T2713_.84.0831c07
30-039-02	正保版魚山私抄九方便	85	30	切	切	一切	一切			2								fr4		42a2		T2713_.84.0831c07
30-039-02	正保版魚山私抄九方便	86	31	諸	諸	諸密印	諸密印			1					＊ミ゛ツ＊			f5		42a2		T2713_.84.0831c07
30-039-02	正保版魚山私抄九方便	87	31	密	密	諸密印	諸密印			2				ミ゛ツ	＊ミ゛ツ＊			e5		42a2		T2713_.84.0831c07
30-039-02	正保版魚山私抄九方便	88	31	印	印	諸密印	諸密印			3					＊ミ゛ツ＊			"fr4, チントスヘシ"		42a2		T2713_.84.0831c07
30-039-02	正保版魚山私抄九方便	89	32	以	以	以身	以身			1								r4		42a3		T2713_.84.0831c08
30-039-02	正保版魚山私抄九方便	90	32	身	身	以身	以身			2								ff4		42a3		T2713_.84.0831c08
30-039-02	正保版魚山私抄九方便	91	33	口	口	口意	口意			1								e5		42a3		T2713_.84.0831c08
30-039-02	正保版魚山私抄九方便	92	33	意	意	口意	口意			2								fr4		42a3		T2713_.84.0831c08
30-039-02	正保版魚山私抄九方便	93	34	清	清	清淨業	清浄業			1								f5		42a3		T2713_.84.0831c08
30-039-02	正保版魚山私抄九方便	94	34	淨	浄	清淨業	清浄業			2								fr4		42a3		T2713_.84.0831c08
30-039-02	正保版魚山私抄九方便	95	34	業	業	清淨業	清浄業			3								e4		42a3		T2713_.84.0831c08
30-039-02	正保版魚山私抄九方便	96	35	慇	慇	慇懃	慇懃			1								f5		42b1		T2713_.84.0831c09
30-039-02	正保版魚山私抄九方便	97	35	懃	懃	慇懃	慇懃			2								ff4		42b1		T2713_.84.0831c09
30-039-02	正保版魚山私抄九方便	98	36	无	无	无量	无量			1								r3		42b1		T2713_.84.0831c09
30-039-02	正保版魚山私抄九方便	99	36	量	量	无量	无量			2								e4		42b1		T2713_.84.0831c09
30-039-02	正保版魚山私抄九方便	100	37	恭	恭	恭敬禮	恭敬礼			1								f5		42b1		T2713_.84.0831c09
30-039-02	正保版魚山私抄九方便	101	37	敬	敬	恭敬禮	恭敬礼			2								fr4		42b1		T2713_.84.0831c09
30-039-02	正保版魚山私抄九方便	102	37	禮	礼	恭敬禮	恭敬礼			3								e4		42b1		T2713_.84.0831c09
30-039-02	正保版魚山私抄九方便	103	38	歸	帰	歸命	帰命			1								f5		42b2		T2713_.84.0831c10
30-039-02	正保版魚山私抄九方便	104	38	命	命	歸命	帰命			2								e4		42b2		T2713_.84.0831c10
30-039-02	正保版魚山私抄九方便	105	39	頂	頂	頂禮	頂礼			1								r3		42b2		T2713_.84.0831c10
30-039-02	正保版魚山私抄九方便	106	39	禮	礼	頂禮	頂礼			2								e4		42b2		T2713_.84.0831c10
30-039-02	正保版魚山私抄九方便	107	40	大	大	大悲	大悲			1								r4		42b2		T2713_.84.0831c10
30-039-02	正保版魚山私抄九方便	108	41	我	我	我由	我由			1					＊イウ			e5		42b3		T2713_.84.0831c11
30-039-02	正保版魚山私抄九方便	109	41	由	由	我由	我由			2				イウ	＊イウ			e'5		42b3		T2713_.84.0831c11
30-039-02	正保版魚山私抄九方便	110	42	无	无	无明	无明			1					＊メ゛イ			fr4		42b3		T2713_.84.0831c11
30-039-02	正保版魚山私抄九方便	111	42	明	明	无明	无明			2				メ゛イ	＊メ゛イ			e4		42b3		T2713_.84.0831c11
30-039-02	正保版魚山私抄九方便	112	43	所	所	所積集	所積集			1				ソ	ソセキ＊			f5		42b3		T2713_.84.0831c11
30-039-02	正保版魚山私抄九方便	113	43	積	積	所積集	所積集			2				セキ	ソセキ＊			e'5		42b3		T2713_.84.0831c11
30-039-02	正保版魚山私抄九方便	114	43	集	集	所積集	所積集			3					ソセキ＊			e4〔別〕fr4		42b3		T2713_.84.0831c11
30-039-02	正保版魚山私抄九方便	115	44	身	身	身口意業	身口意業			1								f4		43a1		T2713_.84.0832a01
30-039-02	正保版魚山私抄九方便	116	44	口	口	身口意業	身口意業			2								e'5		43a1		T2713_.84.0832a01
30-039-02	正保版魚山私抄九方便	117	44	意	意	身口意業	身口意業			3								fr4		43a1		T2713_.84.0832a01
30-039-02	正保版魚山私抄九方便	118	44	業	業	身口意業	身口意業			4								e4		43a1		T2713_.84.0832a01
30-039-02	正保版魚山私抄九方便	119	45	造	造	造衆罪	造衆罪			1				サウ	サウ＊＊			r4		43a1		T2713_.84.0832a01
30-039-02	正保版魚山私抄九方便	120	45	衆	衆	造衆罪	造衆罪			2					サウ＊＊			ff4		43a1		T2713_.84.0832a01
30-039-02	正保版魚山私抄九方便	121	45	罪	罪	造衆罪	造衆罪			3					サウ＊＊			r3		43a1		T2713_.84.0832a01
30-039-02	正保版魚山私抄九方便	122	46	貪	貪	貪慾	貪慾			1				タン	タンヨク			f4		43a2		T2713_.84.0832a02
30-039-02	正保版魚山私抄九方便	123	46	慾	慾	貪慾	貪慾			2				ヨク	タンヨク			fR4		43a2		T2713_.84.0832a02
30-039-02	正保版魚山私抄九方便	124	47	恚	恚	恚癡	恚癡			1								r5		43a2		T2713_.84.0832a02
30-039-02	正保版魚山私抄九方便	125	47	癡	癡	恚癡	恚癡			2								ff4		43a2		T2713_.84.0832a02
30-039-02	正保版魚山私抄九方便	126	48	覆	覆	覆心故	覆心故			1								r4		43a2		T2713_.84.0832a02
30-039-02	正保版魚山私抄九方便	127	48	心	心	覆心故	覆心故			2								f5		43a2		T2713_.84.0832a02
30-039-02	正保版魚山私抄九方便	128	48	故	故	覆心故	覆心故			3								fr4		43a2		T2713_.84.0832a02
30-039-02	正保版魚山私抄九方便	129	49	於	於	於佛	於佛			1				ヨ	ヨフ			f4		43a3		T2713_.84.0832a03
30-039-02	正保版魚山私抄九方便	130	49	佛	佛	於佛	於佛			2				フ	ヨフ			f3		43a3		T2713_.84.0832a03
30-039-02	正保版魚山私抄九方便	131	50	正	正	正法	正法			1				セイ	セイハツ			r3		43a3		T2713_.84.0832a03
30-039-02	正保版魚山私抄九方便	132	50	法	法	正法	正法			2				ハツ	セイハツ			e4		43a3		T2713_.84.0832a03
30-039-02	正保版魚山私抄九方便	133	51	賢	賢	賢聖_	賢聖_			1					＊セイ＊			f4		43a3		T2713_.84.0832a03
30-039-02	正保版魚山私抄九方便	134	51	聖	聖	賢聖_	賢聖_			2				セイ	＊セイ＊			r4		43a3		T2713_.84.0832a03
30-039-02	正保版魚山私抄九方便	135	51	_	_	賢聖_	賢聖_			3					＊セイ＊			f5		43a3		T2713_.84.0832a03
30-039-02	正保版魚山私抄九方便	136	52	父	父	父母	父母			1				フ	フボ			e5		43b1		T2713_.84.0832a04
30-039-02	正保版魚山私抄九方便	137	52	母	母	父母	父母			2				ボ	フボ			r5		43b1		T2713_.84.0832a04
30-039-02	正保版魚山私抄九方便	138	53	二	二	二師	二師			1				ジ	ジ＊			e'5		43b1		T2713_.84.0832a04
30-039-02	正保版魚山私抄九方便	139	53	師	師	二師	二師			2					ジ＊			ff4		43b1		T2713_.84.0832a04
30-039-02	正保版魚山私抄九方便	140	54	善	善	善知識	善知識			1								r4		43b1		T2713_.84.0832a04
30-039-02	正保版魚山私抄九方便	141	54	知	知	善知識	善知識			2								f5		43b1		T2713_.84.0832a04
30-039-02	正保版魚山私抄九方便	142	54	識	識	善知識	善知識			3								e4		43b1		T2713_.84.0832a04
30-039-02	正保版魚山私抄九方便	143	55	及	及	及以	及以			1								f4		43b2		T2713_.84.0832a05
30-039-02	正保版魚山私抄九方便	144	55	以	以	及以	及以			2								e5		43b2		T2713_.84.0832a05
30-039-02	正保版魚山私抄九方便	145	56	无	无	无量	无量			1								fr4		43b2		T2713_.84.0832a05
30-039-02	正保版魚山私抄九方便	146	56	量	量	无量	无量			2								e4		43b2		T2713_.84.0832a05
30-039-02	正保版魚山私抄九方便	147	57	衆	衆	衆生所	衆生所			1					＊セイ＊			f5		43b2		T2713_.84.0832a05
30-039-02	正保版魚山私抄九方便	148	57	生	生	衆生所	衆生所			2				セイ	＊セイ＊			f5		43b2		T2713_.84.0832a05
30-039-02	正保版魚山私抄九方便	149	57	所	所	衆生所	衆生所			3					＊セイ＊			fr4		43b2		T2713_.84.0832a05
30-039-02	正保版魚山私抄九方便	150	58	无	无	无始	无始			1								e5		43b3		T2713_.84.0832a06
30-039-02	正保版魚山私抄九方便	151	58	始	始	无始	无始			2								e'5		43b3		T2713_.84.0832a06
30-039-02	正保版魚山私抄九方便	152	59	生	生	生死	生死			1				セイ	セイ＊			f5		43b3		T2713_.84.0832a06
30-039-02	正保版魚山私抄九方便	153	59	死	死	生死	生死			2					セイ＊			e4		43b3		T2713_.84.0832a06
30-039-02	正保版魚山私抄九方便	154	60	流	流	流轉中	流轉中			1				ル	ル＊＊			f4		43b3		T2713_.84.0832a06
30-039-02	正保版魚山私抄九方便	155	60	轉	轉	流轉中	流轉中			2					ル＊＊			fR4		43b3		T2713_.84.0832a06
30-039-02	正保版魚山私抄九方便	156	60	中	中	流轉中	流轉中			3					ル＊＊			f5		43b3		T2713_.84.0832a06
30-039-02	正保版魚山私抄九方便	157	61	具	具	具造	具造			1								r3		44a1		T2713_.84.0832a07
30-039-02	正保版魚山私抄九方便	158	61	造	造	具造	具造			2								e4		44a1		T2713_.84.0832a07
30-039-02	正保版魚山私抄九方便	159	62	極	極	極重	極重			1				キツ	キツチリョウ			e5		44a1		T2713_.84.0832a07
30-039-02	正保版魚山私抄九方便	160	62	重	重	極重	極重			2				チヨウ	キツチリョウ			fr4		44a1		T2713_.84.0832a07
30-039-02	正保版魚山私抄九方便	161	63	无	无	无盡罪	无盡罪			1								f4		44a1		T2713_.84.0832a07
30-039-02	正保版魚山私抄九方便	162	63	盡	盡	无盡罪	无盡罪			2								r'4		44a1		T2713_.84.0832a07
30-039-02	正保版魚山私抄九方便	163	63	罪	罪	无盡罪	无盡罪			3								e4		44a1		T2713_.84.0832a07
30-039-02	正保版魚山私抄九方便	164	64	親	親	親對	親對			1			＊去濁					f4〔別〕e4		44a2		T2713_.84.0832a08
30-039-02	正保版魚山私抄九方便	165	64	對	對	親對	親對			2		去濁	＊去濁					r4		44a2		T2713_.84.0832a08
30-039-02	正保版魚山私抄九方便	166	65	十	十	十方	十方			1								ff5		44a2		T2713_.84.0832a08
30-039-02	正保版魚山私抄九方便	167	65	方	方	十方	十方			2								ff4		44a2		T2713_.84.0832a08
30-039-02	正保版魚山私抄九方便	168	66	現	現	現在佛	現在佛			1								f4		44a2		T2713_.84.0832a08
30-039-02	正保版魚山私抄九方便	169	66	在	在	現在佛	現在佛			2								r'4		44a2		T2713_.84.0832a08
30-039-02	正保版魚山私抄九方便	170	66	佛	佛	現在佛	現在佛			3								e4		44a2		T2713_.84.0832a08
30-039-02	正保版魚山私抄九方便	171	67	悉	悉	悉皆	悉皆			1								e5		44a3		T2713_.84.0832a09
30-039-02	正保版魚山私抄九方便	172	67	皆	皆	悉皆	悉皆			2								r5		44a3		T2713_.84.0832a09
30-039-02	正保版魚山私抄九方便	173	68	懺	懺	懺悔	懺悔			1					＊クワイ			r5		44a3		T2713_.84.0832a09
30-039-02	正保版魚山私抄九方便	174	68	悔	悔	懺悔	懺悔			2				クワイ	＊クワイ			ff4		44a3		T2713_.84.0832a09
30-039-02	正保版魚山私抄九方便	175	69	不	不	不復作	不復作			1					＊フクサ			r'4		44a3		T2713_.84.0832a09
30-039-02	正保版魚山私抄九方便	176	69	復	復	不復作	不復作			2				フク	＊フクサ			f4		44a3		T2713_.84.0832a09
30-039-02	正保版魚山私抄九方便	177	69	作	作	不復作	不復作			3				サ	＊フクサ			e4		44a3		T2713_.84.0832a09
30-039-02	正保版魚山私抄九方便	178	70	南	南	南無	南無			1								e4		44b1	音写字	T2713_.84.0832a10
30-039-02	正保版魚山私抄九方便	179	70	無	無	南無	南無			2								fR'4		44b1	音写字	T2713_.84.0832a10
30-039-02	正保版魚山私抄九方便	180	71	十	十	十方	十方			1								ff5		44b1		T2713_.84.0832a10
30-039-02	正保版魚山私抄九方便	181	71	方	方	十方	十方			2								"ff4, ハホノ中音"		44b1		T2713_.84.0832a10
30-039-02	正保版魚山私抄九方便	182	72	三	三	三世佛	三世佛			1								f4		44b1		T2713_.84.0832a10
30-039-02	正保版魚山私抄九方便	183	72	世	世	三世佛	三世佛			2								r4		44b1		T2713_.84.0832a10
30-039-02	正保版魚山私抄九方便	184	72	佛	佛	三世佛	三世佛			3								e4		44b1		T2713_.84.0832a10
30-039-02	正保版魚山私抄九方便	185	73	三	三	三種	三種			1					＊シヨウ			f4		44b2		T2713_.84.0832a11
30-039-02	正保版魚山私抄九方便	186	73	種	種	三種	三種			2				シヨウ	＊シヨウ			r4		44b2		T2713_.84.0832a11
30-039-02	正保版魚山私抄九方便	187	74	常	常	常身	常身			1				シヤウ	シヤウ＊			r4		44b2		T2713_.84.0832a11
30-039-02	正保版魚山私抄九方便	188	74	身	身	常身	常身			2					シヤウ＊			ff4		44b2		T2713_.84.0832a11
30-039-02	正保版魚山私抄九方便	189	75	正	正	正法藏	正法藏			1					＊ハツ＊			r4		44b2		T2713_.84.0832a11
30-039-02	正保版魚山私抄九方便	190	75	法	法	正法藏	正法藏			2				ハツ	＊ハツ＊			e5		44b2		T2713_.84.0832a11
30-039-02	正保版魚山私抄九方便	191	75	藏	藏	正法藏	正法藏			3					＊ハツ＊			fr4		44b2		T2713_.84.0832a11
30-039-02	正保版魚山私抄九方便	192	76	勝	勝	勝願	勝願			1				シ	シケン			f4		44b3		T2713_.84.0832a12
30-039-02	正保版魚山私抄九方便	193	76	願	願	勝願	勝願			2				ケン	シケン			r4		44b3		T2713_.84.0832a12
30-039-02	正保版魚山私抄九方便	194	77	菩	菩	菩提	菩提			1								r4		44b3		T2713_.84.0832a12
30-039-02	正保版魚山私抄九方便	195	77	提	提	菩提	菩提			2								ff4		44b3		T2713_.84.0832a12
30-039-02	正保版魚山私抄九方便	196	78	大	大	大心衆	大心衆			1								r4		44b3		T2713_.84.0832a12
30-039-02	正保版魚山私抄九方便	197	78	心	心	大心衆	大心衆			2								f5		44b3		T2713_.84.0832a12
30-039-02	正保版魚山私抄九方便	198	78	衆	衆	大心衆	大心衆			3								fr4		44b3		T2713_.84.0832a12
30-039-02	正保版魚山私抄九方便	199	79	我	我	我今	我今			1								e5		45a1		T2713_.84.0832b01
30-039-02	正保版魚山私抄九方便	200	79	今	今	我今	我今			2								ff4		45a1		T2713_.84.0832b01
30-039-02	正保版魚山私抄九方便	201	80	皆	皆	皆悉	皆悉			1								e3		45a1		T2713_.84.0832b01
30-039-02	正保版魚山私抄九方便	202	80	悉	悉	皆悉	皆悉			2								e4		45a1		T2713_.84.0832b01
30-039-02	正保版魚山私抄九方便	203	81	正	正	正皈依	正皈依			1				セイ	セイ＊イ			r4		45a1		T2713_.84.0832b01
30-039-02	正保版魚山私抄九方便	204	81	皈	皈	正皈依	正皈依			2					セイ＊イ			f5		45a1		T2713_.84.0832b01
30-039-02	正保版魚山私抄九方便	205	81	依	依	正皈依	正皈依			3				イ	セイ＊イ			e4		45a1		T2713_.84.0832b01
30-039-02	正保版魚山私抄九方便	206	82	我	我	我淨	我浄			1								e5		45a2		T2713_.84.0832b02
30-039-02	正保版魚山私抄九方便	207	82	淨	浄	我淨	我浄			2								e'5		45a2		T2713_.84.0832b02
30-039-02	正保版魚山私抄九方便	208	83	此	此	此身	此身			1								r5		45a2		T2713_.84.0832b02
30-039-02	正保版魚山私抄九方便	209	83	身	身	此身	此身			2								ff5		45a2		T2713_.84.0832b02
30-039-02	正保版魚山私抄九方便	210	84	離	離	離諸垢	離諸垢			1					＊＊コウ			f5		45a2		T2713_.84.0832b02
30-039-02	正保版魚山私抄九方便	211	84	諸	諸	離諸垢	離諸垢			2					＊＊コウ			f5		45a2		T2713_.84.0832b02
30-039-02	正保版魚山私抄九方便	212	84	垢	垢	離諸垢	離諸垢			3				コウ	＊＊コウ			fr4		45a2		T2713_.84.0832b02
30-039-02	正保版魚山私抄九方便	213	85	及	及	及與	及与			1								f4		45a3		T2713_.84.0832b03
30-039-02	正保版魚山私抄九方便	214	85	與	与	及與	及与			2								e5		45a3		T2713_.84.0832b03
30-039-02	正保版魚山私抄九方便	215	86	三	三	三世	三世			1								f5		45a3		T2713_.84.0832b03
30-039-02	正保版魚山私抄九方便	216	86	世	世	三世	三世			2								fr4		45a3		T2713_.84.0832b03
30-039-02	正保版魚山私抄九方便	217	87	身	身	身口意	身口意			1					＊コ＊			f4		45a3		T2713_.84.0832b03
30-039-02	正保版魚山私抄九方便	218	87	口	口	身口意	身口意			2				コ	＊コ＊			e'5		45a3		T2713_.84.0832b03
30-039-02	正保版魚山私抄九方便	219	87	意	意	身口意	身口意			3					＊コ＊			fr4		45a3		T2713_.84.0832b03
30-039-02	正保版魚山私抄九方便	220	88	過	過	過於	過於			1					＊ヨ			r3		45b1		T2713_.84.0832b04
30-039-02	正保版魚山私抄九方便	221	88	於	於	過於	過於			2				ヨ	＊ヨ			ff4		45b1		T2713_.84.0832b04
30-039-02	正保版魚山私抄九方便	222	89	大	大	大海	大海			1								r3		45b1		T2713_.84.0832b04
30-039-02	正保版魚山私抄九方便	223	89	海	海	大海	大海			2								e4		45b1		T2713_.84.0832b04
30-039-02	正保版魚山私抄九方便	224	90	刹	刹	刹塵數	刹塵數			1				サツ	サツ＊ス			e5		45b1		T2713_.84.0832b04
30-039-02	正保版魚山私抄九方便	225	90	塵	塵	刹塵數	刹塵數			2					サツ＊ス			fR4		45b1		T2713_.84.0832b04
30-039-02	正保版魚山私抄九方便	226	90	數	數	刹塵數	刹塵數			3				ス	サツ＊ス			f5		45b1		T2713_.84.0832b04
30-039-02	正保版魚山私抄九方便	227	91	奉	奉	奉獻	奉獻			1				ホウ	ホウケン			e5		45b2		T2713_.84.0832b05
30-039-02	正保版魚山私抄九方便	228	91	獻	獻	奉獻	奉獻			2				ケン	ホウケン			e'5		45b2		T2713_.84.0832b05
30-039-02	正保版魚山私抄九方便	229	92	一	一	一切	一切			1								e5		45b2		T2713_.84.0832b05
30-039-02	正保版魚山私抄九方便	230	92	切	切	一切	一切			2								fr4		45b2		T2713_.84.0832b05
30-039-02	正保版魚山私抄九方便	231	93	諸	諸	諸如來	諸如來			1								f5		45b2		T2713_.84.0832b05
30-039-02	正保版魚山私抄九方便	232	93	如	如	諸如來	諸如來			2								f4		45b2		T2713_.84.0832b05
30-039-02	正保版魚山私抄九方便	233	93	來	來	諸如來	諸如來			3								e3		45b2		T2713_.84.0832b05
30-039-02	正保版魚山私抄九方便	234	94	淨	浄	淨菩提心	浄菩提心			1								r4		45b3		T2713_.84.0832b06
30-039-02	正保版魚山私抄九方便	235	94	菩	菩	淨菩提心	浄菩提心			2								e'5		45b3		T2713_.84.0832b06
30-039-02	正保版魚山私抄九方便	236	94	提	提	淨菩提心	浄菩提心			3								fr4		45b3		T2713_.84.0832b06
30-039-02	正保版魚山私抄九方便	237	94	心	心	淨菩提心	浄菩提心			4								ff5		45b3		T2713_.84.0832b06
30-039-02	正保版魚山私抄九方便	238	95	勝	勝	勝願寳	勝願寳			1				シ	シケン＊			f4		45b3		T2713_.84.0832b06
30-039-02	正保版魚山私抄九方便	239	95	願	願	勝願寳	勝願寳			2				ケン	シケン＊			fR'4		45b3		T2713_.84.0832b06
30-039-02	正保版魚山私抄九方便	240	95	寳	寳	勝願寳	勝願寳			3					シケン＊			e4		45b3		T2713_.84.0832b06
30-039-02	正保版魚山私抄九方便	241	96	我	我	我今	我今			1								e5		46a1		T2713_.84.0832b07
30-039-02	正保版魚山私抄九方便	242	96	今	今	我今	我今			2								ff4		46a1		T2713_.84.0832b07
30-039-02	正保版魚山私抄九方便	243	97	起	起	起發	起發			1					＊ホツ			r3		46a1		T2713_.84.0832b07
30-039-02	正保版魚山私抄九方便	244	97	發	發	起發	起發			2				ホツ	＊ホツ			e4		46a1		T2713_.84.0832b07
30-039-02	正保版魚山私抄九方便	245	98	濟	濟	濟群生	濟群生			1				セイ	セイキンセイ			r4		46a1		T2713_.84.0832b07
30-039-02	正保版魚山私抄九方便	246	98	群	群	濟群生	濟群生			2				キン	セイキンセイ			r4		46a1		T2713_.84.0832b07
30-039-02	正保版魚山私抄九方便	247	98	生	生	濟群生	濟群生			3				セイ	セイキンセイ			f5		46a1		T2713_.84.0832b07
30-039-02	正保版魚山私抄九方便	248	99	生	生	生苦等集	生苦等集			1				セイ	セイ＊＊＊			e5		46a2		T2713_.84.0832b08
30-039-02	正保版魚山私抄九方便	249	99	苦	苦	生苦等集	生苦等集			2					セイ＊＊＊			e'5		46a2		T2713_.84.0832b08
30-039-02	正保版魚山私抄九方便	250	99	等	等	生苦等集	生苦等集			3					セイ＊＊＊			r5		46a2		T2713_.84.0832b08
30-039-02	正保版魚山私抄九方便	251	99	集	集	生苦等集	生苦等集			4					セイ＊＊＊			ff4		46a2		T2713_.84.0832b08
30-039-02	正保版魚山私抄九方便	252	100	所	所	所纏身	所纏身			1				ソ	ソテン＊			f4		46a2		T2713_.84.0832b08
30-039-02	正保版魚山私抄九方便	253	100	纏	纏	所纏身	所纏身			2				テン	ソテン＊			r4		46a2		T2713_.84.0832b08
30-039-02	正保版魚山私抄九方便	254	100	身	身	所纏身	所纏身			3					ソテン＊			f5		46a2		T2713_.84.0832b08
30-039-02	正保版魚山私抄九方便	255	101	及	及	及與	及与			1								e3		46a3		T2713_.84.0832b09
30-039-02	正保版魚山私抄九方便	256	101	與	与	及與	及与			2								ff4		46a3		T2713_.84.0832b09
30-039-02	正保版魚山私抄九方便	257	102	无	无	无知	无知			1								r3		46a3		T2713_.84.0832b09
30-039-02	正保版魚山私抄九方便	258	102	知	知	无知	无知			2								e4		46a3		T2713_.84.0832b09
30-039-02	正保版魚山私抄九方便	259	103	所	所	所害身	所害身			1				ソ	ソ＊＊			e5		46a3		T2713_.84.0832b09
30-039-02	正保版魚山私抄九方便	260	103	害	害	所害身	所害身			2					ソ＊＊			fR4		46a3		T2713_.84.0832b09
30-039-02	正保版魚山私抄九方便	261	103	身	身	所害身	所害身			3					ソ＊＊			f5		46a3		T2713_.84.0832b09
30-039-02	正保版魚山私抄九方便	262	104	救	救	救攝	救攝			1				キウ	キウセフ			e5		46b1		T2713_.84.0832b10
30-039-02	正保版魚山私抄九方便	263	104	攝	攝	救攝	救攝			2				セフ	キウセフ			e'5		46b1		T2713_.84.0832b10
30-039-02	正保版魚山私抄九方便	264	105	皈	皈	皈依	皈依			1					＊イ			f5		46b1		T2713_.84.0832b10
30-039-02	正保版魚山私抄九方便	265	106	依	依	歸依	歸依			2				イ	＊イ			e4		46b1		T2713_.84.0832b10
30-039-02	正保版魚山私抄九方便	266	107	令	令	令解脱	令解脱			1					＊カタツ			f4		46b1		T2713_.84.0832b10
30-039-02	正保版魚山私抄九方便	267	107	解	解	令解脱	令解脱			2				カ	＊カタツ			fR'4		46b1		T2713_.84.0832b10
30-039-02	正保版魚山私抄九方便	268	107	脱	脱	令解脱	令解脱			3				タツ	＊カタツ			e4		46b1		T2713_.84.0832b10
30-039-02	正保版魚山私抄九方便	269	108	常	常	常當	常當			1								f4		46b2		T2713_.84.0832b11
30-039-02	正保版魚山私抄九方便	270	108	當	當	常當	常當			2								ff4		46b2		T2713_.84.0832b11
30-039-02	正保版魚山私抄九方便	271	109	利	利	利益	利益			1					＊エキ			r3		46b2		T2713_.84.0832b11
30-039-02	正保版魚山私抄九方便	272	109	益	益	利益	利益			2				エキ	＊エキ			e4		46b2		T2713_.84.0832b11
30-039-02	正保版魚山私抄九方便	273	110	諸	諸	諸含識	諸含識			1								f5		46b2		T2713_.84.0832b11
30-039-02	正保版魚山私抄九方便	274	110	含	含	諸含識	諸含識			2								fR4		46b2		T2713_.84.0832b11
30-039-02	正保版魚山私抄九方便	275	110	識	識	諸含識	諸含識			3								e4		46b2		T2713_.84.0832b11
30-039-02	正保版魚山私抄九方便	276	111	十	十	十方	十方			1								e3		46b3		T2713_.84.0832b12
30-039-02	正保版魚山私抄九方便	277	111	方	方	十方	十方			2								ff4		46b3		T2713_.84.0832b12
30-039-02	正保版魚山私抄九方便	278	112	无	无	无量	无量			1								r3		46b3		T2713_.84.0832b12
30-039-02	正保版魚山私抄九方便	279	112	量	量	无量	无量			2								e4		46b3		T2713_.84.0832b12
30-039-02	正保版魚山私抄九方便	280	113	世	世	世界中	世界中			1								r4		46b3		T2713_.84.0832b12
30-039-02	正保版魚山私抄九方便	281	113	界	界	世界中	世界中			2								r4		46b3		T2713_.84.0832b12
30-039-02	正保版魚山私抄九方便	282	113	中	中	世界中	世界中			3								f5		46b3		T2713_.84.0832b12
30-039-02	正保版魚山私抄九方便	283	114	諸	諸	諸正	諸正			1								f4		47a1		T2713_.84.0832c01
30-039-02	正保版魚山私抄九方便	284	114	正	正	諸正	諸正			2								r4		47a1		T2713_.84.0832c01
30-039-02	正保版魚山私抄九方便	285	115	遍	遍	遍知	遍知			1								r4		47a1		T2713_.84.0832c01
30-039-02	正保版魚山私抄九方便	286	115	知	知	遍知	遍知			2								ff4		47a1		T2713_.84.0832c01
30-039-02	正保版魚山私抄九方便	287	116	大	大	大海衆	大海衆			1								r4		47a1		T2713_.84.0832c01
30-039-02	正保版魚山私抄九方便	288	116	海	海	大海衆	大海衆			2								e5		47a1		T2713_.84.0832c01
30-039-02	正保版魚山私抄九方便	289	116	衆	衆	大海衆	大海衆			3								fr4		47a1		T2713_.84.0832c01
30-039-02	正保版魚山私抄九方便	290	117	種	種	種種	種種			1				シヨウ	シヨウ＊			e5		47a2		T2713_.84.0832c02
30-039-02	正保版魚山私抄九方便	291	117	種	種	種種	種種			2					シヨウ＊			e5		47a2		T2713_.84.0832c02
30-039-02	正保版魚山私抄九方便	292	118	善	善	善巧	善巧			1								fr4		47a2		T2713_.84.0832c02
30-039-02	正保版魚山私抄九方便	293	118	巧	巧	善巧	善巧			2								"e4, カコの中音"		47a2		T2713_.84.0832c02
30-039-02	正保版魚山私抄九方便	294	119	方	方	方便力	方便力			1								f4		47a2		T2713_.84.0832c02
30-039-02	正保版魚山私抄九方便	295	119	便	便	方便力	方便力			2								r4		47a2		T2713_.84.0832c02
30-039-02	正保版魚山私抄九方便	296	119	力	力	方便力	方便力			3								e4		47a2		T2713_.84.0832c02
30-039-02	正保版魚山私抄九方便	297	120	及	及	及諸	及諸			1								e3		47a3		T2713_.84.0832c03
30-039-02	正保版魚山私抄九方便	298	120	諸	諸	及諸	及諸			2								ff4		47a3		T2713_.84.0832c03
30-039-02	正保版魚山私抄九方便	299	121	佛	佛	佛子	佛子			1								r3		47a3		T2713_.84.0832c03
30-039-02	正保版魚山私抄九方便	300	121	子	子	佛子	佛子			2								e4		47a3		T2713_.84.0832c03
30-039-02	正保版魚山私抄九方便	301	122	爲	爲	爲群生	爲群生			1					＊キン＊			e5		47a3		T2713_.84.0832c03
30-039-02	正保版魚山私抄九方便	302	122	群	群	爲群生	爲群生			2				キン	＊キン＊			fR'4		47a3		T2713_.84.0832c03
30-039-02	正保版魚山私抄九方便	303	122	生	生	爲群生	爲群生			3					＊キン＊			f5		47a3		T2713_.84.0832c03
30-039-02	正保版魚山私抄九方便	304	123	諸	諸	諸有	諸有			1								f5		47b1		T2713_.84.0832c04
30-039-02	正保版魚山私抄九方便	305	123	有	有	諸有	諸有			2								e'5		47b1		T2713_.84.0832c04
30-039-02	正保版魚山私抄九方便	306	124	所	所	所修	所修			1								r5		47b1		T2713_.84.0832c04
30-039-02	正保版魚山私抄九方便	307	124	修	修	所修	所修			2								ff4		47b1		T2713_.84.0832c04
30-039-02	正保版魚山私抄九方便	308	125	_	_	_業等	_業等			1					＊コツ＊			e4		47b1		T2713_.84.0832c04
30-039-02	正保版魚山私抄九方便	309	125	業	業	_業等	_業等			2				コツ	＊コツ＊			e'5		47b1		T2713_.84.0832c04
30-039-02	正保版魚山私抄九方便	310	125	等	等	_業等	_業等			3					＊コツ＊			f5		47b1		T2713_.84.0832c04
30-039-02	正保版魚山私抄九方便	311	126	我	我	我今	我今			1								e5		47b2		T2713_.84.0832c05
30-039-02	正保版魚山私抄九方便	312	126	今	今	我今	我今			2								ff4		47b2		T2713_.84.0832c05
30-039-02	正保版魚山私抄九方便	313	127	一	一	一切	一切			1								e'5		47b2		T2713_.84.0832c05
30-039-02	正保版魚山私抄九方便	314	127	切	切	一切	一切			2								fr4		47b2		T2713_.84.0832c05
30-039-02	正保版魚山私抄九方便	315	128	盡	盡	盡隨喜	盡随喜			1								r4		47b2		T2713_.84.0832c05
30-039-02	正保版魚山私抄九方便	316	128	隨	随	盡隨喜	盡随喜			2								f4		47b2		T2713_.84.0832c05
30-039-02	正保版魚山私抄九方便	317	128	喜	喜	盡隨喜	盡随喜			3								e4		47b2		T2713_.84.0832c05
30-039-02	正保版魚山私抄九方便	318	129	我	我	我今	我今			1								e5		47b3		T2713_.84.0832c06
30-039-02	正保版魚山私抄九方便	319	129	今	今	我今	我今			2								e'5		47b3		T2713_.84.0832c06
30-039-02	正保版魚山私抄九方便	320	130	勸	勸	勸請	勸請			1								fr4		47b3		T2713_.84.0832c06
30-039-02	正保版魚山私抄九方便	321	130	請	請	勸請	勸請			2								e4		47b3		T2713_.84.0832c06
30-039-02	正保版魚山私抄九方便	322	131	諸	諸	諸如來	諸如來			1								f5		47b3		T2713_.84.0832c06
30-039-02	正保版魚山私抄九方便	323	131	如	如	諸如來	諸如來			2								ff4		47b3		T2713_.84.0832c06
30-039-02	正保版魚山私抄九方便	324	131	來	來	諸如來	諸如來			3								r3		47b3		T2713_.84.0832c06
30-039-02	正保版魚山私抄九方便	325	132	菩	菩	菩提	菩提			1								e5		48a1		T2713_.84.0832c07
30-039-02	正保版魚山私抄九方便	326	132	提	提	菩提	菩提			2								e'5		48a1		T2713_.84.0832c07
30-039-02	正保版魚山私抄九方便	327	133	大	大	大心	大心			1								r5		48a1		T2713_.84.0832c07
30-039-02	正保版魚山私抄九方便	328	133	心	心	大心	大心			2								ff4		48a1		T2713_.84.0832c07
30-039-02	正保版魚山私抄九方便	329	134	救	救	救世者	救世者			1								f4		48a1		T2713_.84.0832c07
30-039-02	正保版魚山私抄九方便	330	134	世	世	救世者	救世者			2								r4		48a1		T2713_.84.0832c07
30-039-02	正保版魚山私抄九方便	331	134	者	者	救世者	救世者			3								f5		48a1		T2713_.84.0832c07
30-039-02	正保版魚山私抄九方便	332	135	唯	唯	唯願	唯願			1				ヰ	ヰ＊			f4		48a2		T2713_.84.0832c08
30-039-02	正保版魚山私抄九方便	333	135	願	願	唯願	唯願			2					ヰ＊			r4		48a2		T2713_.84.0832c08
30-039-02	正保版魚山私抄九方便	334	136	普	普	普於	普於			1				ホ	ホ＊			r4		48a2		T2713_.84.0832c08
30-039-02	正保版魚山私抄九方便	335	136	於	於	普於	普於			2					ホ＊			ff4		48a2		T2713_.84.0832c08
30-039-02	正保版魚山私抄九方便	336	137	十	十	十方界	十方界			1								e4		48a2		T2713_.84.0832c08
30-039-02	正保版魚山私抄九方便	337	137	方	方	十方界	十方界			2								ff5		48a2		T2713_.84.0832c08
30-039-02	正保版魚山私抄九方便	338	137	界	界	十方界	十方界			3								r3		48a2		T2713_.84.0832c08
30-039-02	正保版魚山私抄九方便	339	138	恆	恒	恆以	恒以			1				コウ	コウ＊			e5		48a3		T2713_.84.0832c09
30-039-02	正保版魚山私抄九方便	340	138	以	以	恆以	恒以			2					コウ＊			e'5		48a3		T2713_.84.0832c09
30-039-02	正保版魚山私抄九方便	341	139	大	大	大雲	大雲			1								r5		48a3		T2713_.84.0832c09
30-039-02	正保版魚山私抄九方便	342	139	雲	雲	大雲	大雲			2								ff4		48a3		T2713_.84.0832c09
30-039-02	正保版魚山私抄九方便	343	140	降	降	降法雨	降法雨			1				カウ	カウハ＊			f4		48a3		T2713_.84.0832c09
30-039-02	正保版魚山私抄九方便	344	140	法	法	降法雨	降法雨			2				ハ	カウハ＊			e'5		48a3		T2713_.84.0832c09
30-039-02	正保版魚山私抄九方便	345	140	雨	雨	降法雨	降法雨			3					カウハ＊			e4		48a3		T2713_.84.0832c09
30-039-02	正保版魚山私抄九方便	346	141	願	願	願令	願令			1				ケン	ケンレイ			r4		48b1		T2713_.84.0832c10
30-039-02	正保版魚山私抄九方便	347	141	令	令	願令	願令			2				レイ	ケンレイ			e'5		48b1		T2713_.84.0832c10
30-039-02	正保版魚山私抄九方便	348	142	_	_	_夫	_夫			1				ハン	ハンホ			fr4		48b1		T2713_.84.0832c10
30-039-02	正保版魚山私抄九方便	349	142	夫	夫	_夫	_夫			2				ホ	ハンホ			ff4		48b1		T2713_.84.0832c10
30-039-02	正保版魚山私抄九方便	350	143	所	所	所住處	所住處			1				ソ	ソ＊シヨ			e5		48b1		T2713_.84.0832c10
30-039-02	正保版魚山私抄九方便	351	143	住	住	所住處	所住處			2					ソ＊シヨ			f5		48b1		T2713_.84.0832c10
30-039-02	正保版魚山私抄九方便	352	143	處	處	所住處	所住處			3				シヨ	ソ＊シヨ			fr4		48b1		T2713_.84.0832c10
30-039-02	正保版魚山私抄九方便	353	144	速	速	速捨	速捨			1								f4		48b2		T2713_.84.0832c11
30-039-02	正保版魚山私抄九方便	354	144	捨	捨	速捨	速捨			2								e5		48b2		T2713_.84.0832c11
30-039-02	正保版魚山私抄九方便	355	145	衆	衆	衆苦	衆苦			1								r5		48b2		T2713_.84.0832c11
30-039-02	正保版魚山私抄九方便	356	145	苦	苦	衆苦	衆苦			2								ff4		48b2		T2713_.84.0832c11
30-039-02	正保版魚山私抄九方便	357	146	所	所	所集身	所集身			1								e5		48b2		T2713_.84.0832c11
30-039-02	正保版魚山私抄九方便	358	146	集	集	所集身	所集身			2								f5		48b2		T2713_.84.0832c11
30-039-02	正保版魚山私抄九方便	359	146	身	身	所集身	所集身			3								f5		48b2		T2713_.84.0832c11
30-039-02	正保版魚山私抄九方便	360	147	當	當	當得	當得			1								f4		48b3		T2713_.84.0832c12
30-039-02	正保版魚山私抄九方便	361	147	得	得	當得	當得			2								fR'4		48b3		T2713_.84.0832c12
30-039-02	正保版魚山私抄九方便	362	148	至	至	至於	至於			1								r5		48b3		T2713_.84.0832c12
30-039-02	正保版魚山私抄九方便	363	148	於	於	至於	至於			2								f4		48b3		T2713_.84.0832c12
30-039-02	正保版魚山私抄九方便	364	149	无	无	无垢處	无垢處			1					＊コウシヨ			f4		48b3		T2713_.84.0832c12
30-039-02	正保版魚山私抄九方便	365	149	垢	垢	无垢處	无垢處			2				コウ	＊コウシヨ			e'5		48b3		T2713_.84.0832c12
30-039-02	正保版魚山私抄九方便	366	149	處	處	无垢處	无垢處			3				シヨ	＊コウシヨ			fr4		48b3		T2713_.84.0832c12
30-039-02	正保版魚山私抄九方便	367	150	安	安	安住	安住			1								e5		49a1		T2713_.84.0833a01
30-039-02	正保版魚山私抄九方便	368	150	住	住	安住	安住			2								r5		49a1		T2713_.84.0833a01
30-039-02	正保版魚山私抄九方便	369	151	清	清	清淨	清浄			1								f5		49a1		T2713_.84.0833a01
30-039-02	正保版魚山私抄九方便	370	151	淨	浄	清淨	清浄			2								e4		49a1		T2713_.84.0833a01
30-039-02	正保版魚山私抄九方便	371	152	法	法	法界身	法界身			1				ハツ	ハツ＊＊			e5		49a1		T2713_.84.0833a01
30-039-02	正保版魚山私抄九方便	372	152	界	界	法界身	法界身			2					ハツ＊＊			fR'4		49a1		T2713_.84.0833a01
30-039-02	正保版魚山私抄九方便	373	152	身	身	法界身	法界身			3					ハツ＊＊			f5		49a1		T2713_.84.0833a01
30-039-02	正保版魚山私抄九方便	374	153	所	所	所修	所修			1				ソ	ソシウ			e5		49a2		T2713_.84.0833a02
30-039-02	正保版魚山私抄九方便	375	153	修	修	所修	所修			2				シウ	ソシウ			e'5		49a2		T2713_.84.0833a02
30-039-02	正保版魚山私抄九方便	376	154	一	一	一切	一切			1								e'5		49a2		T2713_.84.0833a02
30-039-02	正保版魚山私抄九方便	377	154	切	切	一切	一切			2								e4		49a2		T2713_.84.0833a02
30-039-02	正保版魚山私抄九方便	378	155	衆	衆	衆善業	衆善業			1								f5		49a2		T2713_.84.0833a02
30-039-02	正保版魚山私抄九方便	379	155	善	善	衆善業	衆善業			2								fr4		49a2		T2713_.84.0833a02
30-039-02	正保版魚山私抄九方便	380	155	業	業	衆善業	衆善業			3								e4		49a2		T2713_.84.0833a02
30-039-02	正保版魚山私抄九方便	381	156	利	利	利益	利益			1								r4		49a3		T2713_.84.0833a03
30-039-02	正保版魚山私抄九方便	382	156	益	益	利益	利益			2								e'5		49a3		T2713_.84.0833a03
30-039-02	正保版魚山私抄九方便	383	157	一	一	一切	一切			1								e'5		49a3		T2713_.84.0833a03
30-039-02	正保版魚山私抄九方便	384	157	切	切	一切	一切			2								fr4		49a3		T2713_.84.0833a03
30-039-02	正保版魚山私抄九方便	385	158	衆	衆	衆生故	衆生故			1								f5		49a3		T2713_.84.0833a03
30-039-02	正保版魚山私抄九方便	386	158	生	生	衆生故	衆生故			2								f5		49a3		T2713_.84.0833a03
30-039-02	正保版魚山私抄九方便	387	158	故	故	衆生故	衆生故			3								fr4		49a3		T2713_.84.0833a03
30-039-02	正保版魚山私抄九方便	388	159	我	我	我今	我今			1								e5		49b1		T2713_.84.0833a04
30-039-02	正保版魚山私抄九方便	389	159	今	今	我今	我今			2								ff4		49b1		T2713_.84.0833a04
30-039-02	正保版魚山私抄九方便	390	160	盡	盡	盡皆	盡皆			1								r3		49b1		T2713_.84.0833a04
30-039-02	正保版魚山私抄九方便	391	160	皆	皆	盡皆	盡皆			2								e4		49b1		T2713_.84.0833a04
30-039-02	正保版魚山私抄九方便	392	161	正	正	正_向	正_向			1					＊クワイキヤウ			r4		49b1		T2713_.84.0833a04
30-039-02	正保版魚山私抄九方便	393	161	_	_	正_向	正_向			2				クワイ	＊クワイキヤウ			ff4		49b1		T2713_.84.0833a04
30-039-02	正保版魚山私抄九方便	394	161	向	向	正_向	正_向			3				キヤウ	＊クワイキヤウ			r3		49b1		T2713_.84.0833a04
30-039-02	正保版魚山私抄九方便	395	162	除	除	除生	除生			1				チヨ	チヨセイ			e4		49b2		T2713_.84.0833a05
30-039-02	正保版魚山私抄九方便	396	162	生	生	除生	除生			2				セイ	チヨセイ			f5		49b2		T2713_.84.0833a05
30-039-02	正保版魚山私抄九方便	397	163	死	死	死苦	死苦			1								r4		49b2		T2713_.84.0833a05
30-039-02	正保版魚山私抄九方便	398	163	苦	苦	死苦	死苦			2								fR4		49b2		T2713_.84.0833a05
30-039-02	正保版魚山私抄九方便	399	164	至	至	至菩提	至菩提			1								fr4		49b2		T2713_.84.0833a05
30-039-02	正保版魚山私抄九方便	400	164	菩	菩	至菩提	至菩提			2								f4		49b2		T2713_.84.0833a05
30-039-02	正保版魚山私抄九方便	401	164	提	提	至菩提	至菩提			3								e3		49b2		T2713_.84.0833a05
30-039-02	正保版魚山私抄九方便	402	165	歸	歸	歸命	歸命			1								f5		49b3		T2713_.84.0833a06
30-039-02	正保版魚山私抄九方便	403	165	命	命	歸命	歸命			2								e4		49b3		T2713_.84.0833a06
30-039-02	正保版魚山私抄九方便	404	166	頂	頂	頂禮	頂礼			1								r3		49b3		T2713_.84.0833a06
30-039-02	正保版魚山私抄九方便	405	166	禮	礼	頂禮	頂礼			2								e4		49b3		T2713_.84.0833a06
30-039-02	正保版魚山私抄九方便	406	167	大	大	大悲	大悲			1								r4		49b3		T2713_.84.0833a06
30-039-02	正保版魚山私抄九方便	407	167	悲	悲	大悲	大悲			2								e4		49b3		T2713_.84.0833a06
30-039-02	正保版魚山私抄九方便	408	168	_	_	_盧舎那佛	_盧舎那佛			1								e3		49b3		T2713_.84.0833a06
30-039-02	正保版魚山私抄九方便	409	168	盧	盧	_盧舎那佛	_盧舎那佛			2								e3		49b3		T2713_.84.0833a06
30-039-02	正保版魚山私抄九方便	410	168	舎	舎	_盧舎那佛	_盧舎那佛			3								e2		49b3		T2713_.84.0833a06
30-039-02	正保版魚山私抄九方便	411	168	那	那	_盧舎那佛	_盧舎那佛			4								e2		49b3		T2713_.84.0833a06
30-039-02	正保版魚山私抄九方便	412	168	佛	佛	_盧舎那佛	_盧舎那佛			5								rf3		49b3		T2713_.84.0833a06
30-039-02	正保版魚山私抄九方便	413	169	曩	曩	曩莫	曩莫			1								e5		50a1	音写字	T2713_.84.0833a07
30-039-02	正保版魚山私抄九方便	414	169	莫	莫	曩莫	曩莫			2								e5		50a1	音写字	T2713_.84.0833a07
30-039-02	正保版魚山私抄九方便	415	170	三	三	三_多	三_多			1								e4		50a1	音写字	T2713_.84.0833a07
30-039-02	正保版魚山私抄九方便	416	170	_	_	三_多	三_多			2								e4		50a1	音写字	T2713_.84.0833a07
30-039-02	正保版魚山私抄九方便	417	170	多	多	三_多	三_多			3								e4		50a1	音写字	T2713_.84.0833a07
30-039-02	正保版魚山私抄九方便	418	171	縛	縛	縛曰羅赦	縛曰羅赦			1								e4		50a1	音写字	T2713_.84.0833a07
30-039-02	正保版魚山私抄九方便	419	171	曰	曰	縛曰羅赦	縛曰羅赦			2								e4		50a1	音写字	T2713_.84.0833a07
30-039-02	正保版魚山私抄九方便	420	171	羅	羅	縛曰羅赦	縛曰羅赦			3								e4		50a1	音写字	T2713_.84.0833a07
30-039-02	正保版魚山私抄九方便	421	171	赦	赦	縛曰羅赦	縛曰羅赦			4								e4		50a1	"音写字,「救」とあるが、諸本より「赦」（タン）に訂正"	T2713_.84.0833a07
30-039-02	正保版魚山私抄九方便	422	172	縛	縛	縛曰羅	縛曰羅			1								e4		50a2	音写字	T2713_.84.0833a08
30-039-02	正保版魚山私抄九方便	423	172	曰	曰	縛曰羅	縛曰羅			2								e4		50a2	音写字	T2713_.84.0833a08
30-039-02	正保版魚山私抄九方便	424	172	羅	羅	縛曰羅	縛曰羅			3								e4		50a2	音写字	T2713_.84.0833a08
30-039-02	正保版魚山私抄九方便	425	173	怛	怛	怛_句含	怛_句含			1								e5		50a2	音写字	T2713_.84.0833a08
30-039-02	正保版魚山私抄九方便	426	173	_	_	怛_句含	怛_句含			2								e4		50a2	音写字	T2713_.84.0833a08
30-039-02	正保版魚山私抄九方便	427	173	句	句	怛_句含	怛_句含			3								e4		50a2	音写字	T2713_.84.0833a08
30-039-02	正保版魚山私抄九方便	428	173	含	含	怛_句含	怛_句含			4								r4		50a2	音写字	T2713_.84.0833a08
30-039-02	正保版魚山私抄九方便	429	174	曩	曩	曩莫	曩莫			1								e5		50a3	音写字	T2713_.84.0833a09
30-039-02	正保版魚山私抄九方便	430	174	莫	莫	曩莫	曩莫			2								e5		50a3	音写字	T2713_.84.0833a09
30-039-02	正保版魚山私抄九方便	431	175	三	三	三_多	三_多			1								e4		50a3	音写字	T2713_.84.0833a09
30-039-02	正保版魚山私抄九方便	432	175	_	_	三_多	三_多			2								e4		50a3	音写字	T2713_.84.0833a09
30-039-02	正保版魚山私抄九方便	433	175	多	多	三_多	三_多			3								e4		50a3	音写字	T2713_.84.0833a09
30-039-02	正保版魚山私抄九方便	434	176	縛	縛	縛曰羅赦	縛曰羅赦			1								e4		50a3	音写字	T2713_.84.0833a09
30-039-02	正保版魚山私抄九方便	435	176	曰	曰	縛曰羅赦	縛曰羅赦			2								e4		50a3	音写字	T2713_.84.0833a09
30-039-02	正保版魚山私抄九方便	436	176	羅	羅	縛曰羅赦	縛曰羅赦			3								e4		50a3	音写字	T2713_.84.0833a09
30-039-02	正保版魚山私抄九方便	437	176	赦	赦	縛曰羅赦	縛曰羅赦			4								e4		50a3	"音写字,「救」とあるが、諸本より「赦」（タン）に訂正"	T2713_.84.0833a09
30-039-02	正保版魚山私抄九方便	438	177	_	_	_賀阿者羅迦拏者_娑駄耶	_賀阿者羅迦拏者_娑駄耶			1					＊＊＊＊＊ゲンダ＊ロソタヤ			e4		50b1	音写字	T2713_.84.0833a10
30-039-02	正保版魚山私抄九方便	439	177	賀	賀	_賀阿者羅迦拏者_娑駄耶	_賀阿者羅迦拏者_娑駄耶			2					＊＊＊＊＊ゲンダ＊ロソタヤ			e5		50b1	音写字	T2713_.84.0833a10
30-039-02	正保版魚山私抄九方便	440	177	阿	阿	_賀阿者羅迦拏者_娑駄耶	_賀阿者羅迦拏者_娑駄耶			3					＊＊＊＊＊ゲンダ＊ロソタヤ			e5		50b1	音写字	T2713_.84.0833a10
30-039-02	正保版魚山私抄九方便	441	177	者	者	_賀阿者羅迦拏者_娑駄耶	_賀阿者羅迦拏者_娑駄耶			4					＊＊＊＊＊ゲンダ＊ロソタヤ			e4		50b1	音写字	T2713_.84.0833a10
30-039-02	正保版魚山私抄九方便	442	177	羅	羅	_賀阿者羅迦拏者_娑駄耶	_賀阿者羅迦拏者_娑駄耶			5					＊＊＊＊＊ゲンダ＊ロソタヤ			e4		50b1	音写字	T2713_.84.0833a10
30-039-02	正保版魚山私抄九方便	443	177	迦	迦	_賀阿者羅迦拏者_娑駄耶	_賀阿者羅迦拏者_娑駄耶			6				ゲン	＊＊＊＊＊ゲンダ＊ロソタヤ			e5		50b1	音写字	T2713_.84.0833a10
30-039-02	正保版魚山私抄九方便	444	177	拏	拏	_賀阿者羅迦拏者_娑駄耶	_賀阿者羅迦拏者_娑駄耶			7				ダ	＊＊＊＊＊ゲンダ＊ロソタヤ			e4		50b1	音写字	T2713_.84.0833a10
30-039-02	正保版魚山私抄九方便	445	177	者	者	_賀阿者羅迦拏者_娑駄耶	_賀阿者羅迦拏者_娑駄耶			8					＊＊＊＊＊ゲンダ＊ロソタヤ			e4		50b1	音写字	T2713_.84.0833a10
30-039-02	正保版魚山私抄九方便	446	177	_	_	_賀阿者羅迦拏者_娑駄耶	_賀阿者羅迦拏者_娑駄耶			9				ロ	＊＊＊＊＊ゲンダ＊ロソタヤ			e4		50b1	音写字	T2713_.84.0833a10
30-039-02	正保版魚山私抄九方便	447	177	娑	娑	_賀阿者羅迦拏者_娑駄耶	_賀阿者羅迦拏者_娑駄耶			10				ソ	＊＊＊＊＊ゲンダ＊ロソタヤ			e5		50b1	音写字	T2713_.84.0833a10
30-039-02	正保版魚山私抄九方便	448	177	駄	駄	_賀阿者羅迦拏者_娑駄耶	_賀阿者羅迦拏者_娑駄耶			11				タ	＊＊＊＊＊ゲンダ＊ロソタヤ			e4		50b1	音写字	T2713_.84.0833a10
30-039-02	正保版魚山私抄九方便	449	177	耶	耶	_賀阿者羅迦拏者_娑駄耶	_賀阿者羅迦拏者_娑駄耶			12				ヤ	＊＊＊＊＊ゲンダ＊ロソタヤ			e4		50b1	音写字	T2713_.84.0833a10
30-039-02	正保版魚山私抄九方便	450	178	仰	仰	仰願	仰願			1								e1		50b3		T2713_.84.0833a12
30-039-02	正保版魚山私抄九方便	451	178	願	願	仰願	仰願			2								e1		50b3		T2713_.84.0833a12
30-039-02	正保版魚山私抄九方便	452	179	胎	胎	胎藏	胎藏			1								Rf_r2		50b3		T2713_.84.0833a12
30-039-02	正保版魚山私抄九方便	453	179	藏	藏	胎藏	胎藏			2								e4		50b3		T2713_.84.0833a12
30-039-02	正保版魚山私抄九方便	454	180	大	大	大日尊	大日尊			1								f_4		50b3		T2713_.84.0833a12
30-039-02	正保版魚山私抄九方便	455	180	日	日	大日尊	大日尊			2								Rf_rf_2		50b3		T2713_.84.0833a12
30-039-02	正保版魚山私抄九方便	456	180	尊	尊	大日尊	大日尊			3								e2		50b3		T2713_.84.0833a12
30-039-02	正保版魚山私抄九方便	457	181	八	八	八葉	八葉			1								e4		51a1		T2713_.84.0833b01
30-039-02	正保版魚山私抄九方便	458	181	葉	葉	八葉	八葉			2								f_4		51a1		T2713_.84.0833b01
30-039-02	正保版魚山私抄九方便	459	182	蓮	蓮	蓮臺	蓮臺			1								r2		51a1		T2713_.84.0833b01
30-039-02	正保版魚山私抄九方便	460	182	臺	臺	蓮臺	蓮臺			2								rf_rf_fr3		51a1		T2713_.84.0833b01
30-039-02	正保版魚山私抄九方便	461	183	諸	諸	諸如來	諸如來			1								e2		51a1		T2713_.84.0833b01
30-039-02	正保版魚山私抄九方便	462	183	如	如	諸如來	諸如來			2								e1		51a1		T2713_.84.0833b01
30-039-02	正保版魚山私抄九方便	463	183	來	來	諸如來	諸如來			3								e1		51a1		T2713_.84.0833b01
30-039-02	正保版魚山私抄九方便	464	184	十	十	十三大會	十三大會			1								e4		51a2		T2713_.84.0833b02
30-039-02	正保版魚山私抄九方便	465	184	三	三	十三大會	十三大會			2								e'4〔別〕R4		51a2		T2713_.84.0833b02
30-039-02	正保版魚山私抄九方便	466	184	大	大	十三大會	十三大會			3								e4		51a2		T2713_.84.0833b02
30-039-02	正保版魚山私抄九方便	467	184	會	會	十三大會	十三大會			4								f_4		51a2		T2713_.84.0833b02
30-039-02	正保版魚山私抄九方便	468	185	塵	塵	塵刹衆	塵刹衆			1				チン	チンサツ＊			r2		51a2		T2713_.84.0833b02
30-039-02	正保版魚山私抄九方便	469	185	刹	刹	塵刹衆	塵刹衆			2				サツ	チンサツ＊			rf_rf_3		51a2		T2713_.84.0833b02
30-039-02	正保版魚山私抄九方便	470	185	衆	衆	塵刹衆	塵刹衆			3					チンサツ＊			e2		51a2		T2713_.84.0833b02
30-039-02	正保版魚山私抄九方便	471	186	誓	誓	誓願	誓願			1								e2		51b1		T2713_.84.0833b04
30-039-02	正保版魚山私抄九方便	472	186	願	願	誓願	誓願			2								e1		51b1		T2713_.84.0833b04
30-039-02	正保版魚山私抄九方便	473	187	斷	斷	斷除	斷除			1								e2		51b1		T2713_.84.0833b04
30-039-02	正保版魚山私抄九方便	474	187	除	除	斷除	斷除			2								Rf_r2		51b1		T2713_.84.0833b04
30-039-02	正保版魚山私抄九方便	475	188	一	一	一切惡	一切悪			1								f4		51b1		T2713_.84.0833b04
30-039-02	正保版魚山私抄九方便	476	188	切	切	一切惡	一切悪			2								rf_rf_3		51b1		T2713_.84.0833b04
30-039-02	正保版魚山私抄九方便	477	188	惡	悪	一切惡	一切悪			3								e2		51b1		T2713_.84.0833b04
30-039-02	正保版魚山私抄九方便	478	189	誓	誓	誓願	誓願			1								r3		51b2		T2713_.84.0833b05
30-039-02	正保版魚山私抄九方便	479	189	願	願	誓願	誓願			2								e4		51b2		T2713_.84.0833b05
30-039-02	正保版魚山私抄九方便	480	190	度	度	度脱	度脱			1								f4		51b2		T2713_.84.0833b05
30-039-02	正保版魚山私抄九方便	481	190	脱	脱	度脱	度脱			2								rf_rf_fr3		51b2		T2713_.84.0833b05
30-039-02	正保版魚山私抄九方便	482	191	一	一	一切生	一切生			1								e2		51b2		T2713_.84.0833b05
30-039-02	正保版魚山私抄九方便	483	191	切	切	一切生	一切生			2								e1		51b2		T2713_.84.0833b05
30-039-02	正保版魚山私抄九方便	484	191	生	生	一切生	一切生			3								e1		51b2		T2713_.84.0833b05
30-039-02	正保版魚山私抄九方便	485	192	誓	誓	誓願	誓願			1								r5		51b3		T2713_.84.0833b06
30-039-02	正保版魚山私抄九方便	486	192	願	願	誓願	誓願			2								e4		51b3		T2713_.84.0833b06
30-039-02	正保版魚山私抄九方便	487	193	修	修	修習	修習			1					＊シフ			r5		51b3		T2713_.84.0833b06
30-039-02	正保版魚山私抄九方便	488	193	習	習	修習	修習			2				シフ	＊シフ			e4		51b3		T2713_.84.0833b06
30-039-02	正保版魚山私抄九方便	489	194	一	一	一切法	一切法			1								f4		51b3		T2713_.84.0833b06
30-039-02	正保版魚山私抄九方便	490	194	切	切	一切法	一切法			2								rf_rf_3		51b3		T2713_.84.0833b06
30-039-02	正保版魚山私抄九方便	491	194	法	法	一切法	一切法			3								e2		51b3		T2713_.84.0833b06
30-039-02	正保版魚山私抄九方便	492	195	誓	誓	誓願	誓願			1								r3〔別〕e2_		52a1		T2713_.84.0833b07
30-039-02	正保版魚山私抄九方便	493	195	願	願	誓願	誓願			2								e4		52a1		T2713_.84.0833b07
30-039-02	正保版魚山私抄九方便	494	196	奉	奉	奉仕	奉仕			1				ブ	ブジ			f4		52a1		T2713_.84.0833b07
30-039-02	正保版魚山私抄九方便	495	196	仕	仕	奉仕	奉仕			2				ジ	ブジ			rf_rf_3		52a1		T2713_.84.0833b07
30-039-02	正保版魚山私抄九方便	496	197	一	一	一切佛	一切佛			1								e2		52a1		T2713_.84.0833b07
30-039-02	正保版魚山私抄九方便	497	197	切	切	一切佛	一切佛			2								e1		52a1		T2713_.84.0833b07
30-039-02	正保版魚山私抄九方便	498	197	佛	佛	一切佛	一切佛			3								e1		52a1		T2713_.84.0833b07
30-039-02	正保版魚山私抄九方便	499	198	誓	誓	誓願	誓願			1								e4		52a2		T2713_.84.0833b08
30-039-02	正保版魚山私抄九方便	500	198	願	願	誓願	誓願			2								e4		52a2		T2713_.84.0833b08
30-039-02	正保版魚山私抄九方便	501	199	證	證	證得	證得			1								e4		52a2		T2713_.84.0833b08
30-039-02	正保版魚山私抄九方便	502	199	得	得	證得	證得			2								_ff4		52a2		T2713_.84.0833b08
30-039-02	正保版魚山私抄九方便	503	200	大	大	大菩提	大菩提			1								e1		52a2		T2713_.84.0833b08
30-039-02	正保版魚山私抄九方便	504	200	菩	菩	大菩提	大菩提			2								e1		52a2		T2713_.84.0833b08
30-039-02	正保版魚山私抄九方便	505	200	提	提	大菩提	大菩提			3								e1		52a2		T2713_.84.0833b08
30-039-02	正保版魚山私抄九方便	506	201	曩	曩	曩莫薩縛怛他__帝瓢尾	曩莫薩縛怛他__帝瓢尾			1					＊＊サラハ＊＊キヤテイヒユビ			e1〔別〕e4		52a3	音写字	T2713_.84.0833b09
30-039-02	正保版魚山私抄九方便	507	201	莫	莫	曩莫薩縛怛他__帝瓢尾	曩莫薩縛怛他__帝瓢尾			2					＊＊サラハ＊＊キヤテイヒユビ			e1〔別〕e4		52a3	音写字	T2713_.84.0833b09
30-039-02	正保版魚山私抄九方便	508	201	薩	薩	曩莫薩縛怛他__帝瓢尾	曩莫薩縛怛他__帝瓢尾			3				サラ	＊＊サラハ＊＊キヤテイヒユビ			e1〔別〕e4		52a3	音写字	T2713_.84.0833b09
30-039-02	正保版魚山私抄九方便	509	201	縛	縛	曩莫薩縛怛他__帝瓢尾	曩莫薩縛怛他__帝瓢尾			4				ハ	＊＊サラハ＊＊キヤテイヒユビ			e1〔別〕e4		52a3	音写字	T2713_.84.0833b09
30-039-02	正保版魚山私抄九方便	510	201	怛	怛	曩莫薩縛怛他__帝瓢尾	曩莫薩縛怛他__帝瓢尾			5					＊＊サラハ＊＊キヤテイヒユビ			e2〔別〕e5		52a3	音写字	T2713_.84.0833b09
30-039-02	正保版魚山私抄九方便	511	201	他	他	曩莫薩縛怛他__帝瓢尾	曩莫薩縛怛他__帝瓢尾			6					＊＊サラハ＊＊キヤテイヒユビ			e1〔別〕e4		52a3	音写字	T2713_.84.0833b09
30-039-02	正保版魚山私抄九方便	512	201	__	__	曩莫薩縛怛他__帝瓢尾	曩莫薩縛怛他__帝瓢尾			7				キヤ	＊＊サラハ＊＊キヤテイヒユビ			e2〔別〕e5		52a3	音写字	T2713_.84.0833b09
30-039-02	正保版魚山私抄九方便	513	201	帝	帝	曩莫薩縛怛他__帝瓢尾	曩莫薩縛怛他__帝瓢尾			8				テイ	＊＊サラハ＊＊キヤテイヒユビ			e1〔別〕e4		52a3	音写字	T2713_.84.0833b09
30-039-02	正保版魚山私抄九方便	514	201	瓢	瓢	曩莫薩縛怛他__帝瓢尾	曩莫薩縛怛他__帝瓢尾			9				ヒユ	＊＊サラハ＊＊キヤテイヒユビ			e1〔別〕e4		52a3	音写字	T2713_.84.0833b09
30-039-02	正保版魚山私抄九方便	515	201	尾	尾	曩莫薩縛怛他__帝瓢尾	曩莫薩縛怛他__帝瓢尾			10				ビ	＊＊サラハ＊＊キヤテイヒユビ			e2〔別〕e5		52a3	音写字	T2713_.84.0833b09
30-039-02	正保版魚山私抄九方便	516	202	濕	濕	濕縛目契烏娜__帝	濕縛目契烏娜__帝			1				シン	シンハホケイウダキヤテイ			e1〔別〕e4		52b1	音写字	T2713_.84.0833b10
30-039-02	正保版魚山私抄九方便	517	202	縛	縛	濕縛目契烏娜__帝	濕縛目契烏娜__帝			2				ハ	シンハホケイウダキヤテイ			e1〔別〕e4		52b1	音写字	T2713_.84.0833b10
30-039-02	正保版魚山私抄九方便	518	202	目	目	濕縛目契烏娜__帝	濕縛目契烏娜__帝			3				ホ	シンハホケイウダキヤテイ			e2〔別〕e5		52b1	音写字	T2713_.84.0833b10
30-039-02	正保版魚山私抄九方便	519	202	契	契	濕縛目契烏娜__帝	濕縛目契烏娜__帝			4				ケイ	シンハホケイウダキヤテイ			e1〔別〕e4		52b1	音写字	T2713_.84.0833b10
30-039-02	正保版魚山私抄九方便	520	202	烏	烏	濕縛目契烏娜__帝	濕縛目契烏娜__帝			5				ウ	シンハホケイウダキヤテイ			e1〔別〕e4		52b1	音写字	T2713_.84.0833b10
30-039-02	正保版魚山私抄九方便	521	202	娜	娜	濕縛目契烏娜__帝	濕縛目契烏娜__帝			6				ダ	シンハホケイウダキヤテイ			e1〔別〕e4		52b1	音写字	T2713_.84.0833b10
30-039-02	正保版魚山私抄九方便	522	202	__	__	濕縛目契烏娜__帝	濕縛目契烏娜__帝			7				キヤ	シンハホケイウダキヤテイ			e2〔別〕e5		52b1	音写字	T2713_.84.0833b10
30-039-02	正保版魚山私抄九方便	523	202	帝	帝	濕縛目契烏娜__帝	濕縛目契烏娜__帝			9				テイ	シンハホケイウダキヤテイ			e1〔別〕e4		52b1	音写字	T2713_.84.0833b10
30-039-02	正保版魚山私抄九方便	524	203	以	以	以我	以我			1								e1〔別〕e4		52b2		T2713_.84.0833b11
30-039-02	正保版魚山私抄九方便	525	203	我	我	以我	以我			2								e1〔別〕e4		52b2		T2713_.84.0833b11
30-039-02	正保版魚山私抄九方便	526	204	如	如	如來	如來			1								e3〔別〕e1_		52b2		T2713_.84.0833b11
30-039-02	正保版魚山私抄九方便	527	204	來	來	如來	如來			2								e3〔別〕e1_		52b2		T2713_.84.0833b11
30-039-02	正保版魚山私抄九方便	528	205	及	及	及以	及以			1								F3〔別〕F1_		52b2		T2713_.84.0833b11
30-039-02	正保版魚山私抄九方便	529	205	以	以	及以	及以			2								e1〔別〕e4		52b2		T2713_.84.0833b11
30-039-02	正保版魚山私抄九方便	530	206	普	普	普供養	普供養			1								e1〔別〕e4		52b2		T2713_.84.0833b11
30-039-02	正保版魚山私抄九方便	531	206	供	供	普供養	普供養			2								e1〔別〕e4		52b2		T2713_.84.0833b11
30-039-02	正保版魚山私抄九方便	532	206	養	養	普供養	普供養			3								e1〔別〕e4		52b2		T2713_.84.0833b11
30-039-02	正保版魚山私抄九方便	533	207	南	南	南無	南無			1			＊去濁	ナウ	ナウホ			e4_〔別〕e2		53a1	音写字	T2713_.84.0833c01
30-039-02	正保版魚山私抄九方便	534	207	無	無	南無	南無			2		去濁	＊去濁	ホ	ナウホ			e5_〔別〕r3		53a1	音写字	T2713_.84.0833c01
30-039-02	正保版魚山私抄九方便	535	208	摩	摩	摩訶	摩訶			1								e5_〔別〕e3		53a1		T2713_.84.0833c01
30-039-02	正保版魚山私抄九方便	536	208	訶	訶	摩訶	摩訶			2								e1〔別〕e4		53a1		T2713_.84.0833c01
30-039-02	正保版魚山私抄九方便	537	209	南	南	南無	南無			1								"e1〔別〕e4, 已下ナモ"		53a1	音写字	T2713_.84.0833c01
30-039-02	正保版魚山私抄九方便	538	209	無	無	南無	南無			2								"e1〔別〕e4, 已下ナモ"		53a1	音写字	T2713_.84.0833c01
30-039-02	正保版魚山私抄九方便	539	210	寳	寳	寳幢	寳幢			1								e2〔別〕e5		53a1		T2713_.84.0833c01
30-039-02	正保版魚山私抄九方便	540	210	幢	幢	寳幢	寳幢			2								"e1〔別〕e4,タトの中音"		53a1		T2713_.84.0833c01
30-039-02	正保版魚山私抄九方便	541	211	南	南	南無	南無			1								e1〔別〕e4		53a2	音写字	T2713_.84.0833c02
30-039-02	正保版魚山私抄九方便	542	211	無	無	南無	南無			2								e1〔別〕e4		53a2	音写字	T2713_.84.0833c02
30-039-02	正保版魚山私抄九方便	543	212	開	開	開敷	開敷			1					＊フ			fr1〔別〕fr4		53a2		T2713_.84.0833c02
30-039-02	正保版魚山私抄九方便	544	212	敷	敷	開敷	開敷			2				フ	＊フ			e1〔別〕e4		53a2		T2713_.84.0833c02
30-039-02	正保版魚山私抄九方便	545	213	南	南	南無	南無			1								e1〔別〕e4		53a2	音写字	T2713_.84.0833c02
30-039-02	正保版魚山私抄九方便	546	213	無	無	南無	南無			2								e1〔別〕e4		53a2	音写字	T2713_.84.0833c02
30-039-02	正保版魚山私抄九方便	547	214	无	无	无量	无量			1				ブ	ブ＊			f1〔別〕f4		53a2		T2713_.84.0833c02
30-039-02	正保版魚山私抄九方便	548	215	量	量	無量	無量			2					ブ＊			r1〔別〕r3		53a2		T2713_.84.0833c02
30-039-02	正保版魚山私抄九方便	549	216	南	南	南無	南無			1								e1〔別〕e4		53a3	音写字	T2713_.84.0833c03
30-039-02	正保版魚山私抄九方便	550	216	無	無	南無	南無			2								e1〔別〕e4		53a3	音写字	T2713_.84.0833c03
30-039-02	正保版魚山私抄九方便	551	217	天	天	天皷	天皷			1					＊ク／＊コ			e2〔別〕e5		53a3		T2713_.84.0833c03
30-039-02	正保版魚山私抄九方便	552	217	皷	皷	天皷	天皷			2				ク／〔左〕コ	＊ク／＊コ			"e1〔別〕e4,コハ新相應院流也 クハ本相應院流也"		53a3		T2713_.84.0833c03
30-039-02	正保版魚山私抄九方便	553	218	南	南	南無	南無			1								e1〔別〕e4		53a3	音写字	T2713_.84.0833c03
30-039-02	正保版魚山私抄九方便	554	218	無	無	南無	南無			2								e1〔別〕e4		53a3	音写字	T2713_.84.0833c03
30-039-02	正保版魚山私抄九方便	555	219	普	普	普賢	普賢			1				ホ	ホ＊			e2〔別〕e5		53a3		T2713_.84.0833c03
30-039-02	正保版魚山私抄九方便	556	219	賢	賢	普賢	普賢			2					ホ＊			e1〔別〕e4		53a3		T2713_.84.0833c03
30-039-02	正保版魚山私抄九方便	557	220	南	南	南無	南無			1								e1〔別〕e4		53b1	音写字	T2713_.84.0833c04
30-039-02	正保版魚山私抄九方便	558	220	無	無	南無	南無			2								e1〔別〕e4		53b1	音写字	T2713_.84.0833c04
30-039-02	正保版魚山私抄九方便	559	221	文	文	文殊師利	文殊師利			1				フン	フン＊＊＊			e1〔別〕e4		53b1		T2713_.84.0833c04
30-039-02	正保版魚山私抄九方便	560	221	殊	殊	文殊師利	文殊師利			2					フン＊＊＊			f1〔別〕f4		53b1		T2713_.84.0833c04
30-039-02	正保版魚山私抄九方便	561	221	師	師	文殊師利	文殊師利			3					フン＊＊＊			e1〔別〕e4		53b1		T2713_.84.0833c04
30-039-02	正保版魚山私抄九方便	562	221	利	利	文殊師利	文殊師利			4					フン＊＊＊			e1〔別〕e4		53b1		T2713_.84.0833c04
30-039-02	正保版魚山私抄九方便	563	222	南	南	南無	南無			1								e1〔別〕e4		53b1	音写字	T2713_.84.0833c04
30-039-02	正保版魚山私抄九方便	564	222	無	無	南無	南無			2								e1〔別〕e4		53b1	音写字	T2713_.84.0833c04
30-039-02	正保版魚山私抄九方便	565	223	觀	觀	觀世音	觀世音			1					＊＊イン			e2〔別〕e5		53b1		T2713_.84.0833c04
30-039-02	正保版魚山私抄九方便	566	223	世	世	觀世音	觀世音			2					＊＊イン			e1〔別〕e4		53b1		T2713_.84.0833c04
30-039-02	正保版魚山私抄九方便	567	223	音	音	觀世音	觀世音			3				イン	＊＊イン			e1〔別〕e4		53b1		T2713_.84.0833c04
30-039-02	正保版魚山私抄九方便	568	224	南	南	南無	南無			1								e1〔別〕e4		53b2	音写字	T2713_.84.0833c05
30-039-02	正保版魚山私抄九方便	569	224	無	無	南無	南無			2								e1〔別〕e4		53b2	音写字	T2713_.84.0833c05
30-039-02	正保版魚山私抄九方便	570	225	彌	彌	彌勒	彌勒			1				ビ	ビ＊			f1〔別〕f4		53b2		T2713_.84.0833c05
30-039-02	正保版魚山私抄九方便	571	225	勒	勒	彌勒	彌勒			2					ビ＊			e1〔別〕e4		53b2		T2713_.84.0833c05
30-039-02	正保版魚山私抄九方便	572	226	南	南	南無	南無			1								e1〔別〕e4		53b2	音写字	T2713_.84.0833c05
30-039-02	正保版魚山私抄九方便	573	226	無	無	南無	南無			2								e1〔別〕e4		53b2	音写字	T2713_.84.0833c05
30-039-02	正保版魚山私抄九方便	574	227	阿	阿	阿利耶	阿利耶			1								f1〔別〕f4		53b2	音写字	T2713_.84.0833c05
30-039-02	正保版魚山私抄九方便	575	227	利	利	阿利耶	阿利耶			2								e1〔別〕e4		53b2	音写字	T2713_.84.0833c05
30-039-02	正保版魚山私抄九方便	576	227	耶	耶	阿利耶	阿利耶			3								e1〔別〕e4		53b2	音写字	T2713_.84.0833c05
30-039-02	正保版魚山私抄九方便	577	228	縛	縛	縛曰羅	縛曰羅			1								e1〔別〕e4		53b3	音写字	T2713_.84.0833c06
30-039-02	正保版魚山私抄九方便	578	228	曰	曰	縛曰羅	縛曰羅			2								e1〔別〕e4		53b3	音写字	T2713_.84.0833c06
30-039-02	正保版魚山私抄九方便	579	228	羅	羅	縛曰羅	縛曰羅			3								e1〔別〕e4		53b3	音写字	T2713_.84.0833c06
30-039-02	正保版魚山私抄九方便	580	229	娑	娑	娑縛_	娑縛_			1				ソ	ソバニ			e1〔別〕e4		53b3	音写字	T2713_.84.0833c06
30-039-02	正保版魚山私抄九方便	581	229	縛	縛	娑縛_	娑縛_			2				バ	ソバニ			f1〔別〕f4		53b3	音写字	T2713_.84.0833c06
30-039-02	正保版魚山私抄九方便	582	229	_	_	娑縛_	娑縛_			3				ニ	ソバニ			e1〔別〕e4		53b3	音写字	T2713_.84.0833c06
30-039-02	正保版魚山私抄九方便	583	230	縛	縛	縛曰羅	縛曰羅			1								e1〔別〕e4		53b3	音写字	T2713_.84.0833c06
30-039-02	正保版魚山私抄九方便	584	230	曰	曰	縛曰羅	縛曰羅			2								e1〔別〕e4		53b3	音写字	T2713_.84.0833c06
30-039-02	正保版魚山私抄九方便	585	230	羅	羅	縛曰羅	縛曰羅			3								e1〔別〕e4		53b3	音写字	T2713_.84.0833c06
30-039-02	正保版魚山私抄九方便	586	231	軍	軍	軍荼利	軍荼利			1				クン	クン＊＊			e2〔別〕e5		53b3	音写字	T2713_.84.0833c06
30-039-02	正保版魚山私抄九方便	587	231	荼	荼	軍荼利	軍荼利			2					クン＊＊			e1〔別〕e4		53b3	音写字	T2713_.84.0833c06
30-039-02	正保版魚山私抄九方便	588	231	利	利	軍荼利	軍荼利			3					クン＊＊			e1〔別〕e4		53b3	音写字	T2713_.84.0833c06
30-039-02	正保版魚山私抄九方便	589	232	縛	縛	縛曰羅	縛曰羅			1								e1〔別〕e4		54a1	音写字	T2713_.84.0833c07
30-039-02	正保版魚山私抄九方便	590	232	曰	曰	縛曰羅	縛曰羅			2								e1〔別〕e4		54a1	音写字	T2713_.84.0833c07
30-039-02	正保版魚山私抄九方便	591	232	羅	羅	縛曰羅	縛曰羅			3								e1〔別〕e4		54a1	音写字	T2713_.84.0833c07
30-039-02	正保版魚山私抄九方便	592	233	_	_	__	__			1								e1〔別〕e4		54a1	音写字	T2713_.84.0833c07
30-039-02	正保版魚山私抄九方便	593	233	_	_	__	__			2								fr1〔別〕fr4		54a1	音写字	T2713_.84.0833c07
30-039-02	正保版魚山私抄九方便	594	234	縛	縛	縛曰羅	縛曰羅			1								e1〔別〕e4		54a1	音写字	T2713_.84.0833c07
30-039-02	正保版魚山私抄九方便	595	234	曰	曰	縛曰羅	縛曰羅			2								e1〔別〕e4		54a1	音写字	T2713_.84.0833c07
30-039-02	正保版魚山私抄九方便	596	234	羅	羅	縛曰羅	縛曰羅			3								e1〔別〕e4		54a1	音写字	T2713_.84.0833c07
30-039-02	正保版魚山私抄九方便	597	235	藥	藥	藥刄	藥刄			1				ヤキ	ヤキシヤ			e2〔別〕e5		54a1	音写字	T2713_.84.0833c07
30-039-02	正保版魚山私抄九方便	598	235	刄	刄	藥刄	藥刄			2				シヤ	ヤキシヤ			e1〔別〕e4		54a1	音写字	T2713_.84.0833c07
30-039-02	正保版魚山私抄九方便	599	236	南	南	南無	南無			1								e2〔別〕e4		54a2	音写字	T2713_.84.0833c08
30-039-02	正保版魚山私抄九方便	600	237	无	无	南无	南无			2								e3〔別〕e5		54a2	音写字	T2713_.84.0833c08
30-039-02	正保版魚山私抄九方便	601	238	大	大	大悲	大悲			1								r2〔別〕r4		54a2		T2713_.84.0833c08
30-039-02	正保版魚山私抄九方便	602	238	悲	悲	大悲	大悲			2								e2〔別〕e4		54a2		T2713_.84.0833c08
30-039-02	正保版魚山私抄九方便	603	239	胎	胎	胎藏	胎蔵			1								e3〔別〕e5		54a2		T2713_.84.0833c08
30-039-02	正保版魚山私抄九方便	604	240	藏	藏	胎藏	胎藏			2								e2〔別〕e4		54a2		T2713_.84.0833c08
30-039-02	正保版魚山私抄九方便	605	241	南	南	南無	南無			1								e3〔別〕e4		54a2	音写字	T2713_.84.0833c08
30-039-02	正保版魚山私抄九方便	606	241	無	無	南無	南無			2								e3〔別〕e4		54a2	音写字	T2713_.84.0833c08
30-039-02	正保版魚山私抄九方便	607	242	金	金	金剛界	金剛界			1				キン	キン＊＊			f3〔別〕f4		54a2		T2713_.84.0833c08
30-039-02	正保版魚山私抄九方便	608	242	剛	剛	金剛界	金剛界			2					キン＊＊			e2〔別〕e4		54a2		T2713_.84.0833c08
30-039-02	正保版魚山私抄九方便	609	242	界	界	金剛界	金剛界			3					キン＊＊			e2〔別〕e4		54a2		T2713_.84.0833c08
30-039-02	正保版魚山私抄九方便	610	243	一	一	一切	一切			1								e3〔別〕e5		54a2		T2713_.84.0833c08
30-039-02	正保版魚山私抄九方便	611	243	切	切	一切	一切			2								ff3〔別〕ff5		54a2		T2713_.84.0833c08
30-039-02	正保版魚山私抄九方便	612	244	廻	廻	廻向	廻向			1								e4		54a3		T2713_.84.0833c09
30-039-02	正保版魚山私抄九方便	613	244	向	向	廻向	廻向			2								e3		54a3		T2713_.84.0833c09
30-039-02	正保版魚山私抄九方便	614	245	大	大	大菩提	大菩提			1								e3		54a3		T2713_.84.0833c09
30-039-02	正保版魚山私抄九方便	615	245	菩	菩	大菩提	大菩提			2								e4		54a3		T2713_.84.0833c09
30-039-02	正保版魚山私抄九方便	616	245	提	提	大菩提	大菩提			3								e4		54a3		T2713_.84.0833c09
30-039-02	正保版魚山私抄九方便	617	246	所	所	所修	所修			1				ソ	ソ＊			e5		54a3		T2713_.84.0833c09
30-039-02	正保版魚山私抄九方便	618	246	修	修	所修	所修			2					ソ＊			e'5		54a3		T2713_.84.0833c09
30-039-02	正保版魚山私抄九方便	619	247	一	一	一切	一切			1								e5		54a3		T2713_.84.0833c09
30-039-02	正保版魚山私抄九方便	620	247	切	切	一切	一切			2								f5		54a3		T2713_.84.0833c09