資料番号	資料名	資料内漢字番号	資料内漢語番号	単字_見出し	単字_出現形	漢語_見出し	漢語_出現形	漢語_alphabet	語種	漢語内位置	単字長	声点	声点型	仮名注	仮名型	反切	類音	節博士	その他	出現位置	備考
30-008-02	遊仙窟_醍醐寺	1	1	積	積	積石	積石			1		入軽	入軽入軽							2	
30-008-02	遊仙窟_醍醐寺	2	1	石	石	積石	積石			2		入軽	入軽入軽							2	
30-008-02	遊仙窟_醍醐寺	3	2	金	金	金城	金城			1		平	平平							2	
30-008-02	遊仙窟_醍醐寺	4	2	城	城	金城	金城			2		平	平平							2	
30-008-02	遊仙窟_醍醐寺	5	3	河	河	河	河			1										2	
30-008-02	遊仙窟_醍醐寺	6	4	龍	龍	龍門	龍門			1		平	平＊							3	
30-008-02	遊仙窟_醍醐寺	7	5	〓	〓（こざとへん＋幵）	〓隴	〓隴			1		平	平上	ケン	ケン＊					4	
30-008-02	遊仙窟_醍醐寺	8	5	隴	隴	〓隴	〓隴			2		上	平上		ケン＊					4	
30-008-02	遊仙窟_醍醐寺	9	6	河	河	河源	河源			1		平	平平濁							4	
30-008-02	遊仙窟_醍醐寺	10	6	源	源	河源	河源			2		平濁	平平濁							4	
30-008-02	遊仙窟_醍醐寺	11	7	迍	迍	迍邅	迍邅			1		平	平平軽	チム	チムテム					5	
30-008-02	遊仙窟_醍醐寺	12	7	邅	邅	迍邅	迍邅			2		平軽	平平軽	テム	チムテム					5	
30-008-02	遊仙窟_醍醐寺	13	8	郷	郷	郷關	郷関			1		平軽	平軽＊	キヤウ	キヤウ＊					5	
30-008-02	遊仙窟_醍醐寺	14	9	眇	眇	眇邈	眇邈			1		上濁	上濁＊		＊ハク					5	
30-008-02	遊仙窟_醍醐寺	15	9	邈	邈	眇邈	眇邈			2			上濁＊	ハク	＊ハク					5	
30-008-02	遊仙窟_醍醐寺	16	10	張	張	張騫	張騫			1		平軽	平軽平		＊ケン					6	
30-008-02	遊仙窟_醍醐寺	17	10	騫	騫	張騫	張騫			2		平	平軽平	ケン	＊ケン					6	
30-008-02	遊仙窟_醍醐寺	18	11	里	里	十萬里	十万里			3		上	＊＊上							6	
30-008-02	遊仙窟_醍醐寺	19	12	波	波	波濤	波濤			1		平	平平							6	
30-008-02	遊仙窟_醍醐寺	20	12	濤	濤	波濤	波濤			2		平	平平							6	
30-008-02	遊仙窟_醍醐寺	21	13	禹	禹	禹	禹			1		上	上	ウ	ウ					6	
30-008-02	遊仙窟_醍醐寺	22	14	年	年	二千年	二千年			3		平	＊＊平							7	
30-008-02	遊仙窟_醍醐寺	23	15	坂	坂	坂磴	坂磴			1		上	上去	ハン	ハントウ					7	
30-008-02	遊仙窟_醍醐寺	24	15	磴	磴	坂磴	坂磴			2		去	上去	トウ	ハントウ	都鄧反				7	
30-008-02	遊仙窟_醍醐寺	25	16	穿	穿	鑿穿	鑿穿			2						〔欄外〕在各反				7	
30-008-02	遊仙窟_醍醐寺	26	17	涯	涯	涯岸	涯岸			1		平濁	平濁去濁			〔欄外〕木桂反				8	
30-008-02	遊仙窟_醍醐寺	27	17	岸	岸	涯岸	涯岸			2		去濁	平濁去濁			〔欄外〕冥（魚）幹反				8	
30-008-02	遊仙窟_醍醐寺	28	18	崗	崗	崗巒	崗巒			1		平軽	平軽平			力宮反				8	
30-008-02	遊仙窟_醍醐寺	29	18	巒	巒	崗巒	崗巒			2		平	平軽平							8	
30-008-02	遊仙窟_醍醐寺	30	19	細	細	子細	子細			2				セイ	＊セイ					9	
30-008-02	遊仙窟_醍醐寺	31	20	分	分	分	分			1		去	去							9	
30-008-02	遊仙窟_醍醐寺	32	21	明	明	明	明			2		平	＊平							9	
30-008-02	遊仙窟_醍醐寺	33	22	靈	霊	靈奇	霊奇			1				レイ	レイ＊					9	
30-008-02	遊仙窟_醍醐寺	34	23	妙	妙	妙絶	妙絶			1		去濁	去濁							10	
30-008-02	遊仙窟_醍醐寺	35	24	非	非	非常	非常			1		上	上平							12	
30-008-02	遊仙窟_醍醐寺	36	24	常	常	非常	非常			2		平	上平							12	
30-008-02	遊仙窟_醍醐寺	37	25	向	向	向上	向上			1		去	去＊	キヤウ	キヤウ＊					12	
30-008-02	遊仙窟_醍醐寺	38	26	青	青	青壁	青壁			1		平軽	平軽＊							12	
30-008-02	遊仙窟_醍醐寺	39	27	碧	碧	碧潭	碧潭			1		入	入＊							13	
30-008-02	遊仙窟_醍醐寺	40	28	千	千	千仞	千仞			1		平	平平濁		＊シン					13	
30-008-02	遊仙窟_醍醐寺	41	28	仞	仞	千仞	千仞			2		平濁	平平濁	シン	＊シン					13	
30-008-02	遊仙窟_醍醐寺	42	29	自	自	自然	自然			1		上	上平軽濁							15	
30-008-02	遊仙窟_醍醐寺	43	29	然	然	自然	自然			2		平軽濁	上平軽濁							15	
30-008-02	遊仙窟_醍醐寺	44	30	端	端	端仰	端仰			1		平軽	平軽上濁		＊キヤウ					16	
30-008-02	遊仙窟_醍醐寺	45	30	仰	仰	端仰	端仰			2		上濁	平軽上濁	キヤウ	＊キヤウ					16	
30-008-02	遊仙窟_醍醐寺	46	31	潔	潔	潔齊	潔斉			1		入	入＊							16	
30-008-02	遊仙窟_醍醐寺	47	32	精	精	精靈	精霊			1		平	平平軽							17	
30-008-02	遊仙窟_醍醐寺	48	32	靈	霊	精靈	精霊			2		平軽	平平軽							17	
30-008-02	遊仙窟_醍醐寺	49	33	光	光	光彩	光彩			1		平	平平							19	
30-008-02	遊仙窟_醍醐寺	50	33	彩	彩	光彩	光彩			2		平	平平							19	
30-008-02	遊仙窟_醍醐寺	51	34	祗	祗	祗候	祗候			1		平	平去							21	
30-008-02	遊仙窟_醍醐寺	52	34	候	候	祗候	祗候			2		去	平去							21	
30-008-02	遊仙窟_醍醐寺	53	35	山	山	山川	山川			1		平軽	平軽平							21	
30-008-02	遊仙窟_醍醐寺	54	35	川	川	山川	山川			2		平	平軽平							21	
30-008-02	遊仙窟_醍醐寺	55	36	異	異	異常	異常			1		去	去平							21	
30-008-02	遊仙窟_醍醐寺	56	36	常	常	異常	異常			2		平	去平							22	
30-008-02	遊仙窟_醍醐寺	57	37	投	投	投	投ス			1		平	平							22	
30-008-02	遊仙窟_醍醐寺	58	38	娘	娘	娘子	娘子			1				チヤウ	チヤウ＊					22	
30-008-02	遊仙窟_醍醐寺	59	39	停	停	停歇	停歇			1				テイ	テイケツ					22	
30-008-02	遊仙窟_醍醐寺	60	39	歇	歇	停歇	停歇			2				ケツ	テイケツ					22	
30-008-02	遊仙窟_醍醐寺	61	40	堂	堂	堂舎	堂舎			1		平軽	平軽去							23	
30-008-02	遊仙窟_醍醐寺	62	40	舎	舎	堂舎	堂舎			2		去	平軽去							23	
30-008-02	遊仙窟_醍醐寺	63	41	賎	賎	賎陋	賎陋			1		去	去＊							23	
30-008-02	遊仙窟_醍醐寺	64	42	供	供	供給	供給			1		去	去入	クヰウ	クヰウキウ					24	
30-008-02	遊仙窟_醍醐寺	65	42	給	給	供給	供給			2		入	去入	キウ	クヰウキウ					24	
30-008-02	遊仙窟_醍醐寺	66	43	單	単	單疏	単疏			1		平軽	平軽平							24	
30-008-02	遊仙窟_醍醐寺	67	43	疏	疏	單疏	単疏			2		平	平軽平							24	
30-008-02	遊仙窟_醍醐寺	68	44	悋	悋	悋惜	悋惜			1		平	平入軽							24	
30-008-02	遊仙窟_醍醐寺	69	44	惜	惜	悋惜	悋惜			2		入軽	平入軽							24	
30-008-02	遊仙窟_醍醐寺	70	45	卑	卑	卑微	卑微			1		平	平平濁	ヒ	ヒヒ					25	
30-008-02	遊仙窟_醍醐寺	71	45	微	微	卑微	卑微			2		平濁	平平濁	ヒ	ヒヒ					25	
30-008-02	遊仙窟_醍醐寺	72	46	草	草	草亭	草亭			1		上	上平							26	
30-008-02	遊仙窟_醍醐寺	73	46	亭	亭	草亭	草亭			2		平	上平							26	
30-008-02	遊仙窟_醍醐寺	74	47	良	良	良久	良久			1		平	平去							26	
30-008-02	遊仙窟_醍醐寺	75	47	久	久	良久	良久			2		去	平去							26	
30-008-02	遊仙窟_醍醐寺	76	48	崔	崔	崔如郎	崔如郎			1		平	平上濁＊							28	
30-008-02	遊仙窟_醍醐寺	77	48	如	如	崔如郎	崔如郎			2		上濁	平上濁＊							28	
30-008-02	遊仙窟_醍醐寺	78	49	娘	娘	娘子	娘子			1				キヤウ	キヤウ＊					29	
30-008-02	遊仙窟_醍醐寺	79	50	博	博	博陵王	博陵王			1		入	入平＊	ハク	ハク＊＊					29	
30-008-02	遊仙窟_醍醐寺	80	50	陵	陵	博陵王	博陵王			2		平	入平＊		ハク＊＊					29	
30-008-02	遊仙窟_醍醐寺	81	51	苗	苗	苗裔	苗裔			1		去濁	去濁平							29	
30-008-02	遊仙窟_醍醐寺	82	51	裔	裔	苗裔	苗裔			2		平	去濁平							29	
30-008-02	遊仙窟_醍醐寺	83	52	清	清	清河公	清河公			1		平	平平平							29	
30-008-02	遊仙窟_醍醐寺	84	52	河	河	清河公	清河公			2		平	平平平							29	
30-008-02	遊仙窟_醍醐寺	85	52	公	公	清河公	清河公			3		平	平平平							30	
30-008-02	遊仙窟_醍醐寺	86	53	舊	旧	舊族	旧族			1		去	去入軽							30	
30-008-02	遊仙窟_醍醐寺	87	53	族	族	舊族	旧族			2		入軽	去入軽							30	
30-008-02	遊仙窟_醍醐寺	88	54	容	容	容貌	容貌			1		平	平去濁							30	
30-008-02	遊仙窟_醍醐寺	89	54	貌	貌	容貌	容貌			2		去濁	平去濁							30	
30-008-02	遊仙窟_醍醐寺	90	55	潘	潘	潘安仁	潘安仁			1		平	平平軽平軽							30	平軽か
30-008-02	遊仙窟_醍醐寺	91	55	安	安	潘安仁	潘安仁			2		平軽	平平軽平軽							30	
30-008-02	遊仙窟_醍醐寺	92	55	仁	仁	潘安仁	潘安仁			3		平濁	平平軽平軽							30	
30-008-02	遊仙窟_醍醐寺	93	56	氣	気	氣調	気調			1		上	上平							31	
30-008-02	遊仙窟_醍醐寺	94	56	調	調	氣調	気調			2		平	上平							31	
30-008-02	遊仙窟_醍醐寺	95	57	崔	崔	崔季珪	崔季珪			1		平	平上平		＊キケイ					31	
30-008-02	遊仙窟_醍醐寺	96	57	季	季	崔季珪	崔季珪			2		上	平上平	キ	＊キケイ					31	
30-008-02	遊仙窟_醍醐寺	97	57	珪	珪	崔季珪	崔季珪			3		平	平上平	ケイ	＊キケイ					31	
30-008-02	遊仙窟_醍醐寺	98	58	婀	婀	婀娜	婀娜			1		上	上上							31	
30-008-02	遊仙窟_醍醐寺	99	58	娜	娜	婀娜	婀娜			2		上	上上							31	
30-008-02	遊仙窟_醍醐寺	100	59	逶	逶	逶迤	逶迤			1		平軽	平軽＊	ヰ	ヰイ	〔欄外〕老危反				32	
30-008-02	遊仙窟_醍醐寺	101	59	迤	迤	逶迤	逶迤			2			平軽＊	イ	ヰイ	〔欄外〕戈豕反				32	
30-008-02	遊仙窟_醍醐寺	102	60	面	面	面子	面子			1		去	去上	メン	メンシ					33	
30-008-02	遊仙窟_醍醐寺	103	60	子	子	面子	面子			2		上	去上	シ	メンシ					33	
30-008-02	遊仙窟_醍醐寺	104	61	荏	荏	荏苒	荏苒			1		上濁	上濁上濁	シン	シンセン					33	
30-008-02	遊仙窟_醍醐寺	105	61	苒	苒	荏苒	荏苒			2		上濁	上濁上濁	セン	シンセン					33	
30-008-02	遊仙窟_醍醐寺	106	62	韓	韓	韓娥	韓娥			1		平	平平濁	カン	カンカ					34	
30-008-02	遊仙窟_醍醐寺	107	62	娥	娥	韓娥	韓娥			2		平濁	平平濁	カ	カンカ					34	
30-008-02	遊仙窟_醍醐寺	108	63	宋	宋	宋玉	宋玉			1		去	去＊							34	
30-008-02	遊仙窟_醍醐寺	109	64	絳	絳	絳樹	絳樹			1		去	去去							34	
30-008-02	遊仙窟_醍醐寺	110	64	樹	樹	絳樹	絳樹			2		去	去去							34	
30-008-02	遊仙窟_醍醐寺	111	65	青	青	青琴	青琴			1		平軽	平軽平							34	
30-008-02	遊仙窟_醍醐寺	112	65	琴	琴	青琴	青琴			2		平	平軽平							34	
30-008-02	遊仙窟_醍醐寺	113	66	造	造	造次	造次			1		去	去上							35	
30-008-02	遊仙窟_醍醐寺	114	66	次	次	造次	造次			2		上	去上							35	
30-008-02	遊仙窟_醍醐寺	115	67	則	則	則	則			1				ソク	ソク					38	
30-008-02	遊仙窟_醍醐寺	116	68	故	故	故	故			1				コ	コ					38	
30-008-02	遊仙窟_醍醐寺	117	69	故	故	故	故			2				コ	コ					38	
30-008-02	遊仙窟_醍醐寺	118	70	桂	桂	桂心	桂心			1										40	声点あるか調査のこと
30-008-02	遊仙窟_醍醐寺	119	71	辛	辛	辛苦	辛苦			1		平	平上	シン	シンコ					42	
30-008-02	遊仙窟_醍醐寺	120	71	苦	苦	辛苦	辛苦			2		上	平上	コ	シンコ					42	
30-008-02	遊仙窟_醍醐寺	121	72	娘	娘	十娘	十娘			2		平濁	＊平濁	チヤウ	＊チヤウ					43	
30-008-02	遊仙窟_醍醐寺	122	73	半	半	半面	半面			1		平	平＊							43	
30-008-02	遊仙窟_醍醐寺	123	74	斂	斂	斂咲	斂咲			1				レム	レムセウ					44	
30-008-02	遊仙窟_醍醐寺	124	74	咲	咲	斂咲	斂咲			2				セウ	レムセウ					44	
30-008-02	遊仙窟_醍醐寺	125	75	含	含	含羞	含羞			1		平	平平	カン	カンシウ					44	
30-008-02	遊仙窟_醍醐寺	126	75	羞	羞	含羞	含羞			2		平	平平	シウ	カンシウ					44	
30-008-02	遊仙窟_醍醐寺	127	76	雙	雙	雙眼	雙眼			1		平軽	平軽＊							45	声点微妙、訳文では記載あり
30-008-02	遊仙窟_醍醐寺	128	77	沈	沈	沈吟	沈吟			1		平	平平濁							48	
30-008-02	遊仙窟_醍醐寺	129	77	吟	吟	沈吟	沈吟			2		平濁	平平濁							48	
30-008-02	遊仙窟_醍醐寺	130	78	徒	徒	徒倚	徒倚			1		上	上＊	シ	シイ					48	
30-008-02	遊仙窟_醍醐寺	131	78	倚	倚	徒倚	徒倚			2			上＊	イ	シイ					48	
30-008-02	遊仙窟_醍醐寺	132	79	懷	懐	懷抱	懐抱			1		平	平去		＊ハウ					50	
30-008-02	遊仙窟_醍醐寺	133	79	抱	抱	懷抱	懐抱			2		去	平去	ハウ	＊ハウ					50	
30-008-02	遊仙窟_醍醐寺	134	80	聲	声	聲色	声色			1		平	平入軽							50	
30-008-02	遊仙窟_醍醐寺	135	80	色	色	聲色	声色			2		入軽	平入軽							50	
30-008-02	遊仙窟_醍醐寺	136	81	鶴	鶴	鶴琴	鶴琴			1				カク	カク＊					52	
30-008-02	遊仙窟_醍醐寺	137	82	弄	弄	弄玉	弄玉			1		去	去入濁							53	
30-008-02	遊仙窟_醍醐寺	138	82	玉	玉	弄玉	弄玉			2		入濁	去入濁							53	
30-008-02	遊仙窟_醍醐寺	139	83	蘭	蘭	蘭	蘭			1		平	平							53	
30-008-02	遊仙窟_醍醐寺	140	84	合	合	合卺	合卺			1		入軽	入軽＊		＊キン					54	
30-008-02	遊仙窟_醍醐寺	141	84	卺	卺	合卺	合卺			2			入軽＊	キン	＊キン					54	
30-008-02	遊仙窟_醍醐寺	142	85	横	横	横陳	横陳			1		平	平平							54	
30-008-02	遊仙窟_醍醐寺	143	85	陳	陳	横陳	横陳			2		平	平平							54	
30-008-02	遊仙窟_醍醐寺	144	86	眼	眼	雙眼	雙眼			2				カン	＊カン					55	
30-008-02	遊仙窟_醍醐寺	145	87	氣	気	氣	気			1				キ	キ					56	
30-008-02	遊仙窟_醍醐寺	146	88	韓	韓	韓壽	韓寿			1		平	平去							56	
30-008-02	遊仙窟_醍醐寺	147	88	壽	寿	韓壽	韓寿			2		去	平去							57	
30-008-02	遊仙窟_醍醐寺	148	89	娘	娘	十娘	十娘			2		平濁	＊平濁							58	
30-008-02	遊仙窟_醍醐寺	149	90	腰	腰	腰支	腰支			1		平	平＊							59	
30-008-02	遊仙窟_醍醐寺	150	91	焔	焔	焔焔	焔焔			1		去	去＊			〔欄外〕余剣反				59	
30-008-02	遊仙窟_醍醐寺	151	92	眼	眼	眼尾	眼尾			1		去濁	去濁上濁							60	
30-008-02	遊仙窟_醍醐寺	152	92	尾	尾	眼尾	眼尾			2		上濁	去濁上濁							60	
30-008-02	遊仙窟_醍醐寺	153	93	巫	巫	巫峽	巫峡			1		平濁	平濁＊							63	
30-008-02	遊仙窟_醍醐寺	154	94	靴	靴	靴履	靴履			1		平	平＊	クワ	クワ＊					64	
30-008-02	遊仙窟_醍醐寺	155	95	秋	秋	秋胡	秋胡			1		平	平平							64	
30-008-02	遊仙窟_醍醐寺	156	95	胡	胡	秋胡	秋胡			2		平	平平							64	
30-008-02	遊仙窟_醍醐寺	157	96	交	交	交甫	交甫			1		平軽	平軽上		＊ホ					65	
30-008-02	遊仙窟_醍醐寺	158	96	甫	甫	交甫	交甫			2		上	平軽上	ホ	＊ホ					65	
30-008-02	遊仙窟_醍醐寺	159	97	寓	寓	寓	寓			1						虞樹反				65	
30-008-02	遊仙窟_醍醐寺	160	98	泊	泊	旅泊	旅泊			2						侍（傍）各反				66	
30-008-02	遊仙窟_醍醐寺	161	99	木	木	木栖	木栖			1		入軽濁	入軽濁＊		＊セイ					67	
30-008-02	遊仙窟_醍醐寺	162	99	栖	栖	木栖	木栖			2			入軽濁＊	セイ	＊セイ					67	
30-008-02	遊仙窟_醍醐寺	163	100	相	相	相思	相思			1		平	平＊							68	
30-008-02	遊仙窟_醍醐寺	164	101	時	時	時時	時時			1		平	平＊							70	
30-008-02	遊仙窟_醍醐寺	165	102	無	無	無事	無事			1		平濁	平濁＊							72	
30-008-02	遊仙窟_醍醐寺	166	103	素	素	心素	心素			2				ソ	＊ソ					73	「心の素」
30-008-02	遊仙窟_醍醐寺	167	104	照	照	照知	照知			1		去	去平							73	
30-008-02	遊仙窟_醍醐寺	168	104	知	知	照知	照知			2		平	去平							73	
30-008-02	遊仙窟_醍醐寺	169	105	萬	万	萬一	万一			1		去濁	去濁＊							74	
30-008-02	遊仙窟_醍醐寺	170	106	十	十	十娘	十娘			1		入軽	入軽平							75	
30-008-02	遊仙窟_醍醐寺	171	106	娘	娘	十娘	十娘			2		平	入軽平							75	
30-008-02	遊仙窟_醍醐寺	172	107	斂	斂	斂色	斂色			1		去	去＊	レム	レム＊					75	
30-008-02	遊仙窟_醍醐寺	173	108	劇	劇	劇戲	劇戯			1		入濁	入濁＊							75	
30-008-02	遊仙窟_醍醐寺	174	109	眞	真	眞成	真成			1		平	平平							76	
30-008-02	遊仙窟_醍醐寺	175	109	成	成	眞成	真成			2		平	平平							76	
30-008-02	遊仙窟_醍醐寺	176	110	姿	姿	姿首	姿首			1		平	平上							77	
30-008-02	遊仙窟_醍醐寺	177	110	首	首	姿首	姿首			2		上	平上							77	
30-008-02	遊仙窟_醍醐寺	178	111	嚀	嚀	叮嚀	叮嚀			2		平	＊平							78	
30-008-02	遊仙窟_醍醐寺	179	112	端	端	端坐	端坐			1		平軽	平軽							79	
30-008-02	遊仙窟_醍醐寺	180	113	平	平	不平	不平			2		平	＊平							79	
30-008-02	遊仙窟_醍醐寺	181	114	那	那	那許	那許			1				タ	タキヨ					80	
30-008-02	遊仙窟_醍醐寺	182	114	許	許	那許	那許			2				キヨ	タキヨ					80	
30-008-02	遊仙窟_醍醐寺	183	115	相	相	相思	相思			1		平	平上							81	
30-008-02	遊仙窟_醍醐寺	184	115	思	思	相思	相思			2		上	平上							81	
30-008-02	遊仙窟_醍醐寺	185	116	交	交	交遊	交遊			1				カウ	カウイフ					81	別筆か
30-008-02	遊仙窟_醍醐寺	186	116	遊	遊	交遊	交遊			2				イフ	カウイフ					81	別筆か
30-008-02	遊仙窟_醍醐寺	187	117	膠	膠	膠漆	膠漆			1				カウ	カウシツ					82	
30-008-02	遊仙窟_醍醐寺	188	117	漆	漆	膠漆	膠漆			2				シツ	カウシツ					82	
30-008-02	遊仙窟_醍醐寺	189	118	面	面	面子	面子			1		去	去＊							83	
30-008-02	遊仙窟_醍醐寺	190	119	倡	倡	倡佯	倡佯			1		平	平＊	シヤウ	シヤウヤウ					87	
30-008-02	遊仙窟_醍醐寺	191	119	佯	佯	倡佯	倡佯			2			平＊	ヤウ	シヤウヤウ					87	
30-008-02	遊仙窟_醍醐寺	192	120	生	生	一生	一生			2		去	＊去							87	
30-008-02	遊仙窟_醍醐寺	193	121	負	負	負持	負持			1		去	去平							87	
30-008-02	遊仙窟_醍醐寺	194	121	持	持	負持	負持			2		平	去平							87	
30-008-02	遊仙窟_醍醐寺	195	122	怏	怏	悵怏	悵怏			2				ヤウ	＊ヤウ					89	
30-008-02	遊仙窟_醍醐寺	196	123	窮	窮	窮鬼	窮鬼			1		平軽	平軽上							90	
30-008-02	遊仙窟_醍醐寺	197	123	鬼	鬼	窮鬼	窮鬼			2		上	平軽上							90	
30-008-02	遊仙窟_醍醐寺	198	124	悚	悚	悚息	悚息			1				シヨウ	シヨウ＊					93	
30-008-02	遊仙窟_醍醐寺	199	125	袨	袨	袨服	袨服			1			＊入	クエン	クエン＊					94	
30-008-02	遊仙窟_醍醐寺	200	125	服	服	袨服	袨服			2		入	＊入		クエン＊					94	
30-008-02	遊仙窟_醍醐寺	201	126	薫	薫	薫香	薫香			1		平軽	平軽＊							95	
30-008-02	遊仙窟_醍醐寺	202	126	香	香	薫香	薫香			2			平軽＊							95	声点あるか調査のこと
30-008-02	遊仙窟_醍醐寺	203	127	錦	錦	錦障	錦障			1		上	上平軽							96	
30-008-02	遊仙窟_醍醐寺	204	127	障	障	錦障	錦障			2		平軽	上平軽	シヤウ	＊シヤウ					96	
30-008-02	遊仙窟_醍醐寺	205	128	劃	劃	劃然	劃然			1				クワク	クワク＊	〔欄外〕胡麦反				96	
30-008-02	遊仙窟_醍醐寺	206	129	娉	娉	娉婷	娉婷			1				チイ	チイテイ					99	
30-008-02	遊仙窟_醍醐寺	207	129	婷	婷	娉婷	娉婷			2				テイ	チイテイ					99	
30-008-02	遊仙窟_醍醐寺	208	130	盈	盈	輕盈	軽盈			2				エイ	＊エイ					100	
30-008-02	遊仙窟_醍醐寺	209	131	可	可	可怜	可怜			1		上	上平	カ	カレム					100	
30-008-02	遊仙窟_醍醐寺	210	131	怜	怜	可怜	可怜			2		平	上平	レム	カレム					100	
30-008-02	遊仙窟_醍醐寺	211	132	可	可	可愛	可愛			1		上	上去							100	
30-008-02	遊仙窟_醍醐寺	212	132	愛	愛	可愛	可愛			2		去	上去							100	
30-008-02	遊仙窟_醍醐寺	213	133	〓	〓（目＋兼）	〓〓	〓（目＋兼）〓（目＋舌）			1				ケム	ケムテム					101	
30-008-02	遊仙窟_醍醐寺	214	133	〓	〓（目＋舌）	〓〓	〓（目＋兼）〓（目＋舌）			2				テム	ケムテム					101	
30-008-02	遊仙窟_醍醐寺	215	134	巧	巧	巧兒	巧児			1				カウ	カウ＊					101	
30-008-02	遊仙窟_醍醐寺	216	135	畫	画	畫匠	画匠			1		去濁	去濁去	クワ	クワ＊					102	
30-008-02	遊仙窟_醍醐寺	217	135	匠	匠	畫匠	画匠			2		去	去濁去		クワ＊					102	
30-008-02	遊仙窟_醍醐寺	218	136	城	城	城	城			1				セイ	セイ					103	
30-008-02	遊仙窟_醍醐寺	219	137	帔	帔	帔子	帔子			1		去	去上	ヒ	ヒシ					103	
30-008-02	遊仙窟_醍醐寺	220	137	子	子	帔子	帔子			2		上	去上	シ	ヒシ					103	
30-008-02	遊仙窟_醍醐寺	221	138	鬱	鬱	鬱金	鬱金			1		入軽	入軽＊							103	
30-008-02	遊仙窟_醍醐寺	222	139	裙	裙	裙裾	裙裾			1				クン	クンキヨ					104	
30-008-02	遊仙窟_醍醐寺	223	139	裾	裾	裙裾	裙裾			2				キヨ	クンキヨ					104	
30-008-02	遊仙窟_醍醐寺	224	140	榴	榴	石榴	石榴			2				リウ	＊リウ					104	
30-008-02	遊仙窟_醍醐寺	225	141	瑚	瑚	珊瑚	珊瑚			2						〔欄外〕苦旱（甲？）反				104	
30-008-02	遊仙窟_醍醐寺	226	142	腸	腸	腸肚	腸肚			1		平	平＊	チヤウ	チヤウト					105	
30-008-02	遊仙窟_醍醐寺	227	142	肚	肚	腸肚	腸肚			2			平＊	ト	チヤウト					105	
30-008-02	遊仙窟_醍醐寺	228	143	猖	猖	猖狂	猖狂			1		平	平平							105	
30-008-02	遊仙窟_醍醐寺	229	143	狂	狂	猖狂	猖狂			2		平	平平							105	
30-008-02	遊仙窟_醍醐寺	230	144	踴	踴	踴躍	踴躍			1				ヨウ	ヨウヤク					106	
30-008-02	遊仙窟_醍醐寺	231	144	躍	躍	踴躍	踴躍			2				ヤク	ヨウヤク					106	
30-008-02	遊仙窟_醍醐寺	232	145	香	香	香風	香風			1				キヤウ	キヤウ＊					107	
30-008-02	遊仙窟_醍醐寺	233	146	散	散	散	散ス			1		去	去							107	
30-008-02	遊仙窟_醍醐寺	234	147	時	時	時時	時時			1		平	平＊							107	
30-008-02	遊仙窟_醍醐寺	235	148	媚	媚	媚子	媚子			1		去濁	去濁上	ヒ	ヒシ					107	
30-008-02	遊仙窟_醍醐寺	236	148	子	子	媚子	媚子			2		上	去濁上	シ	ヒシ					107	
30-008-02	遊仙窟_醍醐寺	237	149	恆	恒	恆娥	恒娥			1				コウ	コウカ					108	
30-008-02	遊仙窟_醍醐寺	238	149	娥	娥	恆娥	恒娥			2				カ	コウカ					108	
30-008-02	遊仙窟_醍醐寺	239	150	窈	窈	窈窕	窈窕			1		上	上上	エウ	エウテウ					109	
30-008-02	遊仙窟_醍醐寺	240	150	窕	窕	窈窕	窈窕			2		上	上上	テウ	エウテウ					109	
30-008-02	遊仙窟_醍醐寺	241	151	忍	忍	忍咲	忍咲			1				シン	シンセウ					109	
30-008-02	遊仙窟_醍醐寺	242	151	咲	咲	忍咲	忍咲			2				セウ	シンセウ					109	
30-008-02	遊仙窟_醍醐寺	243	152	嬫	嬫	嬫嫇	嬫嫇			1		平	平平			〔欄外〕烏耕反				109	
30-008-02	遊仙窟_醍醐寺	244	152	嫇	嫇	嬫嫇	嬫嫇			2		平	平平			〔欄外〕莫耕反				109	
30-008-02	遊仙窟_醍醐寺	245	153	逶	逶	逶迤	逶迤			1				ヰ	ヰイ					111	
30-008-02	遊仙窟_醍醐寺	246	153	迤	迤	逶迤	逶迤			2				イ	ヰイ					111	
30-008-02	遊仙窟_醍醐寺	247	154	〓	〓（女＋亜）	〓〓	〓（女＋亜）〓（女＋宅）			1		上	上＊	ア	アタ					111	
30-008-02	遊仙窟_醍醐寺	248	154	〓	〓（女＋宅）	〓〓	〓（女＋亜）〓（女＋宅）			2			上＊	タ	アタ					111	
30-008-02	遊仙窟_醍醐寺	249	155	禮	礼	禮	礼			1		上	上							112	
30-008-02	遊仙窟_醍醐寺	250	156	虚	虚	虚假	虚仮			1		平軽	平軽上							113	
30-008-02	遊仙窟_醍醐寺	251	156	假	仮	虚假	虚仮			2		上	平軽上							113	
30-008-02	遊仙窟_醍醐寺	252	157	貌	貌	玉貌	玉貌			2				ハウ	＊ハウ					115	
30-008-02	遊仙窟_醍醐寺	253	158	姓	姓	姓望	姓望			1				セイ	セイハウ					116	
30-008-02	遊仙窟_醍醐寺	254	158	望	望	姓望	姓望			2				ハウ	セイハウ					116	
30-008-02	遊仙窟_醍醐寺	255	159	蜀	蜀	蜀生	蜀生			1		入	入平軽							119	
30-008-02	遊仙窟_醍醐寺	256	159	生	生	蜀生	蜀生			2		平軽	入平軽							119	
30-008-02	遊仙窟_醍醐寺	257	160	狡	狡	狡猾	狡猾			1				ケウ	ケウクワツ					119	
30-008-02	遊仙窟_醍醐寺	258	160	猾	猾	狡猾	狡猾			2				クワツ	ケウクワツ					119	
30-008-02	遊仙窟_醍醐寺	259	161	寇	寇	寇場	寇場			1				コウ	コウチヤウ					120	
30-008-02	遊仙窟_醍醐寺	260	161	場	場	寇場	寇場			2				チヤウ	コウチヤウ					120	
30-008-02	遊仙窟_醍醐寺	261	162	煢	煢	煢魂	煢魂			1		平	平平	ケイ	ケイコン					120	
30-008-02	遊仙窟_醍醐寺	262	162	魂	魂	煢魂	煢魂			2		平	平平	コン	ケイコン					120	
30-008-02	遊仙窟_醍醐寺	263	163	嫂	嫂	嫂	嫂			1		上	上			蘇法反				121	
30-008-02	遊仙窟_醍醐寺	264	164	嫂	嫂	嫂	嫂			1		上	上	セウ	セウ					122	
30-008-02	遊仙窟_醍醐寺	265	165	歳	歳	歳年	歳年			1				セイ	セイ＊					123	
30-008-02	遊仙窟_醍醐寺	266	166	翦	翦	翦幣	翦幣			1				セン	センヘイ					124	
30-008-02	遊仙窟_醍醐寺	267	166	幣	幣	翦幣	翦幣			2				ヘイ	センヘイ					124	
30-008-02	遊仙窟_醍醐寺	268	167	上	上	上客	上客			1		去	去入							124	
30-008-02	遊仙窟_醍醐寺	269	167	客	客	上客	上客			2		入	去入							124	
30-008-02	遊仙窟_醍醐寺	270	168	屬	属	望屬	望属			2		入	＊入							125	
30-008-02	遊仙窟_醍醐寺	271	169	鄂	鄂	西鄂	西鄂			2		入濁	＊入濁	カク	＊カク					126	
30-008-02	遊仙窟_醍醐寺	272	170	葉	葉	七葉	七葉			2		入	＊入							127	
30-008-02	遊仙窟_醍醐寺	273	171	貂	貂	貂蝉	貂蝉			1				テウ	テウ＊					127	
30-008-02	遊仙窟_醍醐寺	274	172	韓	韓	韓	韓			1				カン	カン					127	
30-008-02	遊仙窟_醍醐寺	275	173	相	相	卿相	卿相			2		平	＊平							128	
30-008-02	遊仙窟_醍醐寺	276	174	鍾	鍾	鍾	鍾			1		平軽	平軽							128	
30-008-02	遊仙窟_醍醐寺	277	175	衣	衣	衣纓	衣纓			1		平	平平	イ	イエイ					128	
30-008-02	遊仙窟_醍醐寺	278	175	纓	纓	衣纓	衣纓			2		平	平平	エイ	イエイ					128	
30-008-02	遊仙窟_醍醐寺	279	176	樂	楽	禮樂	礼楽			2		入濁	＊入濁							129	
30-008-02	遊仙窟_醍醐寺	280	177	堂	堂	堂構	堂構			1		平軽	平軽去							129	
30-008-02	遊仙窟_醍醐寺	281	177	構	構	堂構	堂構			2		去	平軽去							129	
30-008-02	遊仙窟_醍醐寺	282	178	家	家	家業	家業			1		平軽	平軽入濁							129	平か
30-008-02	遊仙窟_醍醐寺	283	178	業	業	家業	家業			2		入濁	平軽入濁							129	
30-008-02	遊仙窟_醍醐寺	284	179	淪	淪	淪滑	淪滑			1		平軽	平軽上		＊シヨ					129	
30-008-02	遊仙窟_醍醐寺	285	179	滑	滑	淪滑	淪滑			2		上	平軽上	シヨ	＊シヨ					129	
30-008-02	遊仙窟_醍醐寺	286	180	青	青	青州	青州			1		平	平＊							129	
30-008-02	遊仙窟_醍醐寺	287	181	刺	刺	刺史	刺史			1		上	上上	シ	シシ					130	
30-008-02	遊仙窟_醍醐寺	288	181	史	史	刺史	刺史			2		上	上上	シ	シシ					130	
30-008-02	遊仙窟_醍醐寺	289	182	鉅	鉅	鉅鹿侯	鉅鹿侯			1		去	去入＊	キヨ	キヨ＊＊					130	
30-008-02	遊仙窟_醍醐寺	290	182	鹿	鹿	鉅鹿侯	鉅鹿侯			2		入	去入＊		キヨ＊＊					130	
30-008-02	遊仙窟_醍醐寺	291	183	下	下	下寮	下寮			1		上	上＊							131	
30-008-02	遊仙窟_醍醐寺	292	184	鵬	鵬	鵬鷃	鵬鷃			1		平	平去		＊アム					132	
30-008-02	遊仙窟_醍醐寺	293	184	鷃	鷃	鵬鷃	鵬鷃			2		去	平去	アム	＊アム					132	
30-008-02	遊仙窟_醍醐寺	294	185	駈	駈	駈使	駈使			1		平	平上	キウ	キウ＊					133	
30-008-02	遊仙窟_醍醐寺	295	185	使	使	駈使	駈使			2		上	平上		キウ＊					133	
30-008-02	遊仙窟_醍醐寺	296	186	乾	乾	乾煩	乾煩			1				チン／カン	チン＊／カン＊					133	チンに合点
30-008-02	遊仙窟_醍醐寺	297	187	傾	傾	傾仰	傾仰			1		平	平上	ケイ	ケイ＊					134	
30-008-02	遊仙窟_醍醐寺	298	187	仰	仰	傾仰	傾仰			2		上	平上		ケイ＊					134	
30-008-02	遊仙窟_醍醐寺	299	188	貢	貢	賓貢	賓貢			2		去	＊去							135	
30-008-02	遊仙窟_醍醐寺	300	189	高	高	高第	高第			1		去	去＊							136	
30-008-02	遊仙窟_醍醐寺	301	190	關	関	關内道	関内道			1		平軽	平軽＊去							137	
30-008-02	遊仙窟_醍醐寺	302	190	道	道	關内道	関内道			3		去	平軽＊去							137	
30-008-02	遊仙窟_醍醐寺	303	191	尉	尉	尉	尉			1				ヰ	ヰ					137	
30-008-02	遊仙窟_醍醐寺	304	192	軍	軍	行將軍	行将軍			3		去	＊＊去							137	
30-008-02	遊仙窟_醍醐寺	305	193	管	管	惣管	惣管			2		平軽	＊平軽							138	
30-008-02	遊仙窟_醍醐寺	306	194	報	報	報	報			1		去	去							138	声点あるか調査のこと
30-008-02	遊仙窟_醍醐寺	307	195	寧	寧	寧處	寧処			1				ネイ	ネイ＊					139	
30-008-02	遊仙窟_醍醐寺	308	196	行	行	行使	行使			1		平	平去							139	
30-008-02	遊仙窟_醍醐寺	309	196	使	使	行使	行使			2		去	平去							139	
30-008-02	遊仙窟_醍醐寺	310	197	參	参	參展	参展			1				シン	シンテム					140	
30-008-02	遊仙窟_醍醐寺	311	197	展	展	參展	参展			2				テム	シンテム					141	
30-008-02	遊仙窟_醍醐寺	312	198	料	料	料理	料理			1				トウ	トウ＊					142	
30-008-02	遊仙窟_醍醐寺	313	199	中	中	中堂	中堂			1		平軽	平軽＊							142	平か
30-008-02	遊仙窟_醍醐寺	314	200	下	下	下官	下官			1		上	上平							142	
30-008-02	遊仙窟_醍醐寺	315	200	官	官	下官	下官			2		平	上平							142	
30-008-02	遊仙窟_醍醐寺	316	201	逡	逡	逡巡	逡巡			1		平軽	平軽平							143	
30-008-02	遊仙窟_醍醐寺	317	201	巡	巡	逡巡	逡巡			2		平	平軽平							143	
30-008-02	遊仙窟_醍醐寺	318	202	謝	謝	謝	謝ス			1		上	上							143	
30-008-02	遊仙窟_醍醐寺	319	203	卑	卑	卑微	卑微			1		平	平平濁							143	
30-008-02	遊仙窟_醍醐寺	320	203	微	微	卑微	卑微			2		平濁	平平濁							143	
30-008-02	遊仙窟_醍醐寺	321	204	才	才	才	才			1		平軽	平軽							143	
30-008-02	遊仙窟_醍醐寺	322	205	賈	賈	賈誼	賈誼			1				カ	カキ					144	
30-008-02	遊仙窟_醍醐寺	323	205	誼	誼	賈誼	賈誼			2				キ	カキ					144	
30-008-02	遊仙窟_醍醐寺	324	206	貺	貺	禮貺	礼貺			2		入軽	＊入軽	ヰヤウ	＊ヰヤウ					145	
30-008-02	遊仙窟_醍醐寺	325	207	疎	疎	疎陋	疎陋			1				ソ	ソロウ					146	
30-008-02	遊仙窟_醍醐寺	326	207	陋	陋	疎陋	疎陋			2				ロウ	ソロウ					146	
30-008-02	遊仙窟_醍醐寺	327	208	詞	詞	推詞	推詞			2				シ	＊シ					147	
30-008-02	遊仙窟_醍醐寺	328	209	進	進	進退	進退			1		去	去去							147	
30-008-02	遊仙窟_醍醐寺	329	209	退	退	進退	進退			2		去	去去							147	
30-008-02	遊仙窟_醍醐寺	330	210	鳳	鳳	鳳	鳳			1		去	去							151	
30-008-02	遊仙窟_醍醐寺	331	211	滴	滴	滴瀝	滴瀝			1		入	入入							151	
30-008-02	遊仙窟_醍醐寺	332	211	瀝	瀝	滴瀝	滴瀝			2		入	入入							151	
30-008-02	遊仙窟_醍醐寺	333	212	長	長	長廊	長廊			1		平軽	平軽平							152	
30-008-02	遊仙窟_醍醐寺	334	212	廊	廊	長廊	長廊			2		平	平軽平							152	
30-008-02	遊仙窟_醍醐寺	335	213	玳	玳	玳瑁	玳瑁			1		平軽	平軽＊	タイ	タイマイ					153	
30-008-02	遊仙窟_醍醐寺	336	213	瑁	瑁	玳瑁	玳瑁			2			平軽＊	マイ	タイマイ					153	
30-008-02	遊仙窟_醍醐寺	337	214	高	高	高閣	高閣			1		平軽	平軽入							153	
30-008-02	遊仙窟_醍醐寺	338	214	閣	閣	高閣	高閣			2		入	平軽入							153	
30-008-02	遊仙窟_醍醐寺	339	215	鱗	鱗	魚鱗	魚鱗			2				リム	＊リム					154	
30-008-02	遊仙窟_醍醐寺	340	216	雁	雁	雁齒	雁歯			1				カム	カム＊					155	
30-008-02	遊仙窟_醍醐寺	341	217	穹	穹	穹崇	穹崇			1				キウ	キウシウ					155	
30-008-02	遊仙窟_醍醐寺	342	217	崇	崇	穹崇	穹崇			2				シウ	キウシウ					155	
30-008-02	遊仙窟_醍醐寺	343	218	歩	歩	歩歩	歩歩			1		去	去＊							155	
30-008-02	遊仙窟_醍醐寺	344	219	曭	曭	曭朗	曭朗			1				タウ	タウ＊					156	
30-008-02	遊仙窟_醍醐寺	345	220	看	看	看看	看看			1				カン	カン＊					156	
30-008-02	遊仙窟_醍醐寺	346	221	客	客	客主	客主			1		入	入＊							157	
30-008-02	遊仙窟_醍醐寺	347	222	尊	尊	尊卑	尊卑			1										158	声点あるか調査のこと
30-008-02	遊仙窟_醍醐寺	348	223	嫂	嫂	五嫂	五嫂			2				サウ	＊サウ					159	
30-008-02	遊仙窟_醍醐寺	349	224	語	語	語〓	語〓（歹＋舌）			1		上濁	上濁去		＊テム					162	
30-008-02	遊仙窟_醍醐寺	350	224	〓	〓（歹＋舌）	語〓	語〓（歹＋舌）			2		去	上濁去	テム	＊テム					162	
30-008-02	遊仙窟_醍醐寺	351	225	嫂	嫂	五嫂	五嫂			2				サウ	＊サウ					162	
30-008-02	遊仙窟_醍醐寺	352	226	暐	暐	暐曄	暐曄			1		上	上入軽		＊ヨク					163	
30-008-02	遊仙窟_醍醐寺	353	226	曄	曄	暐曄	暐曄			2		入軽	上入軽	ヨク	＊ヨク					163	
30-008-02	遊仙窟_醍醐寺	354	227	麝	麝	麝散	麝散			1		去濁	去濁去	シヤ	シヤ＊					163	
30-008-02	遊仙窟_醍醐寺	355	227	散	散	麝散	麝散			2		去	去濁去							163	
30-008-02	遊仙窟_醍醐寺	356	228	衫	衫	翠衫	翠衫			2		平軽	＊平軽	サム	＊サム					164	
30-008-02	遊仙窟_醍醐寺	357	229	妍	妍	妍雅	妍雅			1				ケム	ケムカ					165	
30-008-02	遊仙窟_醍醐寺	358	229	雅	雅	妍雅	妍雅			2				カ	ケムカ					165	
30-008-02	遊仙窟_醍醐寺	359	230	眞	真	眞成	真成			1		平軽	平軽平							166	
30-008-02	遊仙窟_醍醐寺	360	230	成	成	眞成	真成			2		平	平軽平							167	
30-008-02	遊仙窟_醍醐寺	361	231	物	物	物外	物外			1		入濁	入濁去濁							167	
30-008-02	遊仙窟_醍醐寺	362	231	外	外	物外	物外			2		去濁	入濁去濁							167	
30-008-02	遊仙窟_醍醐寺	363	232	斷	断	斷絶	断絶			1		去	去入軽							167	
30-008-02	遊仙窟_醍醐寺	364	232	絶	絶	斷絶	断絶			2		入軽	去入軽							167	
30-008-02	遊仙窟_醍醐寺	365	233	擧	挙	擧止	挙止			1		上	上上							168	
30-008-02	遊仙窟_醍醐寺	366	233	止	止	擧止	挙止			2		上	上上							168	
30-008-02	遊仙窟_醍醐寺	367	234	可	可	可念	可念			1				カ	カネム					168	
30-008-02	遊仙窟_醍醐寺	368	234	念	念	可念	可念			2				ネム	カネム					168	
30-008-02	遊仙窟_醍醐寺	369	235	鬢	鬢	兩鬢	両鬢			2		去濁	＊去濁							169	
30-008-02	遊仙窟_醍醐寺	370	236	雅	雅	雅妙	雅妙			1		上濁	上濁＊							171	
30-008-02	遊仙窟_醍醐寺	371	237	娃	娃	娃〓	娃〓（女＋尸に辛）			1		平	平平	ワ	ワチ					172	
30-008-02	遊仙窟_醍醐寺	372	237	〓	〓（女＋尸に辛）	娃〓	娃〓（女＋尸に辛）			2		平	平平	チ	ワチ					172	
30-008-02	遊仙窟_醍醐寺	373	238	傍	傍	傍人	傍人			1		平	平平濁							172	
30-008-02	遊仙窟_醍醐寺	374	238	人	人	傍人	傍人			2		平濁	平平濁							172	
30-008-02	遊仙窟_醍醐寺	375	239	侍	侍	侍婢	侍婢			1				シ	シヒ					172	
30-008-02	遊仙窟_醍醐寺	376	239	婢	婢	侍婢	侍婢			2				ヒ	シヒ					172	
30-008-02	遊仙窟_醍醐寺	377	240	釵	釵	釵	釵			1						〔欄外〕見絹反				174	
30-008-02	遊仙窟_醍醐寺	378	241	嫂	嫂	五嫂	五嫂			2				サウ	＊サウ					174	
30-008-02	遊仙窟_醍醐寺	379	242	僶	僶	僶俛	僶俛			1				シヨウ	シヨウヘム	〔欄外〕武尽反				176	
30-008-02	遊仙窟_醍醐寺	380	242	俛	俛	僶俛	僶俛			2				ヘム	シヨウヘム	〔欄外〕亡辨反				176	
30-008-02	遊仙窟_醍醐寺	381	243	辭	辞	辭	辞ス			1		平濁	平濁	シ	シ					176	
30-008-02	遊仙窟_醍醐寺	382	244	烏	烏	烏鵲	烏鵲			1				ヲ	ヲ＊					177	
30-008-02	遊仙窟_醍醐寺	383	245	堂	堂	堂	堂			1		平軽	平軽							178	
30-008-02	遊仙窟_醍醐寺	384	246	金	金	金銀	金銀			1		平軽	平軽入軽濁							179	
30-008-02	遊仙窟_醍醐寺	385	246	銀	銀	金銀	金銀			2		入軽濁	平軽入軽濁							179	
30-008-02	遊仙窟_醍醐寺	386	247	龍	龍	龍鬢	龍鬢			1		平	平平濁		＊ヒン					179	
30-008-02	遊仙窟_醍醐寺	387	247	鬢	鬢	龍鬢	龍鬢			2		平濁	平平濁	ヒン	＊ヒン					179	
30-008-02	遊仙窟_醍醐寺	388	248	緑	緑	緑邊	緑辺			1										180	声点あるか調査のこと
30-008-02	遊仙窟_醍醐寺	389	249	尺	尺	八尺	八尺			2		入軽	＊入軽							180	
30-008-02	遊仙窟_醍醐寺	390	250	象	象	象牙	象牙			1		平	平平濁							180	
30-008-02	遊仙窟_醍醐寺	391	250	牙	牙	象牙	象牙			2		平濁	平平濁	カ	＊カ					180	
30-008-02	遊仙窟_醍醐寺	392	251	緋	緋	緋綾	緋綾			1		平	平＊	ヒ	ヒリヨウ					180	
30-008-02	遊仙窟_醍醐寺	393	251	綾	綾	緋綾	緋綾			2			平＊	リヨウ	ヒリヨウ					180	
30-008-02	遊仙窟_醍醐寺	394	252	帖	帖	帖薦	帖薦			1		入	入去	テウ	テウセム					180	
30-008-02	遊仙窟_醍醐寺	395	252	薦	薦	帖薦	帖薦			2		去	入去	セム	テウセム					180	
30-008-02	遊仙窟_醍醐寺	396	253	褥	褥	褥	褥			1		入	入	ニク	ニク					180	
30-008-02	遊仙窟_醍醐寺	397	254	車	車	車渠	車渠			1		去	去平							180	
30-008-02	遊仙窟_醍醐寺	398	254	渠	渠	車渠	車渠			2		平	去平							180	
30-008-02	遊仙窟_醍醐寺	399	255	馬	馬	馬瑙	馬瑙			1		平軽	平軽平軽							181	
30-008-02	遊仙窟_醍醐寺	400	255	瑙	瑙	馬瑙	馬瑙			1		平軽	平軽平軽							181	
30-008-02	遊仙窟_醍醐寺	401	256	眞	真	眞珠	真珠			1		去	去上濁							181	
30-008-02	遊仙窟_醍醐寺	402	256	珠	珠	眞珠	真珠			2		上濁	去上濁							181	
30-008-02	遊仙窟_醍醐寺	403	257	榻	榻	榻子	榻子			1		入	入＊	タツ	タツシ					182	
30-008-02	遊仙窟_醍醐寺	404	257	子	子	榻子	榻子			2			入＊	シ	タツシ					182	
30-008-02	遊仙窟_醍醐寺	405	258	豹	豹	豹頭	豹頭			1				ヘウ	ヘウ＊					182	
30-008-02	遊仙窟_醍醐寺	406	259	蘭	蘭	蘭草	蘭草			1		去	去＊							182	
30-008-02	遊仙窟_醍醐寺	407	260	坏	坏	坏盞	坏盞			1		去	去平軽							184	
30-008-02	遊仙窟_醍醐寺	408	260	盞	盞	坏盞	坏盞			2		平軽	去平軽	サン	＊サン					184	
30-008-02	遊仙窟_醍醐寺	409	261	交	交	交横	交横			1		平	平平	カウ	カウワウ					184	
30-008-02	遊仙窟_醍醐寺	410	261	横	横	交横	交横			2		平	平平	ワウ	カウワウ					184	
30-008-02	遊仙窟_醍醐寺	411	262	饒	饒	饒劇	饒劇			1		平	平＊	セウ	セウケキ					186	
30-008-02	遊仙窟_醍醐寺	412	262	劇	劇	饒劇	饒劇			2			平＊	ケキ	セウケキ					186	
30-008-02	遊仙窟_醍醐寺	413	263	劇	劇	劇語	劇語			1				ケキ	ケキコ					189	
30-008-02	遊仙窟_醍醐寺	414	263	語	語	劇語	劇語			2				コ	ケキコ					189	
30-008-02	遊仙窟_醍醐寺	415	264	升	升	三升	三升			2				シヨウ	＊シヨウ					193	
30-008-02	遊仙窟_醍醐寺	416	265	江	江	江螺	江螺			1		平軽	平軽＊	カウ	カウラ					193	
30-008-02	遊仙窟_醍醐寺	417	265	螺	螺	江螺	江螺			2			平軽＊	ラ	カウラ					193	
30-008-02	遊仙窟_醍醐寺	418	266	蜯	蜯	海蜯	海蜯			2				ハウ	＊ハウ					194	
30-008-02	遊仙窟_醍醐寺	419	267	竹	竹	竹根	竹根			1		入	入平							194	
30-008-02	遊仙窟_醍醐寺	420	267	根	根	竹根	竹根			2		平	入平							194	
30-008-02	遊仙窟_醍醐寺	421	268	細	細	細眼	細眼			1		去	去＊	セイ	セイ＊					194	
30-008-02	遊仙窟_醍醐寺	422	269	蝎	蝎	蝎唇	蝎唇			1		入	入＊							194	
30-008-02	遊仙窟_醍醐寺	423	270	癭	癭	癭林	癭林			1				エイ	エイ＊					194	
30-008-02	遊仙窟_醍醐寺	424	271	飲	飲	飲器	飲器			1				イン	インキ					195	
30-008-02	遊仙窟_醍醐寺	425	271	器	器	飲器	飲器			2				キ	インキ					195	
30-008-02	遊仙窟_醍醐寺	426	272	兕	兕	兕觥	兕觥			1				シ	シクワウ					195	
30-008-02	遊仙窟_醍醐寺	427	272	觥	觥	兕觥	兕觥			2				クワウ	シクワウ	〔欄外〕古横反				195	
30-008-02	遊仙窟_醍醐寺	428	273	犀	犀	犀角	犀角			1			＊入	セイ	セイ＊					195	
30-008-02	遊仙窟_醍醐寺	429	273	角	角	犀角	犀角			2		入	＊入		セイ＊					195	
30-008-02	遊仙窟_醍醐寺	430	274	尫	尫	尫尫然	尫尫然			1				ワウ	ワウワウ＊					195	
30-008-02	遊仙窟_醍醐寺	431	274	尫	尫	尫尫然	尫尫然			2				ワウ	ワウワウ＊					195	
30-008-02	遊仙窟_醍醐寺	432	275	鵝	鵝	鵝項	鵝項			1		平濁	平濁去	カ	カケイ					196	
30-008-02	遊仙窟_醍醐寺	433	275	項	項	鵝項	鵝項			2		去	平濁去	ケイ	カケイ					196	
30-008-02	遊仙窟_醍醐寺	434	276	鴨	鴨	鴨頭	鴨頭			1		入	入＊	カツ	カツトウ					196	
30-008-02	遊仙窟_醍醐寺	435	276	頭	頭	鴨頭	鴨頭			2			入＊	トウ	カツトウ					196	
30-008-02	遊仙窟_醍醐寺	436	277	汎	汎	汎汎焉	汎汎焉			1		去	去＊＊	ハム	ハムハム＊					196	
30-008-02	遊仙窟_醍醐寺	437	277	汎	汎	汎汎焉	汎汎焉			2			去＊＊	ハム	ハムハム＊					196	
30-008-02	遊仙窟_醍醐寺	438	278	婢	婢	小婢	小婢			2		平	＊平							197	
30-008-02	遊仙窟_醍醐寺	439	279	細	細	細辛	細辛			1				セイ	セイ＊					197	
30-008-02	遊仙窟_醍醐寺	440	280	婦	婦	新婦	新婦			2		上	＊上							201	
30-008-02	遊仙窟_醍醐寺	441	281	不	不	不敢	不敢			1		上	上上		＊カン					201	
30-008-02	遊仙窟_醍醐寺	442	281	敢	敢	不敢	不敢			2		上	上上	カン	＊カン					201	
30-008-02	遊仙窟_醍醐寺	443	282	顛	顛	顛沛	顛沛			1				テン	テンハイ					203	
30-008-02	遊仙窟_醍醐寺	444	282	沛	沛	顛沛	顛沛			2				ハイ	テンハイ					203	
30-008-02	遊仙窟_醍醐寺	445	283	凡	凡	凡俗	凡俗			1			＊入	ハン	ハン＊					209	
30-008-02	遊仙窟_醍醐寺	446	283	俗	俗	凡俗	凡俗			2		入	＊入		ハン＊					209	
30-008-02	遊仙窟_醍醐寺	447	284	卓	卓	卓王	卓王			2		入	＊入							209	
30-008-02	遊仙窟_醍醐寺	448	285	濤	濤	山濤	山濤			2				タウ	＊タウ					210	
30-008-02	遊仙窟_醍醐寺	449	286	阮	阮	阮藉	阮藉			1		平濁	平濁入							210	
30-008-02	遊仙窟_醍醐寺	450	286	藉	藉	阮藉	阮藉			2		入	平濁入							210	
30-008-02	遊仙窟_醍醐寺	451	287	應	応	應	応ス			1		去	去							215	
30-008-02	遊仙窟_醍醐寺	452	288	撩	撩	撩撥	撩撥			1		平	平入軽	レウ	レウハツ					216	
30-008-02	遊仙窟_醍醐寺	453	288	撥	撥	撩撥	撩撥			2		入軽	平入軽	ハツ	レウハツ					216	
30-008-02	遊仙窟_醍醐寺	454	289	膽	胆	心膽	心胆			2		上	＊上	タム	＊タム					217	
30-008-02	遊仙窟_醍醐寺	455	290	班	班	班婕	班婕			1		平軽	平軽去							219	
30-008-02	遊仙窟_醍醐寺	456	290	婕	婕	班婕	班婕			2		去	平軽去							219	
30-008-02	遊仙窟_醍醐寺	457	291	輪	輪	輪	輪			1				リン	リン					219	
30-008-02	遊仙窟_醍醐寺	458	292	詞	詞	詞句	詞句			1		平	平去							222	
30-008-02	遊仙窟_醍醐寺	459	292	句	句	詞句	詞句			2		去	平去							222	
30-008-02	遊仙窟_醍醐寺	460	293	斷	断	斷絶	断絶			1		去	去＊							222	
30-008-02	遊仙窟_醍醐寺	461	294	嗽	嗽	患嗽	患嗽			2		入	＊入							225	
30-008-02	遊仙窟_醍醐寺	462	295	誇	誇	誇	誇ル			1						共瓜反				226	
30-008-02	遊仙窟_醍醐寺	463	296	賦	賦	賦	賦ス			1				フ	フ					230	
30-008-02	遊仙窟_醍醐寺	464	297	科	科	科罰	科罰			1		平	平入濁							231	
30-008-02	遊仙窟_醍醐寺	465	297	罰	罰	科罰	科罰			2		入濁	平入濁							231	
30-008-02	遊仙窟_醍醐寺	466	298	雎	雎	雎鳩	雎鳩			1			＊平	シヨ	シヨ＊					231	
30-008-02	遊仙窟_醍醐寺	467	298	鳩	鳩	雎鳩	雎鳩			2		平	＊平		シヨ＊					232	
30-008-02	遊仙窟_醍醐寺	468	299	窈	窈	窈窕	窈窕			1				エウ	エウテウ					232	
30-008-02	遊仙窟_醍醐寺	469	299	窕	窕	窈窕	窈窕			2				テウ	エウテウ					232	
30-008-02	遊仙窟_醍醐寺	470	300	淑	淑	淑女	淑女			1		入	入＊							232	
30-008-02	遊仙窟_醍醐寺	471	301	樛	樛	樛木	樛木			1				キウ	キウ＊					233	
30-008-02	遊仙窟_醍醐寺	472	302	復	復	復開	復開			1		入軽	入軽＊							236	
30-008-02	遊仙窟_醍醐寺	473	303	連	連	連連	連連			1		平軽	平軽＊							236	
30-008-02	遊仙窟_醍醐寺	474	304	行	行	行	行			1		平	平							237	
30-008-02	遊仙窟_醍醐寺	475	305	皦	皦	皦日	皦日			1		上	上＊	ケウ	ケウ＊					239	
30-008-02	遊仙窟_醍醐寺	476	306	俗	俗	俗諺	俗諺			1		入	入＊							240	
30-008-02	遊仙窟_醍醐寺	477	307	筝	筝	筝	筝			1				シヤウ	シヤウ					242	
30-008-02	遊仙窟_醍醐寺	478	308	客	客	客	客			1		入	入							243	
30-008-02	遊仙窟_醍醐寺	479	309	關	関	關情	関情			1		平	平＊							243	
30-008-02	遊仙窟_醍醐寺	480	310	美	美	美	美			1		上濁	上濁							248	
30-008-02	遊仙窟_醍醐寺	481	311	局	局	局	局			1		入	入	キヨク	キヨク					255	右側に「ハム」
30-008-02	遊仙窟_醍醐寺	482	312	消	消	消息	消息			1		去	去＊							264	
30-008-02	遊仙窟_醍醐寺	483	313	承	承	承望	承望			1		平	平＊							265	
30-008-02	遊仙窟_醍醐寺	484	314	局	局	局至	局至			1		入	入＊	キヨク	キヨク＊					265	右側に「ハム」
30-008-02	遊仙窟_醍醐寺	485	315	盱	盱	盱瞜	盱瞜			1				ク／カン	クロウ／カンロウ					265	
30-008-02	遊仙窟_醍醐寺	486	315	瞜	瞜	盱瞜	盱瞜			2				ロウ	クロウ／カンロウ					265	
30-008-02	遊仙窟_醍醐寺	487	316	手	手	手子	手子			1		上	上上	シユ	シユ＊					266	
30-008-02	遊仙窟_醍醐寺	488	316	子	子	手子	手子			2		上	上上		シユ＊					266	
30-008-02	遊仙窟_醍醐寺	489	317	膃	膃	膃腯	膃腯			1				ヲン	ヲントツ	烏骨反				266	
30-008-02	遊仙窟_醍醐寺	490	317	腯	腯	膃腯	膃腯			2				トツ	ヲントツ	徒骨反				266	
30-008-02	遊仙窟_醍醐寺	491	318	髓	髄	心髓	心髄			2		上濁	＊上濁							267	
30-008-02	遊仙窟_醍醐寺	492	319	局	局	局	局			1		入	入							267	
30-008-02	遊仙窟_醍醐寺	493	320	婢	婢	一婢	一婢			2				ヒ	＊ヒ					271	
30-008-02	遊仙窟_醍醐寺	494	321	姿	姿	姿首	姿首			1				シ	シシユ					271	
30-008-02	遊仙窟_醍醐寺	495	321	首	首	姿首	姿首			2				シユ	シシユ					271	
30-008-02	遊仙窟_醍醐寺	496	322	娘	娘	娘子	娘子			1				チヤウ	チヤウ＊					275	
30-008-02	遊仙窟_醍醐寺	497	323	轉	転	轉	転ス			1				テム	テム					280	
30-008-02	遊仙窟_醍醐寺	498	324	萼	萼	丹萼	丹萼			2		入濁	＊入濁	カク	＊カク					285	
30-008-02	遊仙窟_醍醐寺	499	325	貪	貪	貪生	貪生			1		平軽	平軽＊							286	
30-008-02	遊仙窟_醍醐寺	500	326	九	九	九泉	九泉			1		上	上平							292	
30-008-02	遊仙窟_醍醐寺	501	326	泉	泉	九泉	九泉			2		平	上平							292	
30-008-02	遊仙窟_醍醐寺	502	327	膽	胆	心膽	心胆			2				タム	＊タム					294	
30-008-02	遊仙窟_醍醐寺	503	328	赤	赤	赤白	赤白			1		入	入入							297	
30-008-02	遊仙窟_醍醐寺	504	328	白	白	赤白	赤白			2		入	入入							297	
30-008-02	遊仙窟_醍醐寺	505	329	原	原	川原	川原			2		平濁	＊平濁							298	
30-008-02	遊仙窟_醍醐寺	506	330	菜	菜	菓菜	菓菜			2				サイ	＊サイ					298	
30-008-02	遊仙窟_醍醐寺	507	331	醴	醴	玉醴	玉醴			2				レイ	＊レイ					299	
30-008-02	遊仙窟_醍醐寺	508	332	瓊	瓊	瓊漿	瓊漿			1			＊平軽	ケイ	ケイ＊					299	
30-008-02	遊仙窟_醍醐寺	509	332	漿	漿	瓊漿	瓊漿			2		平軽	＊平軽		ケイ＊					299	
30-008-02	遊仙窟_醍醐寺	510	333	崔	崔	崔參	崔参			1				サイ	サイサム					299	菅：雀シヤク「崔」字
30-008-02	遊仙窟_醍醐寺	511	333	參	参	崔參	崔参			2				サム	サイサム					299	菅：喿サウ、蘇到反
30-008-02	遊仙窟_醍醐寺	512	334	蝉	蝉	蝉鳴	蝉鳴			1				セイ	セイメイ					300	
30-008-02	遊仙窟_醍醐寺	513	334	鳴	鳴	蝉鳴	蝉鳴			2				メイ	セイメイ					300	
30-008-02	遊仙窟_醍醐寺	514	335	臛	臛	雉臛	雉臛			2						平者反				300	
30-008-02	遊仙窟_醍醐寺	515	336	鵝	鵝	鵝子	鵝子			1				カ	カ＊					301	
30-008-02	遊仙窟_醍醐寺	516	337	麟	麟	麟	麟			1				リン	リン					302	
30-008-02	遊仙窟_醍醐寺	517	338	豹	豹	豹	豹			1				ヘウ／ハウ菅	ヘウ／ハウ菅					302	
30-008-02	遊仙窟_醍醐寺	518	339	蒲	蒲	蒲桃	蒲桃			1				ホ	ホタフ					304	
30-008-02	遊仙窟_醍醐寺	519	339	桃	桃	蒲桃	蒲桃			2				タフ	ホタフ					304	
30-008-02	遊仙窟_醍醐寺	520	340	甘	甘	甘蔗	甘蔗			1		去	去去		＊シヤ					304	
30-008-02	遊仙窟_醍醐寺	521	340	蔗	蔗	甘蔗	甘蔗			2		去	去去	シヤ	＊シヤ					304	
30-008-02	遊仙窟_醍醐寺	522	341	糯	糯	糯棗	糯棗			1		平	平上	セン	センサウ					304	
30-008-02	遊仙窟_醍醐寺	523	341	棗	棗	糯棗	糯棗			2		上	平上	サウ	センサウ					304	
30-008-02	遊仙窟_醍醐寺	524	342	燉	燉	燉煌	燉煌			1		平	平平	トム	トムクワウ					305	
30-008-02	遊仙窟_醍醐寺	525	342	煌	煌	燉煌	燉煌			2		平	平平	クワウ	トムクワウ					305	
30-008-02	遊仙窟_醍醐寺	526	343	八	八	八子	八子			1		入	入＊							305	
30-008-02	遊仙窟_醍醐寺	527	344	谷	谷	大谷	大谷			2		入	＊入							306	
30-008-02	遊仙窟_醍醐寺	528	345	牛	牛	牛乳	牛乳			1		入濁	入濁平濁							307	
30-008-02	遊仙窟_醍醐寺	529	345	乳	乳	牛乳	牛乳			2		平濁	入濁平濁							308	
30-008-02	遊仙窟_醍醐寺	530	346	種	種	萬種	万種			2				シヨウ	＊シヨウ					308	
30-008-02	遊仙窟_醍醐寺	531	347	厚	厚	厚重	厚重			1		去	去去							311	
30-008-02	遊仙窟_醍醐寺	532	347	重	重	厚重	厚重			2		去	去去							311	
30-008-02	遊仙窟_醍醐寺	533	348	命	命	恩命	恩命			2		去	＊去							313	
30-008-02	遊仙窟_醍醐寺	534	349	辭	辞	辭遜	辞遜			1			＊去	シ	シソン					313	
30-008-02	遊仙窟_醍醐寺	535	349	遜	遜	辭遜	辞遜			2		去	＊去	ソン	シソン					313	
30-008-02	遊仙窟_醍醐寺	536	350	刀	刀	刀子	刀子			1		平	平＊	タウ	タウシ					327	
30-008-02	遊仙窟_醍醐寺	537	350	子	子	刀子	刀子			2			平＊	シ	タウシ					327	
30-008-02	遊仙窟_醍醐寺	538	351	休	休	休却	休却			1		平	平＊							334	
30-008-02	遊仙窟_醍醐寺	539	352	徑	径	道徑	道径			2				ケイ	＊ケイ					335	
30-008-02	遊仙窟_醍醐寺	540	353	心	心	心肚	心肚			1		平	平上							344	
30-008-02	遊仙窟_醍醐寺	541	353	肚	肚	心肚	心肚			2		上	平上							344	
30-008-02	遊仙窟_醍醐寺	542	354	無	無	無端	無端			1		平	平平							344	
30-008-02	遊仙窟_醍醐寺	543	354	端	端	無端	無端			2		平	平平							344	
30-008-02	遊仙窟_醍醐寺	544	355	形	形	形勢	形勢			1		平	平去濁							345	
30-008-02	遊仙窟_醍醐寺	545	355	勢	勢	形勢	形勢			2		去濁	平去濁							345	
30-008-02	遊仙窟_醍醐寺	546	356	樂	楽	樂	楽			1							音岳			348	
30-008-02	遊仙窟_醍醐寺	547	357	簫	簫	簫管	簫管			1		平軽	平軽＊							348	
30-008-02	遊仙窟_醍醐寺	548	358	蘇	蘇	蘇合	蘇合			1				ソ	ソ＊					349	
30-008-02	遊仙窟_醍醐寺	549	359	俯	俯	俯	俯ス			1				フ	フ					350	
30-008-02	遊仙窟_醍醐寺	550	360	音	音	清音	清音			2		平	＊平							351	
30-008-02	遊仙窟_醍醐寺	551	361	叫	叫	叫咷	叫咷			1		去	去＊	ケウ	ケウテウ					351	
30-008-02	遊仙窟_醍醐寺	552	361	咷	咷	叫咷	叫咷			2			去＊	テウ	ケウテウ					351	
30-008-02	遊仙窟_醍醐寺	553	362	鏗	鏗	鏗鏘	鏗鏘			1		平	平平	カウ	カウシヤウ					352	音へんに作る
30-008-02	遊仙窟_醍醐寺	554	362	鏘	鏘	鏗鏘	鏗鏘			2		平	平平	シヤウ	カウシヤウ					352	
30-008-02	遊仙窟_醍醐寺	555	363	韓	韓	韓娥	韓娥			1		平	平平濁		＊カ					353	
30-008-02	遊仙窟_醍醐寺	556	363	娥	娥	韓娥	韓娥			2		平濁	平平濁	カ	＊カ					353	ノか、調査のこと
30-008-02	遊仙窟_醍醐寺	557	364	逶	逶	逶迤	逶迤			1		平軽	平軽平	ヰ	ヰイ					356	
30-008-02	遊仙窟_醍醐寺	558	364	迤	迤	逶迤	逶迤			2		平	平軽平	イ	ヰイ					356	
30-008-02	遊仙窟_醍醐寺	559	365	婀	婀	婀娜	婀娜			1		上	上＊							356	
30-008-02	遊仙窟_醍醐寺	560	366	虫	虫	虫蛆	虫蛆			1				チウ	チウシヨ					356	
30-008-02	遊仙窟_醍醐寺	561	366	蛆	蛆	虫蛆	虫蛆			2				シヨ	チウシヨ					356	
30-008-02	遊仙窟_醍醐寺	562	367	蠶	蚕	蠶賊	蚕賊			1				サム	サムソク					357	
30-008-02	遊仙窟_醍醐寺	563	367	賊	賊	蠶賊	蚕賊			2				ソク	サムソク					357	
30-008-02	遊仙窟_醍醐寺	564	368	蔡	蔡	下蔡	下蔡			2				セイ	＊セイ					357	
30-008-02	遊仙窟_醍醐寺	565	369	蟠	蟠	蟠龍	蟠竜			1				ハム	ハム＊					359	
30-008-02	遊仙窟_醍醐寺	566	370	低	低	低昂	低昂			1				テイ	テイカウ					359	
30-008-02	遊仙窟_醍醐寺	567	370	昂	昂	低昂	低昂			2				カウ	テイカウ					359	
30-008-02	遊仙窟_醍醐寺	568	371	弱	弱	弱柳	弱柳			1		入濁	入濁上							360	
30-008-02	遊仙窟_醍醐寺	569	371	柳	柳	弱柳	弱柳			2		上	入濁上							360	
30-008-02	遊仙窟_醍醐寺	570	372	〓	〓（女＋音）	〓姑	〓（女＋音）姑			1		平	平平	アム	アムコ					360	
30-008-02	遊仙窟_醍醐寺	571	372	姑	姑	〓姑	〓（女＋音）姑			2		平	平平	コ	アムコ					361	
30-008-02	遊仙窟_醍醐寺	572	373	鑿	鑿	造鑿	造鑿			2		入軽	＊入軽	サク	＊サク					361	
30-008-02	遊仙窟_醍醐寺	573	374	熠	熠	熠燿	熠燿			1				イウ	イウエウ					361	
30-008-02	遊仙窟_醍醐寺	574	374	燿	燿	熠燿	熠燿			2				エウ	イウエウ					361	
30-008-02	遊仙窟_醍醐寺	575	375	紛	紛	紛披	紛披			1				フン	フンヒ					362	
30-008-02	遊仙窟_醍醐寺	576	375	披	披	紛披	紛披			2				ヒ	フンヒ					362	
30-008-02	遊仙窟_醍醐寺	577	376	洛	洛	洛川	洛川			1		入	入平							364	
30-008-02	遊仙窟_醍醐寺	578	376	川	川	洛川	洛川			2		平	入平							364	
30-008-02	遊仙窟_醍醐寺	579	377	霹	霹	霹靂	霹靂			1		入	入入	ヘキ	ヘキレキ					367	
30-008-02	遊仙窟_醍醐寺	580	377	靂	靂	霹靂	霹靂			2		入	入入	レキ	ヘキレキ					367	
30-008-02	遊仙窟_醍醐寺	581	378	咥	咥	咥咥然	咥咥然			1				キム	キム＊＊	虚記反徒結反				368	
30-008-02	遊仙窟_醍醐寺	582	379	桂	桂	桂心	桂心			1		去	去＊							374	
30-008-02	遊仙窟_醍醐寺	583	380	嫂	嫂	嫂妍	嫂妍			1		平	平平	ヘム／セウ	ヘムケン／セウケン					378	正しくは〓（女＋便）か
30-008-02	遊仙窟_醍醐寺	584	380	妍	妍	嫂妍	嫂妍			2		平	平平	ケン	ヘムケン／セウケン					378	
30-008-02	遊仙窟_醍醐寺	585	381	譏	譏	譏警	譏警			1				キ	キケイ					387	
30-008-02	遊仙窟_醍醐寺	586	381	警	警	譏警	譏警			2				ケイ	キケイ					387	
30-008-02	遊仙窟_醍醐寺	587	382	點	点	點	点ス			1				テム	テム					389	
30-008-02	遊仙窟_醍醐寺	588	383	聯	聯	聯翩	聯翩			1				レム	レム＊					395	
30-008-02	遊仙窟_醍醐寺	589	384	可	可	可可	可可			1		上	上＊							396	
30-008-02	遊仙窟_醍醐寺	590	385	急	急	急	急ナリ			1		入	入							398	
30-008-02	遊仙窟_醍醐寺	591	386	不	不	不平	不平			1		上	上平							399	
30-008-02	遊仙窟_醍醐寺	592	386	平	平	不平	不平			2		平	上平							399	
30-008-02	遊仙窟_醍醐寺	593	387	發	発	發	発ス			1		入軽	入軽							400	
30-008-02	遊仙窟_醍醐寺	594	388	翕	翕	翕然	翕然			1		入	入平軽濁	キフ	キフ＊					401	
30-008-02	遊仙窟_醍醐寺	595	388	然	然	翕然	翕然			2		平軽濁	入平軽濁		キフ＊					401	
30-008-02	遊仙窟_醍醐寺	596	389	詞	詞	詞句	詞句			1				シ	シ＊					402	
30-008-02	遊仙窟_醍醐寺	597	390	魴	魴	華魴	華魴			2				ハウ	＊ハウ					407	
30-008-02	遊仙窟_醍醐寺	598	391	蓊	蓊	蓊茸	蓊茸			1				ヲウ	ヲウ＊					407	声点あるか調査のこと
30-008-02	遊仙窟_醍醐寺	599	392	大	大	大竹	大竹			1		去	去＊							408	
30-008-02	遊仙窟_醍醐寺	600	393	謂	謂	謂南	謂南			1		平	平平							409	
30-008-02	遊仙窟_醍醐寺	601	393	南	南	謂南	謂南			2		平	平平							409	
30-008-02	遊仙窟_醍醐寺	602	394	畝	畝	千畝	千畝			2				ホ	＊ホ					409	
30-008-02	遊仙窟_醍醐寺	603	395	赫	赫	赫赫	赫赫			1		入	入＊							410	
30-008-02	遊仙窟_醍醐寺	604	396	薫	薫	薫澤	薫沢			1		平軽	平軽入軽							411	
30-008-02	遊仙窟_醍醐寺	605	396	澤	沢	薫澤	薫沢			2		入軽	平軽入軽							411	
30-008-02	遊仙窟_醍醐寺	606	397	丹	丹	丹	丹			1				タム	タム					412	
30-008-02	遊仙窟_醍醐寺	607	398	自	自	自在	自在			1		平	平＊							414	
30-008-02	遊仙窟_醍醐寺	608	399	遊	遊	遊言	遊言			1		平軽	平軽平濁							415	
30-008-02	遊仙窟_醍醐寺	609	399	言	言	遊言	遊言			2		平濁	平軽平濁							415	
30-008-02	遊仙窟_醍醐寺	610	400	苑	苑	少苑	少苑			2		上	＊上							417	
30-008-02	遊仙窟_醍醐寺	611	401	三	三	三春	三春			1		平軽	平軽＊							417	
30-008-02	遊仙窟_醍醐寺	612	402	樹	樹	杏樹	杏樹			2		去	＊去							419	
30-008-02	遊仙窟_醍醐寺	613	403	梅	梅	梅溪	梅渓			1		平濁	平濁平							419	
30-008-02	遊仙窟_醍醐寺	614	403	溪	渓	梅溪	梅渓			2		平	平濁平							420	
30-008-02	遊仙窟_醍醐寺	615	404	菓	菓	菓	菓			1		平	平							429	
30-008-02	遊仙窟_醍醐寺	616	405	蜂	蜂	蜂子	蜂子			1				ホウ	ホウシ					430	
30-008-02	遊仙窟_醍醐寺	617	405	子	子	蜂子	蜂子			2				シ	ホウシ					430	
30-008-02	遊仙窟_醍醐寺	618	406	器	器	才器	才器			2				キ	＊キ					436	
30-008-02	遊仙窟_醍醐寺	619	407	曹	曹	曹殖	曹殖			1		平	平入軽		＊シヨク					436	
30-008-02	遊仙窟_醍醐寺	620	407	殖	殖	曹殖	曹殖			2		入軽	平入軽	シヨク	＊シヨク					436	
30-008-02	遊仙窟_醍醐寺	621	408	子	子	子南	子南			1		上	上平							436	
30-008-02	遊仙窟_醍醐寺	622	408	南	南	子南	子南			2		平	上平							436	
30-008-02	遊仙窟_醍醐寺	623	409	配	配	相配	相配			2		去	＊去							437	
30-008-02	遊仙窟_醍醐寺	624	410	麥	麦	麥隴	麦隴			1		入軽濁	入軽濁平							438	
30-008-02	遊仙窟_醍醐寺	625	410	隴	隴	麥隴	麦隴			2		平	入軽濁平							438	
30-008-02	遊仙窟_醍醐寺	626	411	醜	醜	半醜	半醜			2				クワイ／シウ菅	＊クワイ／シウ菅					441	
30-008-02	遊仙窟_醍醐寺	627	412	謔	謔	調謔	調謔			2		入軽	＊入軽	キヤク	＊キヤク					448	
30-008-02	遊仙窟_醍醐寺	628	413	曛	曛	曛黄	曛黄			1			＊平軽	クム	クム＊					448	
30-008-02	遊仙窟_醍醐寺	629	413	黄	黄	曛黄	曛黄			2		平軽	＊平軽		クム＊					448	
30-008-02	遊仙窟_醍醐寺	630	414	安	安	安置	安置			1		平	平去							449	
30-008-02	遊仙窟_醍醐寺	631	414	置	置	安置	安置			2		去	平去							449	
30-008-02	遊仙窟_醍醐寺	632	415	畫	画	畫障	画障			1		平濁	平濁上		＊シヤウ					451	
30-008-02	遊仙窟_醍醐寺	633	415	障	障	畫障	画障			2		上	平濁上	シヤウ	＊シヤウ					451	
30-008-02	遊仙窟_醍醐寺	634	416	檳	檳	檳榔	檳榔			1		平	平＊	ヒン	ヒンラウ					452	
30-008-02	遊仙窟_醍醐寺	635	416	榔	榔	檳榔	檳榔			2			平＊	ラウ	ヒンラウ					453	
30-008-02	遊仙窟_醍醐寺	636	417	荳	荳	荳蔲子	荳蔲子			1		去濁	去濁去＊		＊コウシ					453	
30-008-02	遊仙窟_醍醐寺	637	417	蔲	蔲	荳蔲子	荳蔲子			2		去	去濁去＊	コウ	＊コウシ					453	
30-008-02	遊仙窟_醍醐寺	638	417	子	子	荳蔲子	荳蔲子			3			去濁去＊	シ	＊コウシ					453	
30-008-02	遊仙窟_醍醐寺	639	418	枕	枕	安枕	安枕			2				シム	＊シム					453	
30-008-02	遊仙窟_醍醐寺	640	419	綵	綵	亂綵	乱綵			2				サイ	＊サイ					454	
30-008-02	遊仙窟_醍醐寺	641	420	縱	縦	縱横	縦横			1				シヨウ	シヨウクワウ					454	
30-008-02	遊仙窟_醍醐寺	642	420	横	横	縱横	縦横			2				クワウ	シヨウクワウ					454	
30-008-02	遊仙窟_醍醐寺	643	421	台	台	鏡台	鏡台			2				タイ	＊タイ					455	
30-008-02	遊仙窟_醍醐寺	644	422	虺	虺	銀虺	銀虺			2				クヰ	＊クヰ					455	
30-008-02	遊仙窟_醍醐寺	645	423	蛩	蛩	蛩駏	蛩駏			1				カウ	カウキヨ					456	
30-008-02	遊仙窟_醍醐寺	646	423	駏	駏	蛩駏	蛩駏			2				キヨ	カウキヨ					456	
30-008-02	遊仙窟_醍醐寺	647	424	妭	妭	妭媱	妭媱			1		平	平平							457	
30-008-02	遊仙窟_醍醐寺	648	424	媱	媱	妭媱	妭媱			2		平	平平							457	
30-008-02	遊仙窟_醍醐寺	649	425	乳	乳	乳	乳			1				シウ	シウ					458	
30-008-02	遊仙窟_醍醐寺	650	426	和	和	和香	和香			1		去	去＊							459	
30-008-02	遊仙窟_醍醐寺	651	427	研	研	研華	研華			1				ケム	ケム＊					459	
30-008-02	遊仙窟_醍醐寺	652	428	急	急	急	急			1				キフ	キフ					469	
30-008-02	遊仙窟_醍醐寺	653	429	子	子	手子	手子			2		上	＊上							471	
30-008-02	遊仙窟_醍醐寺	654	430	腰	腰	腰支	腰支			1		平	平＊							480	
30-008-02	遊仙窟_醍醐寺	655	431	鬱	鬱	鬱郁	鬱郁			1		入	入入							484	
30-008-02	遊仙窟_醍醐寺	656	431	郁	郁	鬱郁	鬱郁			2		入	入入							484	
30-008-02	遊仙窟_醍醐寺	657	432	穿	穿	薫穿	薫穿			2				セン	＊セン					484	
30-008-02	遊仙窟_醍醐寺	658	433	諮	諮	諮請	諮請			1		去	去上	シ	シ＊					488	
30-008-02	遊仙窟_醍醐寺	659	433	請	請	諮請	諮請			2		上	去上							488	
30-008-02	遊仙窟_醍醐寺	660	434	怜	怜	怜愍	怜愍			1				レム	レムハム					495	
30-008-02	遊仙窟_醍醐寺	661	434	愍	愍	怜愍	怜愍			2				ハム	レムハム					495	
30-008-02	遊仙窟_醍醐寺	662	435	穩	穏	安穩	安穏			2				イム	＊イム					500	
30-008-02	遊仙窟_醍醐寺	663	436	急	急	急	急			1		入	入							501	
30-008-02	遊仙窟_醍醐寺	664	437	蝋	蝋	蝋燭	蝋燭			1				ラウ	ラウ＊					501	
30-008-02	遊仙窟_醍醐寺	665	438	芍	芍	芍藥	芍薬			1			＊入軽	シヤク	シヤクヤク					502	声点あるか調査のこと
30-008-02	遊仙窟_醍醐寺	666	438	藥	薬	芍藥	芍薬			2		入軽	＊入軽	ヤク	シヤクヤク					502	
30-008-02	遊仙窟_醍醐寺	667	439	靴	靴	靴	靴			1		平	平	クワ	クワ					503	
30-008-02	遊仙窟_醍醐寺	668	440	袍	袍	袍衣	袍衣			1		平	平平							503	
30-008-02	遊仙窟_醍醐寺	669	440	衣	衣	袍衣	袍衣			2		平	平平							503	
30-008-02	遊仙窟_醍醐寺	670	441	掛	掛	掛	掛										音怪			503	欄外の注だが内容不審
30-008-02	遊仙窟_醍醐寺	671	442	拍	拍	拍搦	拍搦			1		入	入入		＊テキ／＊シヤク					507	
30-008-02	遊仙窟_醍醐寺	672	442	搦	搦	拍搦	拍搦			2		入	入入	テキ／シヤク	＊テキ／＊シヤク					507	
30-008-02	遊仙窟_醍醐寺	673	443	妳	妳	妳房	妳房			1				シム	シムハウ					507	
30-008-02	遊仙窟_醍醐寺	674	443	房	房	妳房	妳房			2				ハウ	シムハウ					507	
30-008-02	遊仙窟_醍醐寺	675	444	摩	摩	摩娑	摩娑			1				ハ	ハサ					507	
30-008-02	遊仙窟_醍醐寺	676	444	娑	娑	摩娑	摩娑			2				サ	ハサ					507	
30-008-02	遊仙窟_醍醐寺	677	445	髀	髀	髀子	髀子			1		去	去上							507	
30-008-02	遊仙窟_醍醐寺	678	445	子	子	髀子	髀子			2		上	去上							507	
30-008-02	遊仙窟_醍醐寺	679	446	痠	痠	痠〓	痠〓（やまいだれに帯）			1		平	平去	シユム	シユムテイ	素官反				508	
30-008-02	遊仙窟_醍醐寺	680	446	〓	〓（やまいだれに帯）	痠〓	痠〓（やまいだれに帯）			2		去	平去	テイ	シユムテイ	素思反				508	
30-008-02	遊仙窟_醍醐寺	681	447	結	結	結繚	結繚			1		入	入上		＊レム					509	
30-008-02	遊仙窟_醍醐寺	682	447	繚	繚	結繚	結繚			2		上	入上	レム	＊レム	〔欄外〕力少反				509	
30-008-02	遊仙窟_醍醐寺	683	448	俄	俄	俄項	俄項			1		上濁	上濁上							510	
30-008-02	遊仙窟_醍醐寺	684	448	項	項	俄項	俄項			2		上	上濁上							510	
30-008-02	遊仙窟_醍醐寺	685	449	病	病	病鵲	病鵲			1		去	去入濁							511	
30-008-02	遊仙窟_醍醐寺	686	449	鵲	鵲	病鵲	病鵲			2		入濁	去入濁							511	
30-008-02	遊仙窟_醍醐寺	687	450	薄	薄	薄媚	薄媚			1		入	入去							511	
30-008-02	遊仙窟_醍醐寺	688	450	媚	媚	薄媚	薄媚			2		去	入去							511	
30-008-02	遊仙窟_醍醐寺	689	451	狂	狂	狂鷄	狂鶏			1		平	平＊							511	
30-008-02	遊仙窟_醍醐寺	690	452	泣	泣	泣涙	泣涙			1		入軽	入軽平							512	
30-008-02	遊仙窟_醍醐寺	691	452	涙	涙	泣涙	泣涙			2		平	入軽平							512	
30-008-02	遊仙窟_醍醐寺	692	453	骨	骨	骨髓	骨髄			1		入	入上濁							515	
30-008-02	遊仙窟_醍醐寺	693	453	髓	髄	骨髓	骨髄			2		上濁	入上濁							515	
30-008-02	遊仙窟_醍醐寺	694	454	邂	邂	邂逅	邂逅			1		去	去去							516	
30-008-02	遊仙窟_醍醐寺	695	454	逅	逅	邂逅	邂逅			2		去	去去							516	
30-008-02	遊仙窟_醍醐寺	696	455	娯	娯	歡娯	歓娯			2				コ	＊コ					516	
30-008-02	遊仙窟_醍醐寺	697	456	聚	聚	聚散	聚散			1		去	去去	ソウ	ソウサン					516	
30-008-02	遊仙窟_醍醐寺	698	456	散	散	聚散	聚散			2		去	去去	サン	ソウサン					517	
30-008-02	遊仙窟_醍醐寺	699	457	哽	哽	哽咽	哽咽			1		去	去平	カウ	カウエム					521	
30-008-02	遊仙窟_醍醐寺	700	457	咽	咽	哽咽	哽咽			2		平	去平	エム	カウエム					521	
30-008-02	遊仙窟_醍醐寺	701	458	人	人	數人	数人			2		平濁	＊平濁							522	
30-008-02	遊仙窟_醍醐寺	702	459	歔	歔	歔欷	歔欷			1				ケウ	ケウキヨ					522	
30-008-02	遊仙窟_醍醐寺	703	459	欷	欷	歔欷	歔欷			2				キヨ	ケウキヨ					522	
30-008-02	遊仙窟_醍醐寺	704	460	割	割	割捨	割捨			1				カツ	カツ＊					524	
30-008-02	遊仙窟_醍醐寺	705	461	孤	孤	孤鸞	孤鸞			1				コ	コラン					526	
30-008-02	遊仙窟_醍醐寺	706	461	鸞	鸞	孤鸞	孤鸞			2				ラン	コラン					526	
30-008-02	遊仙窟_醍醐寺	707	462	醉	酔	醉	酔			1		平	平							530	
30-008-02	遊仙窟_醍醐寺	708	463	瓊	瓊	瓊英	瓊英			1				ケイ	ケイエイ					534	
30-008-02	遊仙窟_醍醐寺	709	463	英	英	瓊英	瓊英			2				エイ	ケイエイ					534	
30-008-02	遊仙窟_醍醐寺	710	464	雍	雍	羊雍	羊雍			2				ヰヨウ	＊ヰヨウ					535	
30-008-02	遊仙窟_醍醐寺	711	465	應	応	應	応ス			1		去	去							536	
30-008-02	遊仙窟_醍醐寺	712	466	錦	錦	鳳錦	鳳錦			2				キン	＊キン					536	別筆
30-008-02	遊仙窟_醍醐寺	713	467	杼	杼	機杼	機杼			2				チヨ	＊チヨ					537	
30-008-02	遊仙窟_醍醐寺	714	468	懼	懼	懼然	懼然			1				ク	ク＊					538	
30-008-02	遊仙窟_醍醐寺	715	469	曲	曲	曲琴	曲琴			1		入	入＊							538	
30-008-02	遊仙窟_醍醐寺	716	470	念	念	記念	記念			2		去	＊去							539	
30-008-02	遊仙窟_醍醐寺	717	471	椰	椰	椰子	椰子			1		上	上上	ヤ	ヤ＊					540	
30-008-02	遊仙窟_醍醐寺	718	471	子	子	椰子	椰子			2		上	上上		ヤ＊					540	
30-008-02	遊仙窟_醍醐寺	719	472	報	報	報	報ス			1		去	去							541	
30-008-02	遊仙窟_醍醐寺	720	473	履	履	雙履	雙履			2				シ／リ	＊シ／＊リ					541	
30-008-02	遊仙窟_醍醐寺	721	474	燕	燕	燕	燕			1				エム	エム					542	
30-008-02	遊仙窟_醍醐寺	722	475	屬	属	相屬	相属			2		入	＊入							542	
30-008-02	遊仙窟_醍醐寺	723	476	銅	銅	青銅	青銅			2		平	＊平							543	
30-008-02	遊仙窟_醍醐寺	724	477	人	人	仙人	仙人			2		平濁	＊平濁							544	
30-008-02	遊仙窟_醍醐寺	725	478	局	局	負局	負局			2		入軽	＊入軽	キヨク	＊キヨク					544	
30-008-02	遊仙窟_醍醐寺	726	479	散	散	散	散ス			1		去	去							545	
30-008-02	遊仙窟_醍醐寺	727	480	膽	胆	膽	胆			1				タム	タム					547	
30-008-02	遊仙窟_醍醐寺	728	481	合	合	合歡	合歓			1		入	入＊	カウ	カウ＊					547	
30-008-02	遊仙窟_醍醐寺	729	482	璧	璧	璧水	璧水			1				ヘキ	ヘキ＊					548	
30-008-02	遊仙窟_醍醐寺	730	483	諷	諷	諷諷	諷諷			1		入軽	入軽							548	颯颯か
30-008-02	遊仙窟_醍醐寺	731	484	益	益	益州	益州			1				エキ	エキ＊					551	
30-008-02	遊仙窟_醍醐寺	732	485	幅	幅	八幅	八幅			2		入	＊入							553	
30-008-02	遊仙窟_醍醐寺	733	486	滑	滑	滑州	滑州			1		入	入＊	クワツ	クワツ＊					556	
30-008-02	遊仙窟_醍醐寺	734	487	人	人	數人	数人			2		平濁	＊平濁							556	
30-008-02	遊仙窟_醍醐寺	735	488	悠	悠	悠悠	悠悠			1		平軽	平軽＊							567	
30-008-02	遊仙窟_醍醐寺	736	489	迢	迢	迢迢	迢迢			1				テウ	テウ＊					567	
30-008-02	遊仙窟_醍醐寺	737	490	角	角	地角	地角			2		入	＊入							569	
30-008-02	遊仙窟_醍醐寺	738	491	翅	翅	翅羽	翅羽			1				シ	シ＊					570	
30-008-02	遊仙窟_醍醐寺	739	492	惻	惻	惻愴	惻愴			1				シキ	シキサウ					574	
30-008-02	遊仙窟_醍醐寺	740	492	愴	愴	惻愴	惻愴			2				サウ	シキサウ					574	
30-008-02	遊仙窟_醍醐寺	741	493	煢	煢	煢煢	煢煢			1		去	去＊	ケイ	ケイ＊					575	
30-008-02	遊仙窟_醍醐寺	742	494	愴	愴	愴恨	愴恨			1				サウ	サウコム					575	
30-008-02	遊仙窟_醍醐寺	743	494	恨	恨	愴恨	愴恨			2				コム	サウコム					575	
30-008-02	遊仙窟_醍醐寺	744	495	啼	啼	啼猿	啼猿			1		平	平平							575	
30-008-02	遊仙窟_醍醐寺	745	495	猿	猿	啼猿	啼猿			2		平	平平							576	
30-008-02	遊仙窟_醍醐寺	746	496	悽	悽	悽傷	悽傷			1				セイ	セイシヤウ					576	
30-008-02	遊仙窟_醍醐寺	747	496	傷	傷	悽傷	悽傷			2				シヤウ	セイシヤウ					576	
30-008-02	遊仙窟_醍醐寺	748	497	對	対	對	対			1		去	去							578	
30-008-02	遊仙窟_醍醐寺	749	498	坐	坐	端坐	端坐			2		平軽	＊平軽							580	