資料番号	資料名	資料内漢字番号	資料内漢語番号	単字_見出し	単字_出現形	漢語_見出し	漢語_出現形	漢語_alphabet	語種	漢語内位置	単字長	声点	声点型	仮名注	仮名型	反切	類音	節博士	その他	出現位置	備考	SAT所在
30-039-01	金沢文庫本九方便	1	1	一	一	一切	一切			1								e5		092L2：060		T2713_.84.0831b08
30-039-01	金沢文庫本九方便	2	1	切	切	一切	一切			2								e5		092L2：060		T2713_.84.0831b08
30-039-01	金沢文庫本九方便	3	2	恭	恭	恭敬	恭敬			1								e1_		092L2：060		T2713_.84.0831b08
30-039-01	金沢文庫本九方便	4	2	敬	敬	恭敬	恭敬			2								"fr5, 〔別〕ffr1_"		092L2：060		T2713_.84.0831b08
30-039-01	金沢文庫本九方便	5	3	敬	敬	敬禮	敬礼			1								r4		092L2：060		T2713_.84.0831b08
30-039-01	金沢文庫本九方便	6	3	禮	礼	敬禮	敬礼			2								e5		092L2：060		T2713_.84.0831b08
30-039-01	金沢文庫本九方便	7	4	常	常	常住	常住			1								e3		092L2：060		T2713_.84.0831b08
30-039-01	金沢文庫本九方便	8	4	住	住	常住	常住			2								rr4		092L2：060		T2713_.84.0831b08
30-039-01	金沢文庫本九方便	9	5	三	三	三寳	三寳			1			＊上濁					f1_		092L2：060		T2713_.84.0831b08
30-039-01	金沢文庫本九方便	10	5	寳	寳	三寳	三寳			2		上濁	＊上濁					e5		092L2：060		T2713_.84.0831b08
30-039-01	金沢文庫本九方便	11	6	曩	曩	曩莫三滿多	曩莫三満多			1			＊＊＊＊平濁					e1_		092L3：061	音写字	T2713_.84.0831b09
30-039-01	金沢文庫本九方便	12	6	莫	莫	曩莫三滿多	曩莫三満多			2			＊＊＊＊平濁					e1_		092L3：061	音写字	T2713_.84.0831b09
30-039-01	金沢文庫本九方便	13	6	三	三	曩莫三滿多	曩莫三満多			3			＊＊＊＊平濁					f1_		092L3：061	音写字	T2713_.84.0831b09
30-039-01	金沢文庫本九方便	14	6	滿	満	曩莫三滿多	曩莫三満多			4			＊＊＊＊平濁					e5		092L3：061	音写字	T2713_.84.0831b09
30-039-01	金沢文庫本九方便	15	6	多	多	曩莫三滿多	曩莫三満多			5		平濁	＊＊＊＊平濁					e5		092L3：061	音写字	T2713_.84.0831b09
30-039-01	金沢文庫本九方便	16	7	勃	勃	勃駄南	勃駄南			1		上濁	上濁平濁＊					e1_		092L3：061	音写字	T2713_.84.0831b09
30-039-01	金沢文庫本九方便	17	7	駄	駄	勃駄南	勃駄南			2		平濁	上濁平濁＊					f1_		092L3：061	音写字	T2713_.84.0831b09
30-039-01	金沢文庫本九方便	18	8	阿	阿	阿三迷怛哩三迷	阿三迷怛哩三迷			1								e1_		092L3：061	音写字	T2713_.84.0831b10
30-039-01	金沢文庫本九方便	19	8	三	三	阿三迷怛哩三迷	阿三迷怛哩三迷			2								f1_		092L3：061	音写字	T2713_.84.0831b10
30-039-01	金沢文庫本九方便	20	8	迷	迷	阿三迷怛哩三迷	阿三迷怛哩三迷			3								e5		092L3：061	音写字	T2713_.84.0831b10
30-039-01	金沢文庫本九方便	21	8	怛	怛	阿三迷怛哩三迷	阿三迷怛哩三迷			4								e1_		092L3：061	音写字	T2713_.84.0831b10
30-039-01	金沢文庫本九方便	22	8	哩	哩	阿三迷怛哩三迷	阿三迷怛哩三迷			5								e1_		092L4：062	音写字	T2713_.84.0831b10
30-039-01	金沢文庫本九方便	23	8	三	三	阿三迷怛哩三迷	阿三迷怛哩三迷			6								f1_		092L4：062	音写字	T2713_.84.0831b10
30-039-01	金沢文庫本九方便	24	8	迷	迷	阿三迷怛哩三迷	阿三迷怛哩三迷			7								e5		092L4：062	音写字	T2713_.84.0831b10
30-039-01	金沢文庫本九方便	25	9	三	三	三摩曳娑縛賀	三摩曳娑縛賀			1								e5		092L4：062	音写字	T2713_.84.0831b11
30-039-01	金沢文庫本九方便	26	9	摩	摩	三摩曳娑縛賀	三摩曳娑縛賀			2								e1_		092L4：062	音写字	T2713_.84.0831b11
30-039-01	金沢文庫本九方便	27	9	曳	曳	三摩曳娑縛賀	三摩曳娑縛賀			3								e1_		092L4：062	音写字	T2713_.84.0831b11
30-039-01	金沢文庫本九方便	28	9	娑	娑	三摩曳娑縛賀	三摩曳娑縛賀			4								f1_		092L4：062	音写字	T2713_.84.0831b11
30-039-01	金沢文庫本九方便	29	9	縛	縛	三摩曳娑縛賀	三摩曳娑縛賀			5								e5		092L4：062	音写字	T2713_.84.0831b11
30-039-01	金沢文庫本九方便	30	9	賀	賀	三摩曳娑縛賀	三摩曳娑縛賀			6								e5		092L4：062	音写字	T2713_.84.0831b11
30-039-01	金沢文庫本九方便	31	10	曩	曩	曩莫三_多勃駄_	曩莫三_多勃駄_			1			＊＊＊＊平濁上濁平濁＊					e1_		092L5：063	音写字	T2713_.84.0831b12
30-039-01	金沢文庫本九方便	32	10	莫	莫	曩莫三_多勃駄_	曩莫三_多勃駄_			2			＊＊＊＊平濁上濁平濁＊					e1_		092L5：063	音写字	T2713_.84.0831b12
30-039-01	金沢文庫本九方便	33	10	三	三	曩莫三_多勃駄_	曩莫三_多勃駄_			3			＊＊＊＊平濁上濁平濁＊					f1_		092L5：063	音写字	T2713_.84.0831b12
30-039-01	金沢文庫本九方便	34	10	_	_	曩莫三_多勃駄_	曩莫三_多勃駄_			4			＊＊＊＊平濁上濁平濁＊					e5		092L5：063	音写字	T2713_.84.0831b12
30-039-01	金沢文庫本九方便	35	10	多	多	曩莫三_多勃駄_	曩莫三_多勃駄_			5		平濁	＊＊＊＊平濁上濁平濁＊					e5		092L5：063	音写字	T2713_.84.0831b12
30-039-01	金沢文庫本九方便	36	10	勃	勃	曩莫三_多勃駄_	曩莫三_多勃駄_			6		上濁	＊＊＊＊平濁上濁平濁＊					e1_		092L5：063	音写字	T2713_.84.0831b12
30-039-01	金沢文庫本九方便	37	10	駄	駄	曩莫三_多勃駄_	曩莫三_多勃駄_			7		平濁	＊＊＊＊平濁上濁平濁＊					f1_		092L5：063	音写字	T2713_.84.0831b12
30-039-01	金沢文庫本九方便	38	11	達	達	達摩駄睹薩縛婆縛句含	達摩駄睹薩縛婆縛句含			1			＊＊上濁平濁＊＊＊平濁＊＊					r5		092L5：063	音写字	T2713_.84.0831c01
30-039-01	金沢文庫本九方便	39	11	摩	摩	達摩駄睹薩縛婆縛句含	達摩駄睹薩縛婆縛句含			2			＊＊上濁平濁＊＊＊平濁＊＊					e1_		092L5：063	音写字	T2713_.84.0831c01
30-039-01	金沢文庫本九方便	40	11	駄	駄	達摩駄睹薩縛婆縛句含	達摩駄睹薩縛婆縛句含			3		上濁	＊＊上濁平濁＊＊＊平濁＊＊					fr1_		092L5：063	音写字	T2713_.84.0831c01
30-039-01	金沢文庫本九方便	41	11	睹	睹	達摩駄睹薩縛婆縛句含	達摩駄睹薩縛婆縛句含			4		平濁	＊＊上濁平濁＊＊＊平濁＊＊					f1_		092L6：064	音写字	T2713_.84.0831c01
30-039-01	金沢文庫本九方便	42	11	薩	薩	達摩駄睹薩縛婆縛句含	達摩駄睹薩縛婆縛句含			5			＊＊上濁平濁＊＊＊平濁＊＊					e1_		092L6：064	音写字	T2713_.84.0831c01
30-039-01	金沢文庫本九方便	43	11	縛	縛	達摩駄睹薩縛婆縛句含	達摩駄睹薩縛婆縛句含			6			＊＊上濁平濁＊＊＊平濁＊＊					e1_		092L6：064	音写字	T2713_.84.0831c01
30-039-01	金沢文庫本九方便	44	11	婆	婆	達摩駄睹薩縛婆縛句含	達摩駄睹薩縛婆縛句含			7			＊＊上濁平濁＊＊＊平濁＊＊					f1_		092L6：064	音写字	T2713_.84.0831c01
30-039-01	金沢文庫本九方便	45	11	縛	縛	達摩駄睹薩縛婆縛句含	達摩駄睹薩縛婆縛句含			8		平濁	＊＊上濁平濁＊＊＊平濁＊＊					e5		092L6：064	音写字	T2713_.84.0831c01
30-039-01	金沢文庫本九方便	46	11	句	句	達摩駄睹薩縛婆縛句含	達摩駄睹薩縛婆縛句含			9			＊＊上濁平濁＊＊＊平濁＊＊					e1_		092L6：064	音写字	T2713_.84.0831c01
30-039-01	金沢文庫本九方便	47	11	含	含	達摩駄睹薩縛婆縛句含	達摩駄睹薩縛婆縛句含			10			＊＊上濁平濁＊＊＊平濁＊＊					f1_		092L6：064	音写字	T2713_.84.0831c01
30-039-01	金沢文庫本九方便	48	12	歸	帰	歸命	帰命			1			＊去濁					e5		092L7：065		T2713_.84.0831c02
30-039-01	金沢文庫本九方便	49	12	命	命	歸命	帰命			2		去濁	＊去濁					r5		092L7：065		T2713_.84.0831c02
30-039-01	金沢文庫本九方便	50	13	十	十	十方	十方			1								ff1_		092L7：065		T2713_.84.0831c02
30-039-01	金沢文庫本九方便	51	13	方	方	十方	十方			2								ff5		092L7：065		T2713_.84.0831c02
30-039-01	金沢文庫本九方便	52	14	正	正	正等覺	正等覺			1								f5		092L7：065		T2713_.84.0831c02
30-039-01	金沢文庫本九方便	53	14	等	等	正等覺	正等覺			2								r'5		092L7：065		T2713_.84.0831c02
30-039-01	金沢文庫本九方便	54	14	覺	覺	正等覺	正等覺			3								e5		092L7：065		T2713_.84.0831c02
30-039-01	金沢文庫本九方便	55	15	三	三	三世	三世			1								f5		092L7：065		T2713_.84.0831c03
30-039-01	金沢文庫本九方便	56	15	世	世	三世	三世			2								r'5		092L7：065		T2713_.84.0831c03
30-039-01	金沢文庫本九方便	57	16	一	一	一切	一切			1								e'1_		092L7：065		T2713_.84.0831c03
30-039-01	金沢文庫本九方便	58	16	切	切	一切	一切			2								ffr1_		092L7：065		T2713_.84.0831c03
30-039-01	金沢文庫本九方便	59	17	具	具	具三身	具三身			1								rr5		092L7：065		T2713_.84.0831c03
30-039-01	金沢文庫本九方便	60	17	三	三	具三身	具三身			2								fff1_		092L7：065		T2713_.84.0831c03
30-039-01	金沢文庫本九方便	61	17	身	身	具三身	具三身			3								r4		092L7：065		T2713_.84.0831c03
30-039-01	金沢文庫本九方便	62	18	歸	帰	歸命	帰命			1			＊去濁					e1_		092L8：066		T2713_.84.0831c04
30-039-01	金沢文庫本九方便	63	18	命	命	歸命	帰命			2		去濁	＊去濁					e'1_		092L8：066		T2713_.84.0831c04
30-039-01	金沢文庫本九方便	64	19	一	一	一切	一切			1								"f1_, 〔別〕e'1_"		092L8：066		T2713_.84.0831c04
30-039-01	金沢文庫本九方便	65	19	切	切	一切	一切			2								ffr1_		092L8：066		T2713_.84.0831c04
30-039-01	金沢文庫本九方便	66	20	大	大	大乘法	大乗法			1								r'5		092L8：066		T2713_.84.0831c04
30-039-01	金沢文庫本九方便	67	20	乘	乗	大乘法	大乗法			2								ff1_		092L8：066		T2713_.84.0831c04
30-039-01	金沢文庫本九方便	68	20	法	法	大乘法	大乗法			3								e5		092L8：066		T2713_.84.0831c04
30-039-01	金沢文庫本九方便	69	21	歸	帰	歸命	帰命			1			＊去濁					e5		092L8：066		T2713_.84.0831c05
30-039-01	金沢文庫本九方便	70	21	命	命	歸命	帰命			2		去濁	＊去濁					r'5		092L8：066		T2713_.84.0831c05
30-039-01	金沢文庫本九方便	71	22	不	不	不退	不退			1								ffr1_		092L8：066		T2713_.84.0831c05
30-039-01	金沢文庫本九方便	72	22	退	退	不退	不退			2								ff5		092L8：066		T2713_.84.0831c05
30-039-01	金沢文庫本九方便	73	23	菩	菩	菩提衆	菩提衆			1								ff5		092L8：066		T2713_.84.0831c05
30-039-01	金沢文庫本九方便	74	23	提	提	菩提衆	菩提衆			2								e3		092L8：066		T2713_.84.0831c05
30-039-01	金沢文庫本九方便	75	23	衆	衆	菩提衆	菩提衆			3								"r4, 〔別〕r4"		092L8：066	左節博士に「徴」「羽」	T2713_.84.0831c05
30-039-01	金沢文庫本九方便	76	24	歸	帰	歸命	帰命			1			＊去濁					e1_		093U1：067		T2713_.84.0831c06
30-039-01	金沢文庫本九方便	77	24	命	命	歸命	帰命			2		去濁	＊去濁					e'1_		093U1：067		T2713_.84.0831c06
30-039-01	金沢文庫本九方便	78	25	諸	諸	諸明	諸明			1			＊平濁					f1_		093U1：067		T2713_.84.0831c06
30-039-01	金沢文庫本九方便	79	25	明	明	諸明	諸明			2		平濁	＊平濁					e5		093U1：067		T2713_.84.0831c06
30-039-01	金沢文庫本九方便	80	26	眞	真	眞實言	真實言			1								f1_		093U1：067		T2713_.84.0831c06
30-039-01	金沢文庫本九方便	81	26	實	實	眞實言	真實言			2								e'1_		093U1：067		T2713_.84.0831c06
30-039-01	金沢文庫本九方便	82	26	言	言	眞實言	真實言			3								ffr1_		093U1：067		T2713_.84.0831c06
30-039-01	金沢文庫本九方便	83	27	歸	帰	歸命	帰命			1			＊去濁					e5		093U1：067		T2713_.84.0831c07
30-039-01	金沢文庫本九方便	84	27	命	命	歸命	帰命			2		去濁	＊去濁					r'5		093U1：067		T2713_.84.0831c07
30-039-01	金沢文庫本九方便	85	28	一	一	一切	一切			1								e'1_		093U1：067		T2713_.84.0831c07
30-039-01	金沢文庫本九方便	86	28	切	切	一切	一切			2								ffr1_		093U1：067		T2713_.84.0831c07
30-039-01	金沢文庫本九方便	87	29	諸	諸	諸密印	諸密印			1			＊入濁＊					f1_		093U1：067		T2713_.84.0831c07
30-039-01	金沢文庫本九方便	88	29	密	密	諸密印	諸密印			2		入濁	＊入濁＊					e'1_		093U1：067		T2713_.84.0831c07
30-039-01	金沢文庫本九方便	89	29	印	印	諸密印	諸密印			3								ffr1_		093U1：067		T2713_.84.0831c07
30-039-01	金沢文庫本九方便	90	30	以	以	以身	以身			1								rr5		093U2：068		T2713_.84.0831c08
30-039-01	金沢文庫本九方便	91	30	身	身	以身	以身			2								ff1_		093U2：068		T2713_.84.0831c08
30-039-01	金沢文庫本九方便	92	31	口	口	口意	口意			1								e'1_		093U2：068		T2713_.84.0831c08
30-039-01	金沢文庫本九方便	93	31	意	意	口意	口意			2								ffr1_		093U2：068		T2713_.84.0831c08
30-039-01	金沢文庫本九方便	94	32	清	清	清淨業	清浄業			1			＊＊入濁					f1_		093U2：068		T2713_.84.0831c08
30-039-01	金沢文庫本九方便	95	32	淨	浄	清淨業	清浄業			2			＊＊入濁					fr5		093U2：068		T2713_.84.0831c08
30-039-01	金沢文庫本九方便	96	32	業	業	清淨業	清浄業			3		入濁	＊＊入濁					e5		093U2：068		T2713_.84.0831c08
30-039-01	金沢文庫本九方便	97	33	慇	慇	慇懃	慇懃			1			＊平濁					f1_		093U2：068		T2713_.84.0831c09
30-039-01	金沢文庫本九方便	98	33	懃	懃	慇懃	慇懃			2		平濁	＊平濁					ff1_		093U2：068		T2713_.84.0831c09
30-039-01	金沢文庫本九方便	99	34	無	無	無量	無量			1		平濁	平濁＊					r4		093U2：068		T2713_.84.0831c09
30-039-01	金沢文庫本九方便	100	34	量	量	無量	無量			2			平濁＊					e5		093U2：068		T2713_.84.0831c09
30-039-01	金沢文庫本九方便	101	35	恭	恭	恭敬禮	恭敬礼			1								f1_		093U2：068		T2713_.84.0831c09
30-039-01	金沢文庫本九方便	102	35	敬	敬	恭敬禮	恭敬礼			2								fr5		093U2：068		T2713_.84.0831c09
30-039-01	金沢文庫本九方便	103	35	禮	礼	恭敬禮	恭敬礼			3								e5		093U2：068		T2713_.84.0831c09
30-039-01	金沢文庫本九方便	104	36	歸	帰	歸命	帰命			1			＊去濁					e1_		093U3：069		T2713_.84.0831c10
30-039-01	金沢文庫本九方便	105	36	命	命	歸命	帰命			2		去濁	＊去濁					e1_		093U3：069		T2713_.84.0831c10
30-039-01	金沢文庫本九方便	106	37	頂	頂	頂禮	頂礼			1								ffr1_		093U3：069		T2713_.84.0831c10
30-039-01	金沢文庫本九方便	107	37	禮	礼	頂禮	頂礼			2								e5		093U3：069		T2713_.84.0831c10
30-039-01	金沢文庫本九方便	108	38	大	大	大悲	大悲			1								r5		093U3：069		T2713_.84.0831c10
30-039-01	金沢文庫本九方便	109	39	我	我	我由	我由			1		上濁	上濁＊					e1_		093U4：070		T2713_.84.0831c11
30-039-01	金沢文庫本九方便	110	39	由	由	我由	我由			2			上濁＊					e'1_		093U4：070		T2713_.84.0831c11
30-039-01	金沢文庫本九方便	111	40	無	無	無明	無明			1		平濁	平濁平濁					ffr1_		093U4：070		T2713_.84.0831c11
30-039-01	金沢文庫本九方便	112	40	明	明	無明	無明			2		平濁	平濁平濁					e5		093U4：070		T2713_.84.0831c11
30-039-01	金沢文庫本九方便	113	41	所	所	所積集	所積集			1								f1_		093U4：070		T2713_.84.0831c11
30-039-01	金沢文庫本九方便	114	41	積	積	所積集	所積集			2								e'1_		093U4：070		T2713_.84.0831c11
30-039-01	金沢文庫本九方便	115	41	集	集	所積集	所積集			3								ffr1_		093U4：070		T2713_.84.0831c11
30-039-01	金沢文庫本九方便	116	42	身	身	身口意業	身口意業			1			＊＊＊入濁					f1_		093U4：070		T2713_.84.0832a01
30-039-01	金沢文庫本九方便	117	42	口	口	身口意業	身口意業			2			＊＊＊入濁					e'1_		093U4：070		T2713_.84.0832a01
30-039-01	金沢文庫本九方便	118	42	意	意	身口意業	身口意業			3			＊＊＊入濁					ffr1_		093U4：070		T2713_.84.0832a01
30-039-01	金沢文庫本九方便	119	42	業	業	身口意業	身口意業			4		入濁	＊＊＊入濁					e5		093U4：070		T2713_.84.0832a01
30-039-01	金沢文庫本九方便	120	43	造	造	造衆罪	造衆罪			1								r'5		093U4：070		T2713_.84.0832a01
30-039-01	金沢文庫本九方便	121	43	衆	衆	造衆罪	造衆罪			2								fff1_		093U4：070		T2713_.84.0832a01
30-039-01	金沢文庫本九方便	122	43	罪	罪	造衆罪	造衆罪			3								r4		093U4：070		T2713_.84.0832a01
30-039-01	金沢文庫本九方便	123	44	貪	貪	貪慾	貪慾			1								f5		093U5：071		T2713_.84.0832a02
30-039-01	金沢文庫本九方便	124	44	慾	慾	貪慾	貪慾			2								r5		093U5：071		T2713_.84.0832a02
30-039-01	金沢文庫本九方便	125	45	恚	恚	恚癡	恚癡			1								ffr1_		093U5：071		T2713_.84.0832a02
30-039-01	金沢文庫本九方便	126	45	癡	癡	恚癡	恚癡			2								ff5		093U5：071		T2713_.84.0832a02
30-039-01	金沢文庫本九方便	127	46	覆	覆	覆心故	覆心故			1								r'5		093U5：071		T2713_.84.0832a02
30-039-01	金沢文庫本九方便	128	46	心	心	覆心故	覆心故			2								fff1_		093U5：071		T2713_.84.0832a02
30-039-01	金沢文庫本九方便	129	46	故	故	覆心故	覆心故			3								r4		093U5：071		T2713_.84.0832a02
30-039-01	金沢文庫本九方便	130	47	於	於	於佛	於佛			1								f5		093U5：071		T2713_.84.0832a03
30-039-01	金沢文庫本九方便	131	47	佛	佛	於佛	於佛			2								f4		093U5：071		T2713_.84.0832a03
30-039-01	金沢文庫本九方便	132	48	正	正	正法	正法			1								r4		093U5：071		T2713_.84.0832a03
30-039-01	金沢文庫本九方便	133	48	法	法	正法	正法			2								e5		093U5：071		T2713_.84.0832a03
30-039-01	金沢文庫本九方便	134	49	賢	賢	賢聖僧	賢聖僧			1								f5		093U5：071		T2713_.84.0832a03
30-039-01	金沢文庫本九方便	135	49	聖	聖	賢聖僧	賢聖僧			2								r'5		093U5：071		T2713_.84.0832a03
30-039-01	金沢文庫本九方便	136	49	僧	僧	賢聖僧	賢聖僧			3								f1_		093U5：071		T2713_.84.0832a03
30-039-01	金沢文庫本九方便	137	50	父	父	父母	父母			1			＊上濁					e1_		093U6：072		T2713_.84.0832a04
30-039-01	金沢文庫本九方便	138	50	母	母	父母	父母			2		上濁	＊上濁					e'1_		093U6：072		T2713_.84.0832a04
30-039-01	金沢文庫本九方便	139	51	二	二	二師	二師			1		去濁	去濁＊					r1_		093U6：072		T2713_.84.0832a04
30-039-01	金沢文庫本九方便	140	51	師	師	二師	二師			2			去濁＊					ff1_		093U6：072		T2713_.84.0832a04
30-039-01	金沢文庫本九方便	141	52	善	善	善知識	善知識			1								r'5		093U6：072		T2713_.84.0832a04
30-039-01	金沢文庫本九方便	142	52	知	知	善知識	善知識			2								f1_		093U6：072		T2713_.84.0832a04
30-039-01	金沢文庫本九方便	143	52	識	識	善知識	善知識			3								e5		093U6：072		T2713_.84.0832a04
30-039-01	金沢文庫本九方便	144	53	及	及	及以	及以			1								f5		093U6：072		T2713_.84.0832a05
30-039-01	金沢文庫本九方便	145	53	以	以	及以	及以			2								e5		093U6：072		T2713_.84.0832a05
30-039-01	金沢文庫本九方便	146	54	無	無	無量	無量			1		平濁	平濁＊					fr5		093U6：072		T2713_.84.0832a05
30-039-01	金沢文庫本九方便	147	54	量	量	無量	無量			2			平濁＊					e5		093U6：072		T2713_.84.0832a05
30-039-01	金沢文庫本九方便	148	55	衆	衆	衆生所	衆生所			1								f1_		093U6：072		T2713_.84.0832a05
30-039-01	金沢文庫本九方便	149	55	生	生	衆生所	衆生所			2								f1_		093U6：072		T2713_.84.0832a05
30-039-01	金沢文庫本九方便	150	55	所	所	衆生所	衆生所			3								fr5		093U6：072		T2713_.84.0832a05
30-039-01	金沢文庫本九方便	151	56	無	無	無始	無始			1		平濁	平濁＊					e1_		093U7：073		T2713_.84.0832a06
30-039-01	金沢文庫本九方便	152	56	始	始	無始	無始			2			平濁＊					r1_		093U7：073		T2713_.84.0832a06
30-039-01	金沢文庫本九方便	153	57	生	生	生死	生死			1								f1_		093U7：073		T2713_.84.0832a06
30-039-01	金沢文庫本九方便	154	57	死	死	生死	生死			2								f5		093U7：073		T2713_.84.0832a06
30-039-01	金沢文庫本九方便	155	58	流	流	流轉中	流轉中			1								f5		093U7：073		T2713_.84.0832a06
30-039-01	金沢文庫本九方便	156	58	轉	轉	流轉中	流轉中			2								r'5		093U7：073		T2713_.84.0832a06
30-039-01	金沢文庫本九方便	157	58	中	中	流轉中	流轉中			3								f1_		093U7：073		T2713_.84.0832a06
30-039-01	金沢文庫本九方便	158	59	具	具	具造	具造			1								fr5		093U7：073		T2713_.84.0832a07
30-039-01	金沢文庫本九方便	159	59	造	造	具造	具造			2								e5		093U7：073		T2713_.84.0832a07
30-039-01	金沢文庫本九方便	160	60	極	極	極重	極重			1								e'1_		093U7：073		T2713_.84.0832a07
30-039-01	金沢文庫本九方便	161	60	重	重	極重	極重			2								ff1_		093U7：073		T2713_.84.0832a07
30-039-01	金沢文庫本九方便	162	61	無	無	無盡罪	無盡罪			1		平濁	平濁＊＊					f5		093U7：073		T2713_.84.0832a07
30-039-01	金沢文庫本九方便	163	61	盡	盡	無盡罪	無盡罪			2			平濁＊＊					r'5		093U7：073		T2713_.84.0832a07
30-039-01	金沢文庫本九方便	164	61	罪	罪	無盡罪	無盡罪			3			平濁＊＊					e5		093U7：073		T2713_.84.0832a07
30-039-01	金沢文庫本九方便	165	62	親	親	親對	親對			1			＊去濁					e5		093L1：074		T2713_.84.0832a08
30-039-01	金沢文庫本九方便	166	62	對	對	親對	親對			2		去濁	＊去濁					r'5		093L1：074		T2713_.84.0832a08
30-039-01	金沢文庫本九方便	167	63	十	十	十方	十方			1								ff1_		093L1：074		T2713_.84.0832a08
30-039-01	金沢文庫本九方便	168	63	方	方	十方	十方			2								ff5		093L1：074		T2713_.84.0832a08
30-039-01	金沢文庫本九方便	169	64	現	現	現在佛	現在佛			1								f5		093L1：074		T2713_.84.0832a08
30-039-01	金沢文庫本九方便	170	64	在	在	現在佛	現在佛			2								rr5		093L1：074		T2713_.84.0832a08
30-039-01	金沢文庫本九方便	171	64	佛	佛	現在佛	現在佛			3								e5		093L1：074		T2713_.84.0832a08
30-039-01	金沢文庫本九方便	172	65	悉	悉	悉皆	悉皆			1								e5		093L1：074		T2713_.84.0832a09
30-039-01	金沢文庫本九方便	173	65	皆	皆	悉皆	悉皆			2								r1_		093L1：074		T2713_.84.0832a09
30-039-01	金沢文庫本九方便	174	66	懺	懺	懺悔	懺悔			1								frr1_		093L1：074		T2713_.84.0832a09
30-039-01	金沢文庫本九方便	175	66	悔	悔	懺悔	懺悔			2								ff1_		093L1：074		T2713_.84.0832a09
30-039-01	金沢文庫本九方便	176	67	不	不	不復作	不復作			1								rr5		093L1：074		T2713_.84.0832a09
30-039-01	金沢文庫本九方便	177	67	復	復	不復作	不復作			2								ff1_		093L1：074		T2713_.84.0832a09
30-039-01	金沢文庫本九方便	178	67	作	作	不復作	不復作			3								e5		093L1：074		T2713_.84.0832a09
30-039-01	金沢文庫本九方便	179	68	曩	曩	曩莫	曩莫			1			＊上濁					e3		093L3：076	音写字	T2713_.84.0832a10
30-039-01	金沢文庫本九方便	180	68	莫	莫	曩莫	曩莫			2		上濁	＊上濁					rr'4		093L3：076	音写字	T2713_.84.0832a10
30-039-01	金沢文庫本九方便	181	69	十	十	十方	十方			1								ff1_		093L3：076		T2713_.84.0832a10
30-039-01	金沢文庫本九方便	182	69	方	方	十方	十方			2								ff5		093L3：076		T2713_.84.0832a10
30-039-01	金沢文庫本九方便	183	70	三	三	三世佛	三世佛			1								f5		093L3：076		T2713_.84.0832a10
30-039-01	金沢文庫本九方便	184	70	世	世	三世佛	三世佛			2								r'5		093L3：076		T2713_.84.0832a10
30-039-01	金沢文庫本九方便	185	70	佛	佛	三世佛	三世佛			3								e5		093L3：076		T2713_.84.0832a10
30-039-01	金沢文庫本九方便	186	71	三	三	三種	三種			1								f5		093L3：076		T2713_.84.0832a11
30-039-01	金沢文庫本九方便	187	71	種	種	三種	三種			2								r'5		093L3：076		T2713_.84.0832a11
30-039-01	金沢文庫本九方便	188	72	常	常	常身	常身			1								ffr1_		093L3：076		T2713_.84.0832a11
30-039-01	金沢文庫本九方便	189	72	身	身	常身	常身			2								ff5		093L3：076		T2713_.84.0832a11
30-039-01	金沢文庫本九方便	190	73	正	正	正法藏	正法蔵			1								r5		093L3：076		T2713_.84.0832a11
30-039-01	金沢文庫本九方便	191	73	法	法	正法藏	正法蔵			2								e'1_		093L3：076		T2713_.84.0832a11
30-039-01	金沢文庫本九方便	192	73	藏	蔵	正法藏	正法蔵			3								ffr1_		093L3：076		T2713_.84.0832a11
30-039-01	金沢文庫本九方便	193	74	願	願	勝願	●（勝）願			5								r5		093L4：077		T2713_.84.0832a12
30-039-01	金沢文庫本九方便	194	75	菩	菩	菩提	菩提			1								ffr1_		093L4：077		T2713_.84.0832a12
30-039-01	金沢文庫本九方便	195	75	提	提	菩提	菩提			2								ff5		093L4：077		T2713_.84.0832a12
30-039-01	金沢文庫本九方便	196	76	大	大	大心衆	大心衆			1								r'5		093L4：077		T2713_.84.0832a12
30-039-01	金沢文庫本九方便	197	76	心	心	大心衆	大心衆			2								fff1_		093L4：077		T2713_.84.0832a12
30-039-01	金沢文庫本九方便	198	76	衆	衆	大心衆	大心衆			3								r4		093L4：077		T2713_.84.0832a12
30-039-01	金沢文庫本九方便	199	77	我	我	我今	我今			1		上濁	上濁＊					e1_		093L4：077		T2713_.84.0832b01
30-039-01	金沢文庫本九方便	200	77	今	今	我今	我今			2			上濁＊					_ff5		093L4：077		T2713_.84.0832b01
30-039-01	金沢文庫本九方便	201	78	皆	皆	皆悉	皆悉			1								e4		093L4：077		T2713_.84.0832b01
30-039-01	金沢文庫本九方便	202	78	悉	悉	皆悉	皆悉			2								e5		093L4：077		T2713_.84.0832b01
30-039-01	金沢文庫本九方便	203	79	正	正	正歸依	正歸依			1								r'5		093L4：077		T2713_.84.0832b01
30-039-01	金沢文庫本九方便	204	79	歸	歸	正歸依	正歸依			2								f1		093L4：077		T2713_.84.0832b01
30-039-01	金沢文庫本九方便	205	80	我	我	我淨	我浄			1								e1_		093L6：079		T2713_.84.0832b02
30-039-01	金沢文庫本九方便	206	80	淨	浄	我淨	我浄			2								e'1_		093L6：079		T2713_.84.0832b02
30-039-01	金沢文庫本九方便	207	81	此	此	此身	此身			1								ffr1_		093L6：079		T2713_.84.0832b02
30-039-01	金沢文庫本九方便	208	81	身	身	此身	此身			2								ff5		093L6：079		T2713_.84.0832b02
30-039-01	金沢文庫本九方便	209	82	離	離	離諸垢	離諸垢			1								r5		093L6：079		T2713_.84.0832b02
30-039-01	金沢文庫本九方便	210	82	諸	諸	離諸垢	離諸垢			2								f1_		093L6：079		T2713_.84.0832b02
30-039-01	金沢文庫本九方便	211	82	垢	垢	離諸垢	離諸垢			3								fr5		093L6：079		T2713_.84.0832b02
30-039-01	金沢文庫本九方便	212	83	及	及	及與	及与			1								f5		093L6：079		T2713_.84.0832b03
30-039-01	金沢文庫本九方便	213	83	與	与	及與	及与			2								e5		093L6：079		T2713_.84.0832b03
30-039-01	金沢文庫本九方便	214	84	三	三	三世	三世			1								f1_		093L6：079		T2713_.84.0832b03
30-039-01	金沢文庫本九方便	215	84	世	世	三世	三世			2								fr5		093L6：079		T2713_.84.0832b03
30-039-01	金沢文庫本九方便	216	85	身	身	身口意	身口意			1								f1_		093L6：079		T2713_.84.0832b03
30-039-01	金沢文庫本九方便	217	85	口	口	身口意	身口意			2								e'1_		093L6：079		T2713_.84.0832b03
30-039-01	金沢文庫本九方便	218	85	意	意	身口意	身口意			3								ffr1_		093L6：079		T2713_.84.0832b03
30-039-01	金沢文庫本九方便	219	86	過	過	過於	過於			1								fr5		093L7：080		T2713_.84.0832b04
30-039-01	金沢文庫本九方便	220	86	於	於	過於	過於			2								ff5		093L7：080		T2713_.84.0832b04
30-039-01	金沢文庫本九方便	221	87	大	大	大海	大海			1								r4		093L7：080		T2713_.84.0832b04
30-039-01	金沢文庫本九方便	222	87	海	海	大海	大海			2								e5		093L7：080		T2713_.84.0832b04
30-039-01	金沢文庫本九方便	223	88	刹	刹	刹塵數	刹塵數			1					＊＊ス			e'1_		093L7：080		T2713_.84.0832b04
30-039-01	金沢文庫本九方便	224	88	塵	塵	刹塵數	刹塵數			2					＊＊ス			fr'1_		093L7：080		T2713_.84.0832b04
30-039-01	金沢文庫本九方便	225	88	數	數	刹塵數	刹塵數			3				ス	＊＊ス			f1_		093L7：080		T2713_.84.0832b04
30-039-01	金沢文庫本九方便	226	89	奉	奉	奉獻	奉献			1								e1_		093L7：080		T2713_.84.0832b05
30-039-01	金沢文庫本九方便	227	89	獻	献	奉獻	奉献			2								e'1_		093L7：080		T2713_.84.0832b05
30-039-01	金沢文庫本九方便	228	90	一	一	一切	一切			1								e'1_		093L7：080		T2713_.84.0832b05
30-039-01	金沢文庫本九方便	229	90	切	切	一切	一切			2								ffr1_		093L7：080		T2713_.84.0832b05
30-039-01	金沢文庫本九方便	230	91	諸	諸	諸如來	諸如来			1								"f1_, 〔別〕ff1_"		093L7：080		T2713_.84.0832b05
30-039-01	金沢文庫本九方便	231	91	如	如	諸如來	諸如来			2								"e5, 〔別〕e4"		093L7：080		T2713_.84.0832b05
30-039-01	金沢文庫本九方便	232	91	來	来	諸如來	諸如来			3								"e5, 〔別〕'r4"		093L7：080		T2713_.84.0832b05
30-039-01	金沢文庫本九方便	233	92	淨	浄	淨菩提心	浄菩提心			1								e1_		094U1：082		T2713_.84.0832b06
30-039-01	金沢文庫本九方便	234	92	菩	菩	淨菩提心	浄菩提心			2								e'1_		094U1：082		T2713_.84.0832b06
30-039-01	金沢文庫本九方便	235	92	提	提	淨菩提心	浄菩提心			3								ffr1_		094U1：082		T2713_.84.0832b06
30-039-01	金沢文庫本九方便	236	92	心	心	淨菩提心	浄菩提心			4								ff5		094U1：082		T2713_.84.0832b06
30-039-01	金沢文庫本九方便	237	93	勝	勝	勝願寳	勝願寳			1			＊去濁＊					f5		094U1：082		T2713_.84.0832b06
30-039-01	金沢文庫本九方便	238	93	願	願	勝願寳	勝願寳			2		去濁	＊去濁＊					r'5		094U1：082		T2713_.84.0832b06
30-039-01	金沢文庫本九方便	239	93	寳	寳	勝願寳	勝願寳			3			＊去濁＊					e5		094U1：082		T2713_.84.0832b06
30-039-01	金沢文庫本九方便	240	94	我	我	我今	我今			1		上濁	上濁＊					e1_		094U1：082		T2713_.84.0832b07
30-039-01	金沢文庫本九方便	241	94	今	今	我今	我今			2			上濁＊					_ff5		094U1：082		T2713_.84.0832b07
30-039-01	金沢文庫本九方便	242	95	起	起	起發	起發			1								r4		094U1：082		T2713_.84.0832b07
30-039-01	金沢文庫本九方便	243	95	發	發	起發	起發			2								e5		094U1：082		T2713_.84.0832b07
30-039-01	金沢文庫本九方便	244	96	濟	濟	濟群生	濟群生			1								r'5		094U1：082		T2713_.84.0832b07
30-039-01	金沢文庫本九方便	245	96	群	群	濟群生	濟群生			2								fr'1_		094U1：082		T2713_.84.0832b07
30-039-01	金沢文庫本九方便	246	96	生	生	濟群生	濟群生			3								f1_		094U1：082		T2713_.84.0832b07
30-039-01	金沢文庫本九方便	247	97	生	生	生苦等集	生苦等集			1								e1_		094U2：083		T2713_.84.0832b08
30-039-01	金沢文庫本九方便	248	97	苦	苦	生苦等集	生苦等集			2								e'1_		094U2：083		T2713_.84.0832b08
30-039-01	金沢文庫本九方便	249	97	等	等	生苦等集	生苦等集			3								"ffr1_, 〔別〕e5"		094U2：083		T2713_.84.0832b08
30-039-01	金沢文庫本九方便	250	97	集	集	生苦等集	生苦等集			4								ff5		094U2：083		T2713_.84.0832b08
30-039-01	金沢文庫本九方便	251	98	所	所	所_身	所_身			1								f5		094U2：083		T2713_.84.0832b08
30-039-01	金沢文庫本九方便	252	98	_	_	所_身	所_身			2								r'5		094U2：083		T2713_.84.0832b08
30-039-01	金沢文庫本九方便	253	98	身	身	所_身	所_身			3								f1_		094U2：083		T2713_.84.0832b08
30-039-01	金沢文庫本九方便	254	99	及	及	及與	及与			1								f5		094U2：083		T2713_.84.0832b09
30-039-01	金沢文庫本九方便	255	99	與	与	及與	及与			2								e5		094U2：083		T2713_.84.0832b09
30-039-01	金沢文庫本九方便	256	100	無	無	無知	無知			1								fr5		094U2：083		T2713_.84.0832b09
30-039-01	金沢文庫本九方便	257	100	知	知	無知	無知			2								e5		094U2：083		T2713_.84.0832b09
30-039-01	金沢文庫本九方便	258	101	所	所	所害身	所害身			1								e'1_		094U2：083		T2713_.84.0832b09
30-039-01	金沢文庫本九方便	259	101	害	害	所害身	所害身			2								fr'1_		094U2：083		T2713_.84.0832b09
30-039-01	金沢文庫本九方便	260	101	身	身	所害身	所害身			3								f1_		094U2：083		T2713_.84.0832b09
30-039-01	金沢文庫本九方便	261	102	救	救	救攝	救攝			1								e1_		094U3：084		T2713_.84.0832b10
30-039-01	金沢文庫本九方便	262	102	攝	攝	救攝	救攝			2								e'1_		094U3：084		T2713_.84.0832b10
30-039-01	金沢文庫本九方便	263	103	歸	歸	歸依	歸依			1								ff1_		094U3：084		T2713_.84.0832b10
30-039-01	金沢文庫本九方便	264	104	令	令	令解脱	令解脱			1								f5		094U3：084		T2713_.84.0832b10
30-039-01	金沢文庫本九方便	265	104	解	解	令解脱	令解脱			2								r'5		094U3：084		T2713_.84.0832b10
30-039-01	金沢文庫本九方便	266	104	脱	脱	令解脱	令解脱			3								e5		094U3：084		T2713_.84.0832b10
30-039-01	金沢文庫本九方便	267	105	常	常	常當	常當			1								f5		094U3：084		T2713_.84.0832b11
30-039-01	金沢文庫本九方便	268	105	當	當	常當	常當			2								ff5		094U3：084		T2713_.84.0832b11
30-039-01	金沢文庫本九方便	269	106	利	利	利益	利益			1								r4		094U3：084		T2713_.84.0832b11
30-039-01	金沢文庫本九方便	270	106	益	益	利益	利益			2								e5		094U3：084		T2713_.84.0832b11
30-039-01	金沢文庫本九方便	271	107	諸	諸	諸含識	諸含識			1								f1_		094U3：084		T2713_.84.0832b11
30-039-01	金沢文庫本九方便	272	107	含	含	諸含識	諸含識			2								r'5		094U3：084		T2713_.84.0832b11
30-039-01	金沢文庫本九方便	273	107	識	識	諸含識	諸含識			3								e5		094U3：084		T2713_.84.0832b11
30-039-01	金沢文庫本九方便	274	108	十	十	十方	十方			1								ff1_		094U5：086		T2713_.84.0832b12
30-039-01	金沢文庫本九方便	275	108	方	方	十方	十方			2								ff5		094U5：086		T2713_.84.0832b12
30-039-01	金沢文庫本九方便	276	109	無	無	無量	無量			1		平濁	平濁＊					r4		094U5：086		T2713_.84.0832b12
30-039-01	金沢文庫本九方便	277	109	量	量	無量	無量			2			平濁＊					e5		094U5：086		T2713_.84.0832b12
30-039-01	金沢文庫本九方便	278	110	世	世	世界中	世界中			1								r5		094U5：086		T2713_.84.0832b12
30-039-01	金沢文庫本九方便	279	110	界	界	世界中	世界中			2								fr'1_		094U5：086		T2713_.84.0832b12
30-039-01	金沢文庫本九方便	280	110	中	中	世界中	世界中			3								f1_		094U5：086		T2713_.84.0832b12
30-039-01	金沢文庫本九方便	281	111	諸	諸	諸正	諸正			1								f1_		094U5：086		T2713_.84.0832c01
30-039-01	金沢文庫本九方便	282	111	正	正	諸正	諸正			2								e'1_		094U5：086		T2713_.84.0832c01
30-039-01	金沢文庫本九方便	283	112	遍	遍	遍知	遍知			1								ffr1_		094U5：086		T2713_.84.0832c01
30-039-01	金沢文庫本九方便	284	112	知	知	遍知	遍知			2								ff5		094U5：086		T2713_.84.0832c01
30-039-01	金沢文庫本九方便	285	113	大	大	大海衆	大海衆			1								r5		094U5：086		T2713_.84.0832c01
30-039-01	金沢文庫本九方便	286	113	海	海	大海衆	大海衆			2								e'1_		094U5：086		T2713_.84.0832c01
30-039-01	金沢文庫本九方便	287	113	衆	衆	大海衆	大海衆			3								ffr1_		094U5：086		T2713_.84.0832c01
30-039-01	金沢文庫本九方便	288	114	種	種	種々	種々（種）			1			＊上濁					e1_		094U6：087		T2713_.84.0832c02
30-039-01	金沢文庫本九方便	289	114	種	々（種）	種々	種々（種）			2		上濁	＊上濁					e'1_		094U6：087		T2713_.84.0832c02
30-039-01	金沢文庫本九方便	290	115	善	善	善巧	善巧			1								ffr1_		094U6：087		T2713_.84.0832c02
30-039-01	金沢文庫本九方便	291	115	巧	巧	善巧	善巧			2								e5		094U6：087		T2713_.84.0832c02
30-039-01	金沢文庫本九方便	292	116	方	方	方便力	方便力			1			＊去濁＊					f5		094U6：087		T2713_.84.0832c02
30-039-01	金沢文庫本九方便	293	116	便	便	方便力	方便力			2		去濁	＊去濁＊					r'5		094U6：087		T2713_.84.0832c02
30-039-01	金沢文庫本九方便	294	116	力	力	方便力	方便力			3			＊去濁＊					e5		094U6：087		T2713_.84.0832c02
30-039-01	金沢文庫本九方便	295	117	及	及	及諸	及諸			1								f5		094U6：087		T2713_.84.0832c03
30-039-01	金沢文庫本九方便	296	117	諸	諸	及諸	及諸			2								ff5		094U6：087		T2713_.84.0832c03
30-039-01	金沢文庫本九方便	297	118	佛	佛	佛子	佛子			1								r4		094U6：087		T2713_.84.0832c03
30-039-01	金沢文庫本九方便	298	118	子	子	佛子	佛子			2								e5		094U6：087		T2713_.84.0832c03
30-039-01	金沢文庫本九方便	299	119	爲	為	爲群生	為群生			1								e'1_		094U6：087		T2713_.84.0832c03
30-039-01	金沢文庫本九方便	300	119	群	群	爲群生	為群生			2								fr'1_		094U6：087		T2713_.84.0832c03
30-039-01	金沢文庫本九方便	301	119	生	生	爲群生	為群生			3								f1_		094U6：087		T2713_.84.0832c03
30-039-01	金沢文庫本九方便	302	120	諸	諸	諸有	諸有			1								f1_		094U7：088		T2713_.84.0832c04
30-039-01	金沢文庫本九方便	303	120	有	有	諸有	諸有			2								e'1_		094U7：088		T2713_.84.0832c04
30-039-01	金沢文庫本九方便	304	121	所	所	所修	所修			1								ffr1_		094U7：088		T2713_.84.0832c04
30-039-01	金沢文庫本九方便	305	121	修	修	所修	所修			2								ff5		094U7：088		T2713_.84.0832c04
30-039-01	金沢文庫本九方便	306	122	福	福	福業等	福業等			1			＊入濁＊					e5		094U7：088		T2713_.84.0832c04
30-039-01	金沢文庫本九方便	307	122	業	業	福業等	福業等			2		入濁	＊入濁＊					e'1_		094U7：088		T2713_.84.0832c04
30-039-01	金沢文庫本九方便	308	122	等	等	福業等	福業等			3			＊入濁＊					e5		094U7：088		T2713_.84.0832c04
30-039-01	金沢文庫本九方便	309	123	我	我	我今	我今			1		上濁	上濁＊					e1_		094U7：088		T2713_.84.0832c05
30-039-01	金沢文庫本九方便	310	123	今	今	我今	我今			2			上濁＊					_f5		094U7：088		T2713_.84.0832c05
30-039-01	金沢文庫本九方便	311	124	一	一	一切	一切			1								e'1_		094U7：088		T2713_.84.0832c05
30-039-01	金沢文庫本九方便	312	124	切	切	一切	一切			2								ffr1_		094U7：088		T2713_.84.0832c05
30-039-01	金沢文庫本九方便	313	125	盡	盡	盡隨喜	盡随喜			1								r'5		094U7：088		T2713_.84.0832c05
30-039-01	金沢文庫本九方便	314	125	隨	随	盡隨喜	盡随喜			2								f5		094U7：088		T2713_.84.0832c05
30-039-01	金沢文庫本九方便	315	125	喜	喜	盡隨喜	盡随喜			3								e5		094U7：088		T2713_.84.0832c05
30-039-01	金沢文庫本九方便	316	126	我	我	我今	我今			1		上濁	上濁＊					e1_		094L1：090		T2713_.84.0832c06
30-039-01	金沢文庫本九方便	317	126	今	今	我今	我今			2			上濁＊					e'1_		094L1：090		T2713_.84.0832c06
30-039-01	金沢文庫本九方便	318	127	勸	勧	勸請	勧請			1								ffr1_		094L1：090		T2713_.84.0832c06
30-039-01	金沢文庫本九方便	319	127	請	請	勸請	勧請			2								e5		094L1：090		T2713_.84.0832c06
30-039-01	金沢文庫本九方便	320	128	諸	諸	諸如來	諸如来			1			＊平濁＊					f1_		094L1：090		T2713_.84.0832c06
30-039-01	金沢文庫本九方便	321	128	如	如	諸如來	諸如来			2		平濁	＊平濁＊					ff5		094L1：090		T2713_.84.0832c06
30-039-01	金沢文庫本九方便	322	128	來	来	諸如來	諸如来			3			＊平濁＊					r4		094L1：090		T2713_.84.0832c06
30-039-01	金沢文庫本九方便	323	129	菩	菩	菩提	菩提			1								e1_		094L1：090		T2713_.84.0832c07
30-039-01	金沢文庫本九方便	324	129	提	提	菩提	菩提			2								e'1_		094L1：090		T2713_.84.0832c07
30-039-01	金沢文庫本九方便	325	130	大	大	大心	大心			1								ffr1_		094L1：090		T2713_.84.0832c07
30-039-01	金沢文庫本九方便	326	130	心	心	大心	大心			2								ff5		094L1：090		T2713_.84.0832c07
30-039-01	金沢文庫本九方便	327	131	救	救	救世者	救世者			1								f5		094L1：090		T2713_.84.0832c07
30-039-01	金沢文庫本九方便	328	131	世	世	救世者	救世者			2								r'5		094L1：090		T2713_.84.0832c07
30-039-01	金沢文庫本九方便	329	131	者	者	救世者	救世者			3								f1_		094L1：090		T2713_.84.0832c07
30-039-01	金沢文庫本九方便	330	132	唯	唯	唯願	唯願			1			＊去濁					f5		094L2：091		T2713_.84.0832c08
30-039-01	金沢文庫本九方便	331	132	願	願	唯願	唯願			2		去濁	＊去濁					r'5		094L2：091		T2713_.84.0832c08
30-039-01	金沢文庫本九方便	332	133	普	普	普於	普於			1								ffr1_		094L2：091		T2713_.84.0832c08
30-039-01	金沢文庫本九方便	333	133	於	於	普於	普於			2								ff5		094L2：091		T2713_.84.0832c08
30-039-01	金沢文庫本九方便	334	134	十	十	十方界	十方界			1								e5		094L2：091		T2713_.84.0832c08
30-039-01	金沢文庫本九方便	335	134	方	方	十方界	十方界			2								f1_		094L2：091		T2713_.84.0832c08
30-039-01	金沢文庫本九方便	336	134	界	界	十方界	十方界			3								fr5		094L2：091		T2713_.84.0832c08
30-039-01	金沢文庫本九方便	337	135	恆	恒	恆以	恒以			1				コウ	コウ＊			e1_		094L2：091		T2713_.84.0832c09
30-039-01	金沢文庫本九方便	338	135	以	以	恆以	恒以			2					コウ＊			e'1_		094L2：091		T2713_.84.0832c09
30-039-01	金沢文庫本九方便	339	136	大	大	大雲	大雲			1								ffr1_		094L2：091		T2713_.84.0832c09
30-039-01	金沢文庫本九方便	340	136	雲	雲	大雲	大雲			2								ff5		094L2：091		T2713_.84.0832c09
30-039-01	金沢文庫本九方便	341	137	降	降	降法雨	降法雨			1								f5		094L2：091		T2713_.84.0832c09
30-039-01	金沢文庫本九方便	342	137	法	法	降法雨	降法雨			2								e'1_		094L2：091		T2713_.84.0832c09
30-039-01	金沢文庫本九方便	343	137	雨	雨	降法雨	降法雨			3								e5		094L2：091		T2713_.84.0832c09
30-039-01	金沢文庫本九方便	344	138	願	願	願令	願令			1		去濁	去濁＊					e1_		094L4：093		T2713_.84.0832c10
30-039-01	金沢文庫本九方便	345	138	令	令	願令	願令			2			去濁＊					e'1_		094L4：093		T2713_.84.0832c10
30-039-01	金沢文庫本九方便	346	139	凡	凡	凡夫	凡夫			1								ffr1_		094L4：093		T2713_.84.0832c10
30-039-01	金沢文庫本九方便	347	139	夫	夫	凡夫	凡夫			2								ff5		094L4：093		T2713_.84.0832c10
30-039-01	金沢文庫本九方便	348	140	所	所	所住處	所住處			1					＊＊シヨ			f1_		094L4：093		T2713_.84.0832c10
30-039-01	金沢文庫本九方便	349	140	住	住	所住處	所住處			2					＊＊シヨ			f1_		094L4：093		T2713_.84.0832c10
30-039-01	金沢文庫本九方便	350	140	處	處	所住處	所住處			3				シヨ	＊＊シヨ			fr5		094L4：093		T2713_.84.0832c10
30-039-01	金沢文庫本九方便	351	141	速	速	速捨	速捨			1								e1_		094L4：093		T2713_.84.0832c11
30-039-01	金沢文庫本九方便	352	141	捨	捨	速捨	速捨			2								e'1_		094L4：093		T2713_.84.0832c11
30-039-01	金沢文庫本九方便	353	142	衆	衆	衆苦	衆苦			1					＊コ			ffr1_		094L4：093		T2713_.84.0832c11
30-039-01	金沢文庫本九方便	354	142	苦	苦	衆苦	衆苦			2				コ	＊コ			ff5		094L4：093		T2713_.84.0832c11
30-039-01	金沢文庫本九方便	355	143	所	所	所集身	所集身			1								e'1_		094L4：093		T2713_.84.0832c11
30-039-01	金沢文庫本九方便	356	143	集	集	所集身	所集身			2								fr'1_		094L4：093		T2713_.84.0832c11
30-039-01	金沢文庫本九方便	357	143	身	身	所集身	所集身			3								f1_		094L4：093		T2713_.84.0832c11
30-039-01	金沢文庫本九方便	358	144	當	當	當得	當得			1								f5		094L5：094		T2713_.84.0832c12
30-039-01	金沢文庫本九方便	359	144	得	得	當得	當得			2								r'5		094L5：094		T2713_.84.0832c12
30-039-01	金沢文庫本九方便	360	145	至	至	至於	至於			1								ffr1_		094L5：094		T2713_.84.0832c12
30-039-01	金沢文庫本九方便	361	145	於	於	至於	至於			2								ff5		094L5：094		T2713_.84.0832c12
30-039-01	金沢文庫本九方便	362	146	無	無	無垢所	無垢所			1		平濁	平濁＊＊					e5		094L5：094		T2713_.84.0832c12
30-039-01	金沢文庫本九方便	363	146	垢	垢	無垢所	無垢所			2			平濁＊＊					f1_		094L5：094		T2713_.84.0832c12
30-039-01	金沢文庫本九方便	364	146	所	所	無垢所	無垢所			3			平濁＊＊					fr5		094L5：094		T2713_.84.0832c12
30-039-01	金沢文庫本九方便	365	147	安	安	安住	安住			1								e1_		094L5：094		T2713_.84.0833a01
30-039-01	金沢文庫本九方便	366	147	住	住	安住	安住			2								e'1_		094L5：094		T2713_.84.0833a01
30-039-01	金沢文庫本九方便	367	148	清	清	清淨	清浄			1								f1_		094L5：094		T2713_.84.0833a01
30-039-01	金沢文庫本九方便	368	148	淨	浄	清淨	清浄			2								f5		094L5：094		T2713_.84.0833a01
30-039-01	金沢文庫本九方便	369	149	法	法	法界身	法界身			1								e'1_		094L5：094		T2713_.84.0833a01
30-039-01	金沢文庫本九方便	370	149	界	界	法界身	法界身			2								fr'1_		094L5：094		T2713_.84.0833a01
30-039-01	金沢文庫本九方便	371	149	身	身	法界身	法界身			3								f1_		094L5：094		T2713_.84.0833a01
30-039-01	金沢文庫本九方便	372	150	所	所	所修	所修			1								e1_		094L7：096		T2713_.84.0833a02
30-039-01	金沢文庫本九方便	373	150	修	修	所修	所修			2								e1_		094L7：096		T2713_.84.0833a02
30-039-01	金沢文庫本九方便	374	151	一	一	一切	一切			1								e1_		094L7：096		T2713_.84.0833a02
30-039-01	金沢文庫本九方便	375	151	切	切	一切	一切			2								ffr1_		094L7：096		T2713_.84.0833a02
30-039-01	金沢文庫本九方便	376	152	衆	衆	衆善業	衆善業			1			＊＊入濁					f1_		094L7：096		T2713_.84.0833a02
30-039-01	金沢文庫本九方便	377	152	善	善	衆善業	衆善業			2			＊＊入濁					fr5		094L7：096		T2713_.84.0833a02
30-039-01	金沢文庫本九方便	378	152	業	業	衆善業	衆善業			3		入濁	＊＊入濁					e5		094L7：096		T2713_.84.0833a02
30-039-01	金沢文庫本九方便	379	153	利	利	利益	利益			1								r1_		094L7：096		T2713_.84.0833a03
30-039-01	金沢文庫本九方便	380	153	益	益	利益	利益			2								r1_		094L7：096		T2713_.84.0833a03
30-039-01	金沢文庫本九方便	381	154	切	切	一切	一切			2								ffr1_		094L7：096		T2713_.84.0833a03
30-039-01	金沢文庫本九方便	382	155	衆	衆	衆生故	衆生故			1								f1_		094L7：096		T2713_.84.0833a03
30-039-01	金沢文庫本九方便	383	155	生	生	衆生故	衆生故			2								f1_		094L7：096		T2713_.84.0833a03
30-039-01	金沢文庫本九方便	384	155	故	故	衆生故	衆生故			3								fr5		094L7：096		T2713_.84.0833a03
30-039-01	金沢文庫本九方便	385	156	我	我	我今	我今			1		上濁	上濁＊					e1_		095U1：097		T2713_.84.0833a04
30-039-01	金沢文庫本九方便	386	156	今	今	我今	我今			2			上濁＊					_ff5		095U1：097		T2713_.84.0833a04
30-039-01	金沢文庫本九方便	387	157	盡	盡	盡皆	盡皆			1								r4		095U1：097		T2713_.84.0833a04
30-039-01	金沢文庫本九方便	388	157	皆	皆	盡皆	盡皆			2								e5		095U1：097		T2713_.84.0833a04
30-039-01	金沢文庫本九方便	389	158	正	正	正廻向	正廻向			1								r'5		095U1：097		T2713_.84.0833a04
30-039-01	金沢文庫本九方便	390	158	廻	廻	正廻向	正廻向			2								f1_		095U1：097		T2713_.84.0833a04
30-039-01	金沢文庫本九方便	391	158	向	向	正廻向	正廻向			3								fr5		095U1：097		T2713_.84.0833a04
30-039-01	金沢文庫本九方便	392	159	除	除	除生	除生			1								e5		095U1：097		T2713_.84.0833a05
30-039-01	金沢文庫本九方便	393	159	生	生	除生	除生			2								f1_		095U1：097		T2713_.84.0833a05
30-039-01	金沢文庫本九方便	394	160	死	死	死苦	死苦			1								rr5		095U1：097		T2713_.84.0833a05
30-039-01	金沢文庫本九方便	395	160	苦	苦	死苦	死苦			2								fr1_		095U1：097		T2713_.84.0833a05
30-039-01	金沢文庫本九方便	396	161	至	至	至菩提	至菩提			1								ffr1_		095U1：097		T2713_.84.0833a05
30-039-01	金沢文庫本九方便	397	161	菩	菩	至菩提	至菩提			2								e4		095U1：097		T2713_.84.0833a05
30-039-01	金沢文庫本九方便	398	161	提	提	至菩提	至菩提			3								e4		095U1：097		T2713_.84.0833a05
30-039-01	金沢文庫本九方便	399	162	歸	帰	歸命	帰命			1								e1_		095U2：098		T2713_.84.0833a06
30-039-01	金沢文庫本九方便	400	162	命	命	歸命	帰命			2								e1_		095U2：098		T2713_.84.0833a06
30-039-01	金沢文庫本九方便	401	163	頂	頂	頂禮	頂礼			1								ffr1_		095U2：098		T2713_.84.0833a06
30-039-01	金沢文庫本九方便	402	163	禮	礼	頂禮	頂礼			2								e5		095U2：098		T2713_.84.0833a06
30-039-01	金沢文庫本九方便	403	164	大	大	大悲	大悲			1								r'5		095U2：098		T2713_.84.0833a06
30-039-01	金沢文庫本九方便	404	164	悲	悲	大悲	大悲			2								e4		095U2：098		T2713_.84.0833a06
30-039-01	金沢文庫本九方便	405	165	_	_	_盧遮那佛	_盧遮那佛			1								e4		095U2：098		T2713_.84.0833a06
30-039-01	金沢文庫本九方便	406	165	盧	盧	_盧遮那佛	_盧遮那佛			2								e4		095U2：098		T2713_.84.0833a06
30-039-01	金沢文庫本九方便	407	165	遮	遮	_盧遮那佛	_盧遮那佛			3								f4		095U2：098		T2713_.84.0833a06
30-039-01	金沢文庫本九方便	408	165	那	那	_盧遮那佛	_盧遮那佛			4								e4		095U2：098		T2713_.84.0833a06
30-039-01	金沢文庫本九方便	409	165	佛	佛	_盧遮那佛	_盧遮那佛			5								rF4		095U2：098		T2713_.84.0833a06
30-039-01	金沢文庫本九方便	410	166	曩	曩	曩莫	曩莫			1								e1_		095U3：099	音写字	T2713_.84.0833a07
30-039-01	金沢文庫本九方便	411	166	莫	莫	曩莫	曩莫			2								e1_		095U3：099	音写字	T2713_.84.0833a07
30-039-01	金沢文庫本九方便	412	167	三	三	三_多縛	三_多縛			1			＊＊平濁上濁					e5		095U3：099	音写字	T2713_.84.0833a07
30-039-01	金沢文庫本九方便	413	167	_	_	三_多縛	三_多縛			2			＊＊平濁上濁					e5		095U3：099	音写字	T2713_.84.0833a07
30-039-01	金沢文庫本九方便	414	167	多	多	三_多縛	三_多縛			3		平濁	＊＊平濁上濁					e5		095U3：099	音写字	T2713_.84.0833a07
30-039-01	金沢文庫本九方便	415	167	縛	縛	三_多縛	三_多縛			4		上濁	＊＊平濁上濁					e1_		095U3：099	音写字	T2713_.84.0833a07
30-039-01	金沢文庫本九方便	416	168	縛	縛	縛曰羅	縛曰羅			1		平濁	平濁平濁＊					e5		095U4：100	音写字	T2713_.84.0833a08
30-039-01	金沢文庫本九方便	417	168	曰	曰	縛曰羅	縛曰羅			2		平濁	平濁平濁＊					e5		095U4：100	音写字	T2713_.84.0833a08
30-039-01	金沢文庫本九方便	418	168	羅	羅	縛曰羅	縛曰羅			3			平濁平濁＊					e5		095U4：100	音写字	T2713_.84.0833a08
30-039-01	金沢文庫本九方便	419	169	怛	怛	怛摩句含	怛摩句含			1								e1_		095U4：100	音写字	T2713_.84.0833a08
30-039-01	金沢文庫本九方便	420	169	摩	摩	怛摩句含	怛摩句含			2								e5		095U4：100	音写字	T2713_.84.0833a08
30-039-01	金沢文庫本九方便	421	169	句	句	怛摩句含	怛摩句含			3								e1_		095U4：100	音写字	T2713_.84.0833a08
30-039-01	金沢文庫本九方便	422	169	含	含	怛摩句含	怛摩句含			4								f1_		095U4：100	音写字	T2713_.84.0833a08
30-039-01	金沢文庫本九方便	423	170	曩	曩	曩莫	曩莫			1								e1_		095U5：101	音写字	T2713_.84.0833a09
30-039-01	金沢文庫本九方便	424	170	莫	莫	曩莫	曩莫			2								e1_		095U5：101	音写字	T2713_.84.0833a09
30-039-01	金沢文庫本九方便	425	171	三	三	三_多縛	三_多縛			1			＊＊平濁上濁					e5		095U5：101	音写字	T2713_.84.0833a09
30-039-01	金沢文庫本九方便	426	171	_	_	三_多縛	三_多縛			2			＊＊平濁上濁					e5		095U5：101	音写字	T2713_.84.0833a09
30-039-01	金沢文庫本九方便	427	171	多	多	三_多縛	三_多縛			3		平濁	＊＊平濁上濁					e5		095U5：101	音写字	T2713_.84.0833a09
30-039-01	金沢文庫本九方便	428	171	縛	縛	三_多縛	三_多縛			4		上濁	＊＊平濁上濁					e1_		095U5：101	音写字	T2713_.84.0833a09
30-039-01	金沢文庫本九方便	429	172	_	_	_賀阿者邏迦拏者_娑駄耶	_賀阿者邏迦拏者_娑駄耶			1			＊＊＊＊＊上濁平濁＊＊＊＊＊					e5		095U6：102	音写字	T2713_.84.0833a10
30-039-01	金沢文庫本九方便	430	172	賀	賀	_賀阿者邏迦拏者_娑駄耶	_賀阿者邏迦拏者_娑駄耶			2			＊＊＊＊＊上濁平濁＊＊＊＊＊					e1_		095U6：102	音写字	T2713_.84.0833a10
30-039-01	金沢文庫本九方便	431	172	者	者	_賀阿者邏迦拏者_娑駄耶	_賀阿者邏迦拏者_娑駄耶			4			＊＊＊＊＊上濁平濁＊＊＊＊＊					f1_		095U6：102	音写字	T2713_.84.0833a10
30-039-01	金沢文庫本九方便	432	172	邏	邏	_賀阿者邏迦拏者_娑駄耶	_賀阿者邏迦拏者_娑駄耶			5			＊＊＊＊＊上濁平濁＊＊＊＊＊					e5		095U6：102	音写字	T2713_.84.0833a10
30-039-01	金沢文庫本九方便	433	172	迦	迦	_賀阿者邏迦拏者_娑駄耶	_賀阿者邏迦拏者_娑駄耶			6		上濁	＊＊＊＊＊上濁平濁＊＊＊＊＊	ケン				e1_		095U6：102	音写字	T2713_.84.0833a10
30-039-01	金沢文庫本九方便	434	172	拏	拏	_賀阿者邏迦拏者_娑駄耶	_賀阿者邏迦拏者_娑駄耶			7		平濁	＊＊＊＊＊上濁平濁＊＊＊＊＊					f1_		095U6：102	音写字	T2713_.84.0833a10
30-039-01	金沢文庫本九方便	435	172	者	者	_賀阿者邏迦拏者_娑駄耶	_賀阿者邏迦拏者_娑駄耶			8			＊＊＊＊＊上濁平濁＊＊＊＊＊					e1_		095U6：102	音写字	T2713_.84.0833a10
30-039-01	金沢文庫本九方便	436	172	_	_	_賀阿者邏迦拏者_娑駄耶	_賀阿者邏迦拏者_娑駄耶			9			＊＊＊＊＊上濁平濁＊＊＊＊＊					f1_		095U6：102	音写字	T2713_.84.0833a10
30-039-01	金沢文庫本九方便	437	172	娑	娑	_賀阿者邏迦拏者_娑駄耶	_賀阿者邏迦拏者_娑駄耶			10			＊＊＊＊＊上濁平濁＊＊＊＊＊					e1_		095U6：102	音写字	T2713_.84.0833a10
30-039-01	金沢文庫本九方便	438	172	駄	駄	_賀阿者邏迦拏者_娑駄耶	_賀阿者邏迦拏者_娑駄耶			11			＊＊＊＊＊上濁平濁＊＊＊＊＊					f1_		095U6：102	音写字	T2713_.84.0833a10
30-039-01	金沢文庫本九方便	439	172	耶	耶	_賀阿者邏迦拏者_娑駄耶	_賀阿者邏迦拏者_娑駄耶			12			＊＊＊＊＊上濁平濁＊＊＊＊＊					e5		095U6：102	音写字	T2713_.84.0833a10
30-039-01	金沢文庫本九方便	440	173	吽	吽	吽__	吽__			1								f1_		095U7：103	音写字	
30-039-01	金沢文庫本九方便	441	174	仰	仰	仰願	仰願			1		平濁	平濁平濁					e1		095L1：104		T2713_.84.0833a12
30-039-01	金沢文庫本九方便	442	174	願	願	仰願	仰願			2		平濁	平濁平濁					e1		095L1：104		T2713_.84.0833a12
30-039-01	金沢文庫本九方便	443	175	胎	胎	胎藏	胎蔵			1			＊平濁					rf_r3		095L1：104		T2713_.84.0833a12
30-039-01	金沢文庫本九方便	444	175	藏	蔵	胎藏	胎蔵			2		平濁	＊平濁					e4		095L1：104		T2713_.84.0833a12
30-039-01	金沢文庫本九方便	445	176	大	大	大日尊	大日尊			1		平濁	平濁＊＊					Fr4		095L1：104		T2713_.84.0833a12
30-039-01	金沢文庫本九方便	446	176	日	日	大日尊	大日尊			2			平濁＊＊					rfrf_3		095L1：104		T2713_.84.0833a12
30-039-01	金沢文庫本九方便	447	176	尊	尊	大日尊	大日尊			3			平濁＊＊					f_4		095L1：104		T2713_.84.0833a12
30-039-01	金沢文庫本九方便	448	177	八	八	八葉	八葉			1								f4		095L1：104		T2713_.84.0833b01
30-039-01	金沢文庫本九方便	449	177	葉	葉	八葉	八葉			2								Fr4		095L1：104		T2713_.84.0833b01
30-039-01	金沢文庫本九方便	450	178	蓮	蓮	蓮臺	蓮臺			1			＊上濁					r2		095L1：104		T2713_.84.0833b01
30-039-01	金沢文庫本九方便	451	178	臺	臺	蓮臺	蓮臺			2		上濁	＊上濁					rfrf_3		095L1：104		T2713_.84.0833b01
30-039-01	金沢文庫本九方便	452	179	十	十	十三大會	十三大會			1		入濁	入濁＊平濁＊					e4		095L2：105		T2713_.84.0833b02
30-039-01	金沢文庫本九方便	453	179	三	三	十三大會	十三大會			2			入濁＊平濁＊					r5		095L2：105		T2713_.84.0833b02
30-039-01	金沢文庫本九方便	454	179	大	大	十三大會	十三大會			3		平濁	入濁＊平濁＊					e4		095L2：105		T2713_.84.0833b02
30-039-01	金沢文庫本九方便	455	179	會	會	十三大會	十三大會			4			入濁＊平濁＊					Fr4		095L2：105		T2713_.84.0833b02
30-039-01	金沢文庫本九方便	456	180	塵	塵	塵刹衆	塵刹衆			1		去濁	去濁入濁＊					r2		095L2：105		T2713_.84.0833b02
30-039-01	金沢文庫本九方便	457	180	刹	刹	塵刹衆	塵刹衆			2		入濁	去濁入濁＊					rfrf_3		095L2：105		T2713_.84.0833b02
30-039-01	金沢文庫本九方便	458	181	教	教	教令	教令			1								f4		095L2：105		T2713_.84.0830c01
30-039-01	金沢文庫本九方便	459	181	令	令	教令	教令			2								Fr4		095L2：105		T2713_.84.0830c01
30-039-01	金沢文庫本九方便	460	182	輪	輪	輪者	輪者			1			＊平濁					r2		095L2：105		T2713_.84.0830c01
30-039-01	金沢文庫本九方便	461	182	者	者	輪者	輪者			2		平濁	＊平濁					rfrf_3		095L2：105		T2713_.84.0830c01
30-039-01	金沢文庫本九方便	462	183	動	動	不動尊	不動尊			2		平濁	＊平濁＊							095L2：105		T2713_.84.0830c01
30-039-01	金沢文庫本九方便	463	184	兩	兩	兩部界會	兩部界會			1			＊平濁＊＊					e4		095L3：106		T2713_.84.0830c02
30-039-01	金沢文庫本九方便	464	184	部	部	兩部界會	兩部界會			2		平濁	＊平濁＊＊					f4		095L3：106		T2713_.84.0830c02
30-039-01	金沢文庫本九方便	465	184	界	界	兩部界會	兩部界會			3			＊平濁＊＊					e4		095L3：106		T2713_.84.0830c02
30-039-01	金沢文庫本九方便	466	184	會	會	兩部界會	兩部界會			4			＊平濁＊＊					Fr4		095L3：106		T2713_.84.0830c02
30-039-01	金沢文庫本九方便	467	185	諸	諸	諸如來	諸如来			1								r2		095L3：106		T2713_.84.0830c02
30-039-01	金沢文庫本九方便	468	185	如	如	諸如來	諸如来			2								rfrf_3		095L3：106		T2713_.84.0830c02
30-039-01	金沢文庫本九方便	469	186	外	外	外金剛部	外金剛部			1		平濁	平濁＊上濁平濁					e2		095L3：106		T2713_.84.0830c03
30-039-01	金沢文庫本九方便	470	186	金	金	外金剛部	外金剛部			2			平濁＊上濁平濁					r3		095L3：106		T2713_.84.0830c03
30-039-01	金沢文庫本九方便	471	186	剛	剛	外金剛部	外金剛部			3		上濁	平濁＊上濁平濁					f4		095L3：106		T2713_.84.0830c03
30-039-01	金沢文庫本九方便	472	186	部	部	外金剛部	外金剛部			4		平濁	平濁＊上濁平濁					rfrf_3		095L3：106		T2713_.84.0830c03
30-039-01	金沢文庫本九方便	473	187	不	不	不越	不越			1								e'4		095L4：107		T2713_.84.0830c04
30-039-01	金沢文庫本九方便	474	187	越	越	不越	不越			2								e4		095L4：107		T2713_.84.0830c04
30-039-01	金沢文庫本九方便	475	188	本	本	本誓	本誓			1			＊去濁					e4		095L4：107		T2713_.84.0830c04
30-039-01	金沢文庫本九方便	476	188	誓	誓	本誓	本誓			2		去濁	＊去濁					f4		095L4：107		T2713_.84.0830c04
30-039-01	金沢文庫本九方便	477	189	三	三	三昧耶	三昧耶			1								Fr4		095L4：107		T2713_.84.0830c04
30-039-01	金沢文庫本九方便	478	189	昧	昧	三昧耶	三昧耶			2								rfrf_3		095L4：107		T2713_.84.0830c04
30-039-01	金沢文庫本九方便	479	190	降	降	降臨	降臨			1								r3		095L4：107		T2713_.84.0830c05
30-039-01	金沢文庫本九方便	480	190	臨	臨	降臨	降臨			2								F_R4		095L4：107		T2713_.84.0830c05
30-039-01	金沢文庫本九方便	481	191	壇	壇	壇場	壇場			1		平濁	平濁許田于					f4		095L4：107		T2713_.84.0830c05
30-039-01	金沢文庫本九方便	482	191	場	場	壇場	壇場			2		去濁	平濁許田于					rfrf_3		095L4：107		T2713_.84.0830c05
30-039-01	金沢文庫本九方便	483	192	受	受	受妙供	受妙供			1		平濁	平濁＊＊							095L4：107		T2713_.84.0830c05
30-039-01	金沢文庫本九方便	484	193	護	護	護持	護持			1		平濁	平濁上濁					e4		095L5：108		T2713_.84.0830c08
30-039-01	金沢文庫本九方便	485	193	持	持	護持	護持			2		上濁	平濁上濁					e'4		095L5：108		T2713_.84.0830c08
30-039-01	金沢文庫本九方便	486	194	佛	佛	佛子	佛子			1		入濁	入濁＊					e4		095L5：108		T2713_.84.0830c08
30-039-01	金沢文庫本九方便	487	194	子	子	佛子	佛子			2			入濁＊					Fr4		095L5：108		T2713_.84.0830c08
30-039-01	金沢文庫本九方便	488	195	除	除	除不祥	除不祥			1		上濁	上濁＊					r2		095L5：108		T2713_.84.0830c08
30-039-01	金沢文庫本九方便	489	195	不	不	除不祥	除不祥			2			上濁＊					rfrf_3		095L5：108		T2713_.84.0830c08
30-039-01	金沢文庫本九方便	490	196	滅	滅	滅罪	滅罪			1			＊平濁					f4		095L5：108		T2713_.84.0830c09
30-039-01	金沢文庫本九方便	491	196	罪	罪	滅罪	滅罪			2		平濁	＊平濁					Fr4		095L5：108		T2713_.84.0830c09
30-039-01	金沢文庫本九方便	492	197	生	生	生善	生善			1			＊平濁					r2		095L5：108		T2713_.84.0830c09
30-039-01	金沢文庫本九方便	493	197	善	善	生善	生善			2		平濁	＊平濁					rfrf_3		095L5：108		T2713_.84.0830c09
30-039-01	金沢文庫本九方便	494	198	成	成	成大願	成大願			1		去濁	去濁平濁平濁							095L5：108		T2713_.84.0830c09
30-039-01	金沢文庫本九方便	495	198	大	大	成大願	成大願			2		平濁	去濁平濁平濁							095L5：108		T2713_.84.0830c09
30-039-01	金沢文庫本九方便	496	198	願	願	成大願	成大願			3		平濁	去濁平濁平濁							095L5：108		T2713_.84.0830c09
30-039-01	金沢文庫本九方便	497	199	天	天	天下	天下			1			＊平濁					e4		095L6：109		T2713_.84.0830c10
30-039-01	金沢文庫本九方便	498	199	下	下	天下	天下			2		平濁	＊平濁					fr3		095L6：109		T2713_.84.0830c10
30-039-01	金沢文庫本九方便	499	200	法	法	法界	法界			1								e2		095L6：109		T2713_.84.0830c10
30-039-01	金沢文庫本九方便	500	200	界	界	法界	法界			2								e1		095L6：109		T2713_.84.0830c10
30-039-01	金沢文庫本九方便	501	201	同	同	同利益	同利益			1		去濁	去濁＊＊							095L6：109		T2713_.84.0830c10
30-039-01	金沢文庫本九方便	502	202	誓	誓	誓願	誓願			1			＊平濁					e2		095L6：109		T2713_.84.0833b04
30-039-01	金沢文庫本九方便	503	202	願	願	誓願	誓願			2		平濁	＊平濁					e1		095L6：109		T2713_.84.0833b04
30-039-01	金沢文庫本九方便	504	203	斷	断	斷除	断除			1		平濁	平濁上濁					e2		095L6：109		T2713_.84.0833b04
30-039-01	金沢文庫本九方便	505	203	除	除	斷除	断除			2		上濁	平濁上濁					rF3		095L6：109		T2713_.84.0833b04
30-039-01	金沢文庫本九方便	506	204	一	一	一切惡	一切悪			1								f4		095L6：109		T2713_.84.0833b04
30-039-01	金沢文庫本九方便	507	204	切	切	一切惡	一切悪			2								rfrf_3		095L6：109		T2713_.84.0833b04
30-039-01	金沢文庫本九方便	508	205	誓	誓	誓願	誓願			1			＊平濁					r3		095L7：110		T2713_.84.0833b05
30-039-01	金沢文庫本九方便	509	205	願	願	誓願	誓願			2		平濁	＊平濁					F_R4		095L7：110		T2713_.84.0833b05
30-039-01	金沢文庫本九方便	510	206	度	度	度脱	度脱			1		平濁	平濁入濁					f4		095L7：110		T2713_.84.0833b05
30-039-01	金沢文庫本九方便	511	206	脱	脱	度脱	度脱			2		入濁	平濁入濁					rfrf_3		095L7：110		T2713_.84.0833b05
30-039-01	金沢文庫本九方便	512	207	誓	誓	誓願	誓願			1			＊平濁					r5		095L8：111		T2713_.84.0833b06
30-039-01	金沢文庫本九方便	513	207	願	願	誓願	誓願			2		平濁	＊平濁					e4		095L8：111		T2713_.84.0833b06
30-039-01	金沢文庫本九方便	514	208	修	修	修習	修習			1								e1_		095L8：111		T2713_.84.0833b06
30-039-01	金沢文庫本九方便	515	208	習	習	修習	修習			2								e2_		095L8：111		T2713_.84.0833b06
30-039-01	金沢文庫本九方便	516	209	一	一	一切法	一切法			1								f4		095L8：111		T2713_.84.0833b06
30-039-01	金沢文庫本九方便	517	209	切	切	一切法	一切法			2								rfrf_3		095L8：111		T2713_.84.0833b06
30-039-01	金沢文庫本九方便	518	210	誓	誓	誓願	誓願			1			＊平濁					r3		095L8：111		T2713_.84.0833b07
30-039-01	金沢文庫本九方便	519	210	願	願	誓願	誓願			2		平濁	＊平濁					F_R4		095L8：111		T2713_.84.0833b07
30-039-01	金沢文庫本九方便	520	211	奉	奉	奉仕	奉仕			1		平濁	平濁平濁					f4		095L8：111		T2713_.84.0833b07
30-039-01	金沢文庫本九方便	521	211	仕	仕	奉仕	奉仕			2		平濁	平濁平濁					rfrf_3		095L8：111		T2713_.84.0833b07
30-039-01	金沢文庫本九方便	522	212	誓	誓	誓願	誓願			1			＊平濁					e1_		096U1：112		T2713_.84.0833b08
30-039-01	金沢文庫本九方便	523	212	願	願	誓願	誓願			2		平濁	＊平濁					f4		096U1：112		T2713_.84.0833b08
30-039-01	金沢文庫本九方便	524	213	證	證	證得	證得			1			＊入濁					e4		096U1：112		T2713_.84.0833b08
30-039-01	金沢文庫本九方便	525	213	得	得	證得	證得			2		入濁	＊入濁					e'4		096U1：112		T2713_.84.0833b08
30-039-01	金沢文庫本九方便	526	214	大	大	大菩提	大菩提			1		平濁	平濁上濁上濁					e2		096U1：112		T2713_.84.0833b08
30-039-01	金沢文庫本九方便	527	214	菩	菩	大菩提	大菩提			2		上濁	平濁上濁上濁					rfr3		096U1：112		T2713_.84.0833b08
30-039-01	金沢文庫本九方便	528	214	提	提	大菩提	大菩提			3		上濁	平濁上濁上濁					e4		096U1：112		T2713_.84.0833b08
30-039-01	金沢文庫本九方便	529	215	護	護	護持	護持			1		平濁	平濁上濁					e3		096U1：112		
30-039-01	金沢文庫本九方便	530	215	持	持	護持	護持			2		上濁	平濁上濁					e3		096U1：112		
30-039-01	金沢文庫本九方便	531	216	弟	弟	弟子	弟子			1		平濁	平濁＊					e3		096U1：112		
30-039-01	金沢文庫本九方便	532	216	子	子	弟子	弟子			2			平濁＊					f3		096U1：112		
30-039-01	金沢文庫本九方便	533	217	成	成	成大願	成大願			1		去濁	去濁平濁平濁					e'3		096U1：112		
30-039-01	金沢文庫本九方便	534	217	大	大	成大願	成大願			2		平濁	去濁平濁平濁					f3		096U1：112		
30-039-01	金沢文庫本九方便	535	217	願	願	成大願	成大願			3		平濁	去濁平濁平濁					e1		096U1：112		
30-039-01	金沢文庫本九方便	536	218	曩	曩	曩謨薩縛怛他蘗帝驃	曩謨薩縛怛他蘗帝驃			1			＊＊＊上濁＊＊＊＊上濁					e4		096U2：113	音写字	T2713_.84.0833b09
30-039-01	金沢文庫本九方便	537	218	謨	謨	曩謨薩縛怛他蘗帝驃	曩謨薩縛怛他蘗帝驃			2			＊＊＊上濁＊＊＊＊上濁					e4		096U2：113	音写字	T2713_.84.0833b09
30-039-01	金沢文庫本九方便	538	218	薩	薩	曩謨薩縛怛他蘗帝驃	曩謨薩縛怛他蘗帝驃			3			＊＊＊上濁＊＊＊＊上濁					e4		096U2：113	音写字	T2713_.84.0833b09
30-039-01	金沢文庫本九方便	539	218	縛	縛	曩謨薩縛怛他蘗帝驃	曩謨薩縛怛他蘗帝驃			4		上濁	＊＊＊上濁＊＊＊＊上濁					e4		096U2：113	音写字	T2713_.84.0833b09
30-039-01	金沢文庫本九方便	540	218	怛	怛	曩謨薩縛怛他蘗帝驃	曩謨薩縛怛他蘗帝驃			5			＊＊＊上濁＊＊＊＊上濁					e5		096U2：113	音写字	T2713_.84.0833b09
30-039-01	金沢文庫本九方便	541	218	他	他	曩謨薩縛怛他蘗帝驃	曩謨薩縛怛他蘗帝驃			6			＊＊＊上濁＊＊＊＊上濁					f5		096U2：113	音写字	T2713_.84.0833b09
30-039-01	金沢文庫本九方便	542	218	蘗	蘗	曩謨薩縛怛他蘗帝驃	曩謨薩縛怛他蘗帝驃			7			＊＊＊上濁＊＊＊＊上濁					e5		096U2：113	音写字	T2713_.84.0833b09
30-039-01	金沢文庫本九方便	543	218	帝	帝	曩謨薩縛怛他蘗帝驃	曩謨薩縛怛他蘗帝驃			8			＊＊＊上濁＊＊＊＊上濁					f5		096U2：113	音写字	T2713_.84.0833b09
30-039-01	金沢文庫本九方便	544	218	驃	驃	曩謨薩縛怛他蘗帝驃	曩謨薩縛怛他蘗帝驃			9		上濁	＊＊＊上濁＊＊＊＊上濁					e4		096U2：113	音写字	T2713_.84.0833b09
30-039-01	金沢文庫本九方便	545	219	以	以	以我	以我			1			＊平濁					e4		096U3：114		T2713_.84.0833b10
30-039-01	金沢文庫本九方便	546	219	我	我	以我	以我			2		平濁	＊平濁					e4		096U3：114		T2713_.84.0833b10
30-039-01	金沢文庫本九方便	547	220	如	如	如來	如来			1								R4		096U3：114		T2713_.84.0833b10
30-039-01	金沢文庫本九方便	548	220	來	来	如來	如来			2								e1_		096U3：114		T2713_.84.0833b10
30-039-01	金沢文庫本九方便	549	221	及	及	及以	及以			1		入濁	＊					e'1_		096U3：114		T2713_.84.0833b10
30-039-01	金沢文庫本九方便	550	221	以	以	及以	及以			2			＊					e4		096U3：114		T2713_.84.0833b10
30-039-01	金沢文庫本九方便	551	222	普	普	普供養	普供養			1								e4		096U3：114		T2713_.84.0833b10
30-039-01	金沢文庫本九方便	552	222	供	供	普供養	普供養			2								e4		096U3：114		T2713_.84.0833b10
30-039-01	金沢文庫本九方便	553	222	養	養	普供養	普供養			3								e4		096U3：114		T2713_.84.0833b10
30-039-01	金沢文庫本九方便	554	223	兩	兩	兩部	兩部			1			＊平濁					e1_		096U4：115		T2713_.84.0831a08
30-039-01	金沢文庫本九方便	555	223	部	部	兩部	兩部			2		平濁	＊平濁					e4		096U4：115		T2713_.84.0831a08
30-039-01	金沢文庫本九方便	556	224	諸	諸	諸尊	諸尊			1								R4		096U4：115		T2713_.84.0831a08
30-039-01	金沢文庫本九方便	557	224	尊	尊	諸尊	諸尊			2								e1_		096U4：115		T2713_.84.0831a08
30-039-01	金沢文庫本九方便	558	225	護	護	護法	護法			1			＊上濁					F1_		096U4：115		T2713_.84.0831a08
30-039-01	金沢文庫本九方便	559	225	法	法	護法	護法			2		上濁	＊上濁					e4		096U4：115		T2713_.84.0831a08
30-039-01	金沢文庫本九方便	560	226	所	所	所設	所設			1								e4		096U4：115		T2713_.84.0831a08
30-039-01	金沢文庫本九方便	561	226	設	設	所設	所設			2								e4		096U4：115		T2713_.84.0831a08
30-039-01	金沢文庫本九方便	562	227	哀	哀	哀愍	哀愍			1								e1_		096U5：116		T2713_.84.0831a09
30-039-01	金沢文庫本九方便	563	227	愍	愍	哀愍	哀愍			2								e4		096U5：116		T2713_.84.0831a09
30-039-01	金沢文庫本九方便	564	228	護	護	護持	護持			1		平濁	平濁上濁					e4		096U5：116		T2713_.84.0831a09
30-039-01	金沢文庫本九方便	565	228	持	持	護持	護持			2		上濁	平濁上濁					e1_		096U5：116		T2713_.84.0831a09
30-039-01	金沢文庫本九方便	566	229	無	無	無邊	無邊			1								R4		096U5：116		T2713_.84.0831a10
30-039-01	金沢文庫本九方便	567	229	邊	邊	無邊	無邊			2								e1_		096U5：116		T2713_.84.0831a10
30-039-01	金沢文庫本九方便	568	230	决	决	决定	决定			1			＊平濁					F1_		096U5：116		T2713_.84.0831a10
30-039-01	金沢文庫本九方便	569	230	定	定	决定	决定			2		平濁	＊平濁					e4		096U5：116		T2713_.84.0831a10
30-039-01	金沢文庫本九方便	570	231	南	南	南無	南無			1			＊平濁					e2		096U6：117	音写字	T2713_.84.0833c01
30-039-01	金沢文庫本九方便	571	231	無	無	南無	南無			2		平濁	＊平濁					r3		096U6：117	音写字	T2713_.84.0833c01
30-039-01	金沢文庫本九方便	572	232	摩	摩	摩訶	摩訶			1								e4		096U6：117		T2713_.84.0833c01
30-039-01	金沢文庫本九方便	573	232	訶	訶	摩訶	摩訶			2								e5		096U6：117		T2713_.84.0833c01
30-039-01	金沢文庫本九方便	574	233	南	南	南無	南無			1								e5		096U6：117	音写字	T2713_.84.0833c01
30-039-01	金沢文庫本九方便	575	233	無	無	南無	南無			2								e1_		096U6：117	音写字	T2713_.84.0833c01
30-039-01	金沢文庫本九方便	576	234	寳	寳	寳幢	寳幢			1								e1_		096U6：117		T2713_.84.0833c01
30-039-01	金沢文庫本九方便	577	234	幢	幢	寳幢	寳幢			2								e5		096U6：117		T2713_.84.0833c01
30-039-01	金沢文庫本九方便	578	235	南	南	南無	南無			1								e5		096U7：118	音写字	T2713_.84.0833c02
30-039-01	金沢文庫本九方便	579	235	無	無	南無	南無			2								e5		096U7：118	音写字	T2713_.84.0833c02
30-039-01	金沢文庫本九方便	580	236	開	開	開敷	開敷			1								fr5		096U7：118		T2713_.84.0833c02
30-039-01	金沢文庫本九方便	581	236	敷	敷	開敷	開敷			2								f5		096U7：118		T2713_.84.0833c02
30-039-01	金沢文庫本九方便	582	237	南	南	南無	南無			1								e5		096U7：118	音写字	T2713_.84.0833c02
30-039-01	金沢文庫本九方便	583	237	無	無	南無	南無			2								e5		096U7：118	音写字	T2713_.84.0833c02
30-039-01	金沢文庫本九方便	584	238	無	無	無量	無量			1								e5		096U7：118		T2713_.84.0833c02
30-039-01	金沢文庫本九方便	585	238	量	量	無量	無量			2								fr5		096U7：118		T2713_.84.0833c02
30-039-01	金沢文庫本九方便	586	239	南	南	南無	南無			1								e5		096U8：119	音写字	T2713_.84.0833c03
30-039-01	金沢文庫本九方便	587	239	無	無	南無	南無			2								e5		096U8：119	音写字	T2713_.84.0833c03
30-039-01	金沢文庫本九方便	588	240	天	天	天皷	天皷			1								e1_		096U8：119		T2713_.84.0833c03
30-039-01	金沢文庫本九方便	589	240	皷	皷	天皷	天皷			2								e5		096U8：119		T2713_.84.0833c03
30-039-01	金沢文庫本九方便	590	241	南	南	南無	南無			1								e5		096U8：119	音写字	T2713_.84.0833c03
30-039-01	金沢文庫本九方便	591	241	無	無	南無	南無			2								e5		096U8：119	音写字	T2713_.84.0833c03
30-039-01	金沢文庫本九方便	592	242	普	普	普賢	普賢			1								e1_		096U8：119		T2713_.84.0833c03
30-039-01	金沢文庫本九方便	593	242	賢	賢	普賢	普賢			2								e5		096U8：119		T2713_.84.0833c03
30-039-01	金沢文庫本九方便	594	243	南	南	南無	南無			1								e5		096L1：120	音写字	T2713_.84.0833c04
30-039-01	金沢文庫本九方便	595	243	無	無	南無	南無			2								e5		096L1：120	音写字	T2713_.84.0833c04
30-039-01	金沢文庫本九方便	596	244	文	文	文殊	文殊			1		平濁	平濁平濁					f5		096L1：120		T2713_.84.0833c04
30-039-01	金沢文庫本九方便	597	244	殊	殊	文殊	文殊			2		平濁	平濁平濁					e4		096L1：120		T2713_.84.0833c04
30-039-01	金沢文庫本九方便	598	245	南	南	南無	南無			1								e5		096L1：120	音写字	T2713_.84.0833c04
30-039-01	金沢文庫本九方便	599	245	無	無	南無	南無			2								e5		096L1：120	音写字	T2713_.84.0833c04
30-039-01	金沢文庫本九方便	600	246	觀	観	觀世	観世			1								e1_		096L1：120		T2713_.84.0833c04
30-039-01	金沢文庫本九方便	601	246	世	世	觀世	観世			2								e5		096L1：120		T2713_.84.0833c04
30-039-01	金沢文庫本九方便	602	247	南	南	南無	南無			1								e5		096L2：121	音写字	T2713_.84.0833c05
30-039-01	金沢文庫本九方便	603	247	無	無	南無	南無			2								e5		096L2：121	音写字	T2713_.84.0833c05
30-039-01	金沢文庫本九方便	604	248	彌	弥	彌勒	弥勒			1		平濁	平濁＊					e1_		096L2：121		T2713_.84.0833c05
30-039-01	金沢文庫本九方便	605	248	勒	勒	彌勒	弥勒			2			平濁＊					e5		096L2：121		T2713_.84.0833c05
30-039-01	金沢文庫本九方便	606	249	南	南	南無	南無			1								e5		096L2：121	音写字	T2713_.84.0833c05
30-039-01	金沢文庫本九方便	607	249	無	無	南無	南無			2								e5		096L2：121	音写字	T2713_.84.0833c05
30-039-01	金沢文庫本九方便	608	250	阿	阿	阿哩也	阿哩也			1								e4		096L2：121	音写字	T2713_.84.0833c05
30-039-01	金沢文庫本九方便	609	250	哩	哩	阿哩也	阿哩也			2								e5		096L2：121	音写字	T2713_.84.0833c05
30-039-01	金沢文庫本九方便	610	250	也	也	阿哩也	阿哩也			3								e4		096L2：121	音写字	T2713_.84.0833c05
30-039-01	金沢文庫本九方便	611	251a	縛	縛	縛曰羅	縛曰羅			1		上濁	上濁上濁＊					e5		096L3：122	音写字	T2713_.84.0833c06
30-039-01	金沢文庫本九方便	612	251a	曰	曰	縛曰羅	縛曰羅			2		上濁	上濁上濁＊					e5		096L3：122	音写字	T2713_.84.0833c06
30-039-01	金沢文庫本九方便	613	251a	羅	羅	縛曰羅	縛曰羅			3			上濁上濁＊					e5		096L3：122	音写字	T2713_.84.0833c06
30-039-01	金沢文庫本九方便	614	251b	縛	縛	縛曰羅	縛曰羅			1								e5		096L3：122	音写字	T2713_.84.0833c06
30-039-01	金沢文庫本九方便	615	251b	曰	曰	縛曰羅	縛曰羅			2								e5		096L3：122	音写字	T2713_.84.0833c06
30-039-01	金沢文庫本九方便	616	251b	羅	羅	縛曰羅	縛曰羅			3								e5		096L3：122	音写字	T2713_.84.0833c06
30-039-01	金沢文庫本九方便	617	252	軍	軍	軍__	軍__（茶利）			1		上濁	上濁＊＊							096L3：122	音写字	T2713_.84.0833c06
30-039-01	金沢文庫本九方便	618	253	縛	縛	縛曰羅	縛曰羅			1								e5		096L4：123	音写字	T2713_.84.0833c07
30-039-01	金沢文庫本九方便	619	253	曰	曰	縛曰羅	縛曰羅			2								e5		096L4：123	音写字	T2713_.84.0833c07
30-039-01	金沢文庫本九方便	620	253	羅	羅	縛曰羅	縛曰羅			3								e5		096L4：123	音写字	T2713_.84.0833c07
30-039-01	金沢文庫本九方便	621	254	_	_	_鬘	_鬘			1								e5		096L4：123	音写字	T2713_.84.0833c07
30-039-01	金沢文庫本九方便	622	254	鬘	鬘	_鬘	_鬘			2								fr5		096L4：123	音写字	T2713_.84.0833c07
30-039-01	金沢文庫本九方便	623	255	縛	縛	縛曰羅	縛曰羅			1								e5		096L4：123	音写字	T2713_.84.0833c07
30-039-01	金沢文庫本九方便	624	255	曰	曰	縛曰羅	縛曰羅			2								e5		096L4：123	音写字	T2713_.84.0833c07
30-039-01	金沢文庫本九方便	625	255	羅	羅	縛曰羅	縛曰羅			3								e5		096L4：123	音写字	T2713_.84.0833c07
30-039-01	金沢文庫本九方便	626	256	藥	薬	藥叉	薬叉			1								e1_		096L4：123	音写字	T2713_.84.0833c07
30-039-01	金沢文庫本九方便	627	256	叉	叉	藥叉	薬叉			2								e5		096L4：123	音写字	T2713_.84.0833c07
30-039-01	金沢文庫本九方便	628	257	南	南	南無	南無			1								e5		096L5：124	音写字	T2713_.84.0833c08
30-039-01	金沢文庫本九方便	629	257	無	無	南無	南無			2								e1_		096L5：124	音写字	T2713_.84.0833c08
30-039-01	金沢文庫本九方便	630	258	大	大	大悲	大悲			1								r1_		096L5：124		T2713_.84.0833c08
30-039-01	金沢文庫本九方便	631	258	悲	悲	大悲	大悲			2								e1_		096L5：124		T2713_.84.0833c08
30-039-01	金沢文庫本九方便	632	259	胎	胎	胎藏	胎蔵			1								r1_		096L5：124		T2713_.84.0833c08
30-039-01	金沢文庫本九方便	633	259	藏	蔵	胎藏	胎蔵			2								e1_		096L5：124		T2713_.84.0833c08
30-039-01	金沢文庫本九方便	634	260	南	南	南無	南無			1								e1_		096L6：125	音写字	T2713_.84.0833c08
30-039-01	金沢文庫本九方便	635	260	無	無	南無	南無			2								e1_		096L6：125	音写字	T2713_.84.0833c08
30-039-01	金沢文庫本九方便	636	261	金	金	金剛界	金剛界			1								f1_		096L6：125		T2713_.84.0833c08
30-039-01	金沢文庫本九方便	637	261	剛	剛	金剛界	金剛界			2								e1_		096L6：125		T2713_.84.0833c08
30-039-01	金沢文庫本九方便	638	261	界	界	金剛界	金剛界			3								e1_		096L6：125		T2713_.84.0833c08
30-039-01	金沢文庫本九方便	639	262	一	一	一切	一切			1								e3		096L6：125		T2713_.84.0833c08
30-039-01	金沢文庫本九方便	640	262	切	切	一切	一切			2								f1_		096L6：125		T2713_.84.0833c08
30-039-01	金沢文庫本九方便	641	263	諸	諸	諸佛	諸佛			1								f1_		096L6：125		T2713_.84.0833c08
30-039-01	金沢文庫本九方便	642	263	佛	佛	諸佛	諸佛			2								e5		096L6：125		T2713_.84.0833c08
30-039-01	金沢文庫本九方便	643	264	所	所	所修	所修			1								e1_		096L7：126		T2713_.84.0833c09
30-039-01	金沢文庫本九方便	644	264	修	修	所修	所修			2								e1_		096L7：126		T2713_.84.0833c09
30-039-01	金沢文庫本九方便	645	265	一	一	一切衆	一切衆			1								e1_		096L7：126		T2713_.84.0833c09
30-039-01	金沢文庫本九方便	646	265	切	切	一切衆	一切衆			2								f1_		096L7：126		T2713_.84.0833c09
30-039-01	金沢文庫本九方便	647	265	衆	衆	一切衆	一切衆			3								f1_		096L7：126		T2713_.84.0833c09
30-039-01	金沢文庫本九方便	648	266	善	善	善業	善業			1			＊入濁					fr5		096L7：126		T2713_.84.0833c09
30-039-01	金沢文庫本九方便	649	266	業	業	善業	善業			2		入濁	＊入濁					e5		096L7：126		T2713_.84.0833c09