資料番号	資料名	資料内漢字番号	資料内漢語番号	単字_見出し	単字_出現形	漢語_見出し	漢語_出現形	漢語_alphabet	語種	位置	単字長	声点	声点型	仮名注	仮名型	反切	類音	節博士	その他	出現位置	備考
30-005-01	荘子_高山寺_甲	1	1	重	重	重言	重言			1		去								27_2	
30-005-01	荘子_高山寺_甲	2	2	巵	巵	巵言	巵言			1							音支			27_3	
30-005-01	荘子_高山寺_甲	3	3	倪	倪	天倪	天倪			2							音崖、音詣			27_3	
30-005-01	荘子_高山寺_甲	4	4	分	分	分	分			1		去	去							27_5	
30-005-01	荘子_高山寺_甲	5	5	譽	誉	譽	誉ム			1				〜ル		音余				27_7	和訓
30-005-01	荘子_高山寺_甲	6	6	累	累	累	累（わずら）ヒ			1		去	去	〜ヒ						27_10	和訓
30-005-01	荘子_高山寺_甲	7	7	應	応	應	応ス			1		去	去							27_10	
30-005-01	荘子_高山寺_甲	8	8	艾	艾	耆艾	耆艾			2						五蓋反				27_14	
30-005-01	荘子_高山寺_甲	9	9	巵	巵	巵言	巵言			1		平軽	平軽＊							27_19	
30-005-01	荘子_高山寺_甲	10	10	衍	衍	曼衍	曼衍			2						以戦反				27_19	
30-005-01	荘子_高山寺_甲	11	11	分	分	分	分			1		去	去							27_20	
30-005-01	荘子_高山寺_甲	12	12	復	復	復	復タ			1		去	去							27_23	和訓
30-005-01	荘子_高山寺_甲	13	13	惡	悪	惡	悪（いず）レ			1		平軽	平軽	イツレ						27_27	和訓
30-005-01	荘子_高山寺_甲	14	14	惡	悪	惡	悪（いず）レ			1		平軽	平軽	イ〜						27_28	和訓
30-005-01	荘子_高山寺_甲	15	15	惡	悪	惡	悪（いず）レ			1		平軽	平軽							27_28	和訓
30-005-01	荘子_高山寺_甲	16	16	惡	悪	惡	悪（いず）レ			1		平軽	平軽							27_29	和訓
30-005-01	荘子_高山寺_甲	17	17	巵	巵	巵言	巵言			1		平軽	平軽							27_32	
30-005-01	荘子_高山寺_甲	18	18	分	分	分	分			1		去	去							27_33	
30-005-01	荘子_高山寺_甲	19	19	種	種	種	種			1		上	上	タネ						27_33	和訓
30-005-01	荘子_高山寺_甲	20	20	禪	禅	禪	禅（カハ）ル			1				カハラ		時戦反				27_34	和訓
30-005-01	荘子_高山寺_甲	21	21	復	復	復	復タ			1		去	去							27_35	和訓
30-005-01	荘子_高山寺_甲	22	22	分	分	分	分			1		去	去							27_36	
30-005-01	荘子_高山寺_甲	23	23	知	知	才知	才知			2		去	＊去							27_45	
30-005-01	荘子_高山寺_甲	24	24	好	好	好惡	好悪			1		去	去去							27_47	朱声点
30-005-01	荘子_高山寺_甲	25	24	惡	悪	好惡	好悪			2		去	去去							27_47	朱声点
30-005-01	荘子_高山寺_甲	26	25	好	好	好惡	好悪			1		去	去去							27_49	
30-005-01	荘子_高山寺_甲	27	25	惡	悪	好惡	好悪			2		去	去去							27_49	
30-005-01	荘子_高山寺_甲	28	26	〓	〓（くさかんむりに_）	〓立	〓立			1						玉各反	音悟			27_50	
30-005-01	荘子_高山寺_甲	29	27	樂	楽	樂	楽フ			1							音洛			27_54	和訓
30-005-01	荘子_高山寺_甲	30	28	_	_	_	_フ			1				オヨハ		其器反				27_54	和訓
30-005-01	荘子_高山寺_甲	31	29	參	参	參	参			1						所金反				27_55	
30-005-01	荘子_高山寺_甲	32	30	懸	懸	懸	懸ル			1				カカ			音玄			27_56	和訓
30-005-01	荘子_高山寺_甲	33	31	爲	為	爲	為（タメ）			1		去	去							27_56	朱声点、和訓
30-005-01	荘子_高山寺_甲	34	32	養	養	養	養フ			1		去	去							27_57	和訓
30-005-01	荘子_高山寺_甲	35	33	鸛	鸛	鸛	鸛ル			1				ミル		古乱反				27_59	和訓
30-005-01	荘子_高山寺_甲	36	34	蚊	蚊	蚊虻	蚊虻			1							音文			27_59	
30-005-01	荘子_高山寺_甲	37	34	虻	虻	蚊虻	蚊虻			2						孟庚反				27_59	
30-005-01	荘子_高山寺_甲	38	35	_	_	子_	子_			2							音其			27_62	
30-005-01	荘子_高山寺_甲	39	36	復	復	復	復タ			1		去	去							27_66	和訓
30-005-01	荘子_高山寺_甲	40	37	籟	籟	天籟	天籟			2		去	＊去							27_67	
30-005-01	荘子_高山寺_甲	41	38	喪	喪	喪	喪フ			1		去	去	ウシ						27_68	和訓
30-005-01	荘子_高山寺_甲	42	39	惡	悪	惡何	悪何ゾ			1		平軽	平軽＊							27_72	和訓
30-005-01	荘子_高山寺_甲	43	39	惡	悪	惡何	悪何ゾ			1		平軽	平軽＊							27_72	和訓
30-005-01	荘子_高山寺_甲	44	40	惡	悪	惡	悪（いず）レ			1		平軽	平軽	イ〜						27_74	和訓
30-005-01	荘子_高山寺_甲	45	41	應	応	應	応ス			1		去	去							27_78	
30-005-01	荘子_高山寺_甲	46	42	應	応	應	応			1		去	去							27_78	
30-005-01	荘子_高山寺_甲	47	43	應	応	應	応ス			1		去	去							27_79	
30-005-01	荘子_高山寺_甲	48	44	應	応	應	応ス			1		去	去							27_80	
30-005-01	荘子_高山寺_甲	49	45	括	括	括	括ル			1				ククレリ		古活反				27_82	和訓
30-005-01	荘子_高山寺_甲	50	46	被	被	被	被ル			1		去	去							27_82	和訓
30-005-01	荘子_高山寺_甲	51	47	搜	捜	搜搜	捜捜			1						素口反・素刀反	音蕭			27_84	
30-005-01	荘子_高山寺_甲	52	48	蜩	蜩	蜩	蜩			1				セミ		音條				27_85	和訓
30-005-01	荘子_高山寺_甲	53	49	甲	甲	甲	甲			1				コフ	コフ＊					27_86	
30-005-01	荘子_高山寺_甲	54	50	蛻	蛻	蛻	蛻			1				モヌケ		吐臥反・始鋭反	音悦			27_86	和訓
30-005-01	荘子_高山寺_甲	55	51	屯	屯	屯	屯			1				アツマル		徒門反				27_87	和訓
30-005-01	荘子_高山寺_甲	56	52	邀	邀	邀	邀フ			1				タフ（ＨＬ）		古尭反				27_94	和訓
30-005-01	荘子_高山寺_甲	57	53	〓	〓（さんずいに盥）	〓漱	〓漱			1							音管			27_97	
30-005-01	荘子_高山寺_甲	58	53	漱	漱	〓漱	〓漱			2						所又反				27_97	
30-005-01	荘子_高山寺_甲	59	54	櫛	櫛	巾櫛	巾櫛			2						荘乙反				27_97	
30-005-01	荘子_高山寺_甲	60	55	間	間	間	間			1		平	平	イトマ						27_99	和訓
30-005-01	荘子_高山寺_甲	61	56	間	間	間	間			1		平	平	イトマ						27_99	和訓
30-005-01	荘子_高山寺_甲	62	57	_	_	__	__			1						呼維反				27_100	
30-005-01	荘子_高山寺_甲	63	58	_	_	__	__			1						香于反				27_100	
30-005-01	荘子_高山寺_甲	64	59	難	難	難	難（はばか）ル			1		去	去	ハハカリ						27_101	和訓
30-005-01	荘子_高山寺_甲	65	60	遠	遠	疎遠	疎遠			2		去	＊去							27_101	朱声点
30-005-01	荘子_高山寺_甲	66	61	〓	〓（就の下に足）	〓然	〓然			1						子六反				27_102	
30-005-01	荘子_高山寺_甲	67	62	煬	煬	煬者	煬者			1						羊尚反	音羊			27_104	
30-005-01	荘子_高山寺_甲	68	63	去	去	去	去ス			1		上	上							27_106	訳文では「去る」
30-005-01	荘子_高山寺_甲	69	64	支	支	支父	支父			1		平軽	平軽＊	シ	シ＊					28_3	
30-005-01	荘子_高山寺_甲	70	64	父	父	支父	支父			2			平軽＊		シ＊		音甫			28_3	
30-005-01	荘子_高山寺_甲	71	65	卷	巻	善卷	善巻			2						眷勉反				28_14	
30-005-01	荘子_高山寺_甲	72	66	衣	衣	衣	衣ル			1		去	去	キ						28_15	和訓
30-005-01	荘子_高山寺_甲	73	67	衣	衣	衣	衣ル			1		去	去	キ						28_15	和訓
30-005-01	荘子_高山寺_甲	74	68	_	_	葛_	葛_			2		平軽	＊平軽							28_15	
30-005-01	荘子_高山寺_甲	75	69	種	種	耕種	耕種			2		去	＊去							28_16	
30-005-01	荘子_高山寺_甲	76	70	處	処	處	処			1		去	去							28_20	
30-005-01	荘子_高山寺_甲	77	71	惓	惓	惓惓	惓惓			1		平	平＊				音権、音眷			28_22	
30-005-01	荘子_高山寺_甲	78	72	葆	葆	葆力	葆力			1							音保			28_22	
30-005-01	荘子_高山寺_甲	79	73	大	大	大王	大王			1		去	去＊							28_26	
30-005-01	荘子_高山寺_甲	80	74	亶	亶	亶父	亶父			1			＊上			丁但反				28_26	
30-005-01	荘子_高山寺_甲	81	74	父	父	亶父	亶父			2		上	＊上				音甫			28_26	
30-005-01	荘子_高山寺_甲	82	75	_	_	_	_			1						筆貧反				28_26	
30-005-01	荘子_高山寺_甲	83	76	大	大	大王	大王			1		去	去＊							28_28	
30-005-01	荘子_高山寺_甲	84	77	筴	筴	筴	筴			1		入軽				初革反				28_32	
30-005-01	荘子_高山寺_甲	85	78	連	連	連	連（はこ）ブ			1						力展反				28_33	和訓
30-005-01	荘子_高山寺_甲	86	79	岐	岐	岐山	岐山			1						其宜反				28_33	
30-005-01	荘子_高山寺_甲	87	80	大	大	大王	大王			1		去	去＊							28_34	
30-005-01	荘子_高山寺_甲	88	81	殺	殺	殺	殺ス			1		去	去							28_38	朱声点
30-005-01	荘子_高山寺_甲	89	82	搜	捜	搜	捜			1						素烝反・悉構反				28_38	「烝」でなく「承」か
30-005-01	荘子_高山寺_甲	90	83	艾	艾	艾	艾			1						五蓋反				28_41	
30-005-01	荘子_高山寺_甲	91	84	援	援	援	援ル			1				トリ			音袁			28_41	和訓
30-005-01	荘子_高山寺_甲	92	85	呼	呼	呼	呼ハフ			1				ヨハフ		火故反				28_42	和訓
30-005-01	荘子_高山寺_甲	93	86	舎	舎	舎	舎ツ			1		上	上	スツ						28_43	和訓
30-005-01	荘子_高山寺_甲	94	87	惡	悪	惡	悪ム			1		去	去	ニク						28_43	朱声点、和訓
30-005-01	荘子_高山寺_甲	95	88	惡	悪	惡	悪ム			1		去	去	ニク						28_43	朱声点、和訓
30-005-01	荘子_高山寺_甲	96	89	攫	攫	攫	攫（と）ル			1				トラ		倶碧・倶縛二反				28_50	和訓
30-005-01	荘子_高山寺_甲	97	90	_	_	_	_（いた）ム			1				イタム		千歴反				28_56	和訓
30-005-01	荘子_高山寺_甲	98	91	苴	苴	苴布	苴布			1						七余反	音麁			28_60	
30-005-01	荘子_高山寺_甲	99	92	飯	飯	飯	飯（か）フ			1				カフ		符晩反				28_60	和訓
30-005-01	荘子_高山寺_甲	100	93	使	使	使者	使者			1		去	去去							28_61	
30-005-01	荘子_高山寺_甲	101	93	使	使	使者	使者			1		去	去去							28_61	
30-005-01	荘子_高山寺_甲	102	94	與	與	與	與（か）			1		平	平							28_62	朱声点、和訓
30-005-01	荘子_高山寺_甲	103	95	使	使	使者	使者			1		去	去＊							28_63	
30-005-01	荘子_高山寺_甲	104	96	遺	遺	遺	遺（おく）ル			1		去	去	オクレラ						28_63	和訓
30-005-01	荘子_高山寺_甲	105	97	使	使	使者	使者			1		去	去去							28_63	
30-005-01	荘子_高山寺_甲	106	97	使	使	使者	使者			1		去	去去							28_64	
30-005-01	荘子_高山寺_甲	107	98	復	復	復	復タ			1						扶又反	音服			28_64	和訓
30-005-01	荘子_高山寺_甲	108	99	惡	悪	惡	悪ム			1		去	去	ニク						28_65	朱声点、和訓
30-005-01	荘子_高山寺_甲	109	100	緒	緒	緒餘	緒餘			1							音奢			28_66	
30-005-01	荘子_高山寺_甲	110	100	餘	餘	緒餘	緒餘			2						以嗟反				28_66	
30-005-01	荘子_高山寺_甲	111	101	土	土	土苴	土苴			1		上	上上	タ	タサ	勅雅反・岸賈反				28_67	
30-005-01	荘子_高山寺_甲	112	101	苴	苴	土苴	土苴			2		上	上上	サ	タサ	側雅反・知雅反				28_67	
30-005-01	荘子_高山寺_甲	113	102	彈	弾	彈	弾（ひ）ク			1				〜イ		徒丹反				28_72	和訓
30-005-01	荘子_高山寺_甲	114	103	要	要	要	要ス			1		平軽	平軽							28_73	
30-005-01	荘子_高山寺_甲	115	104	御	御	列御寇	列御寇			2		上	＊上＊							28_76	
30-005-01	荘子_高山寺_甲	116	105	好	好	好	好ム			1		去	去	コ〜						28_77	朱声点、和訓
30-005-01	荘子_高山寺_甲	117	106	令	令	再讀字	（再読字）			1		平	平							28_78	和訓
30-005-01	荘子_高山寺_甲	118	107	使	使	使者	使者			1		去	去去							28_79	
30-005-01	荘子_高山寺_甲	119	107	使	使	使者	使者			1		去	去去							28_79	
30-005-01	荘子_高山寺_甲	120	108	拊	拊	拊	拊（う）ツ			1				ウチ			音撫			28_80	和訓
30-005-01	荘子_高山寺_甲	121	109	樂	楽	逸樂	逸楽			2							音洛			28_81	
30-005-01	荘子_高山寺_甲	122	110	過	過	過	過ツ			1				ア〜		古臥反				28_82	和訓
30-005-01	荘子_高山寺_甲	123	111	遺	遺	遺	遺（おく）ル			1		去	去	オク						28_82	和訓
30-005-01	荘子_高山寺_甲	124	112	遺	遺	遺	遺（おく）ル			1		去	去	オク						28_84	和訓
30-005-01	荘子_高山寺_甲	125	113	難	難	難	難			1		去	去							28_86	朱声点
30-005-01	荘子_高山寺_甲	126	114	説	説	屠羊説	屠羊説			3							音悦			28_87	
30-005-01	荘子_高山寺_甲	127	115	從	従	從者	従者			1		去	去＊							28_88	
30-005-01	荘子_高山寺_甲	128	116	強	強	強	強ヒテ			1		去	去	シヒテ						28_91	和訓
30-005-01	荘子_高山寺_甲	129	117	見	見	見	見（あらは）ス			1		去	去	アラハサ						28_94	朱声点
30-005-01	荘子_高山寺_甲	130	118	知	知	知	知			1		去	去							28_96	朱声点
30-005-01	荘子_高山寺_甲	131	119	郢	郢	郢	郢			1						以井反				28_97	
30-005-01	荘子_高山寺_甲	132	120	約	約	約	約			1						於妙反				28_98	
30-005-01	荘子_高山寺_甲	133	121	見	見	見	見（あらは）ス			1				アラハ		賢遍反				28_98	和訓
30-005-01	荘子_高山寺_甲	134	122	爲	為	爲	為（ため）			1		去	去							28_101	朱声点、和訓
30-005-01	荘子_高山寺_甲	135	123	施	施	妄施	妄施			2						始鼓反				28_105	
30-005-01	荘子_高山寺_甲	136	124	樞	枢	樞	枢			1				トホソ		之朱反				28_109	和訓
30-005-01	荘子_高山寺_甲	137	125	甕	甕	甕_	甕_			1		去	去＊							28_109	
30-005-01	荘子_高山寺_甲	138	125	_	_	甕_	甕_			2			去＊				音酉			28_109	
30-005-01	荘子_高山寺_甲	139	126	褐	褐	褐	褐			1						下葛反				28_110	
30-005-01	荘子_高山寺_甲	140	127	塞	塞	塞	塞			1				マト		悉代反				28_110	和訓
30-005-01	荘子_高山寺_甲	141	128	紺	紺	紺	紺			1				コム	コム	古暗反				28_111	
30-005-01	荘子_高山寺_甲	142	129	華	華	華冠	華冠			1		去	去＊			胡化反				28_112	
30-005-01	荘子_高山寺_甲	143	130	_	_	__	__			1						所綺反				28_112	
30-005-01	荘子_高山寺_甲	144	131	應	応	應	応（アタ）ル			1		去	去	アタレリ						28_113	和訓
30-005-01	荘子_高山寺_甲	145	132	_	_	_	_			1				〜ノモ		許其反				28_113	和訓
30-005-01	荘子_高山寺_甲	146	133	逡	逡	逡巡	逡巡			1		平軽	平軽＊							28_116	
30-005-01	荘子_高山寺_甲	147	134	比	比	比周	比周			1		去	去							28_117	朱声点
30-005-01	荘子_高山寺_甲	148	135	爲	為	爲	為（ため）			1		去	去							28_117	朱声点、和訓
30-005-01	荘子_高山寺_甲	149	136	爲	為	爲	為（ため）			1		去	去							28_118	朱声点、和訓
30-005-01	荘子_高山寺_甲	150	137	慝	慝	慝	慝			1						吐得反				28_118	
30-005-01	荘子_高山寺_甲	151	138	_	_	_袍	_袍			1						紆粉反				28_119	
30-005-01	荘子_高山寺_甲	152	139	種	種	種_	種_			1						章勇反				28_120	
30-005-01	荘子_高山寺_甲	153	139	_	_	種_	種_			2						古外反				28_120	
30-005-01	荘子_高山寺_甲	154	140	胼	胼	胼胝	胼胝			1						薄田反				28_120	
30-005-01	荘子_高山寺_甲	155	140	胝	胝	胼胝	胼胝			2						竹其反				28_120	
30-005-01	荘子_高山寺_甲	156	141	見	見	見	見ユ			1		去	去	ミユ						28_122	朱声点、和訓
30-005-01	荘子_高山寺_甲	157	142	_	_	_鬻	_鬻			1						之然反				28_128	
30-005-01	荘子_高山寺_甲	158	142	鬻	鬻	_鬻	_鬻			2						之六反	音育			28_128	
30-005-01	荘子_高山寺_甲	159	143	樂	楽	樂	楽フ			1							音洛			28_130	和訓
30-005-01	荘子_高山寺_甲	160	144	愀	愀	愀然	愀然			1						七小反				28_131	
30-005-01	荘子_高山寺_甲	161	145	行	行	行	行			1		去	去							28_133	朱声点
30-005-01	荘子_高山寺_甲	162	146	_	_	_	_ツ			1				ハチ		在洛反				28_134	和訓
30-005-01	荘子_高山寺_甲	163	147	勝	勝	勝	勝フ			1				タフ			音升			28_139	和訓
30-005-01	荘子_高山寺_甲	164	148	勝	勝	勝	勝フ			1		平	平							28_140	和訓
30-005-01	荘子_高山寺_甲	165	149	惡	悪	惡	悪シ			1				アシキ		烏路反				28_140	和訓
30-005-01	荘子_高山寺_甲	166	150	勝	勝	勝	勝フ			1		平軽	平軽							28_140	和訓
30-005-01	荘子_高山寺_甲	167	151	重	重	重傷	重傷			1						直用反				28_141	
30-005-01	荘子_高山寺_甲	168	152	乘	乗	萬乘	万乗			2		去	＊去							28_142	
30-005-01	荘子_高山寺_甲	169	153	_	_	_	_ス			1				コナカキ		素感反				28_146	和訓
30-005-01	荘子_高山寺_甲	170	154	備	備	備	備（つか）ル			1				ツカレ		皮拝反				28_146	和訓
30-005-01	荘子_高山寺_甲	171	155	喟	喟	喟然	喟然			1		去	去＊							28_152	
30-005-01	荘子_高山寺_甲	172	156	語	語	語	語ル			1		去	去	カタラ						28_153	朱声点、和訓
30-005-01	荘子_高山寺_甲	173	157	難	難	難	難			1		去	去							28_158	朱声点
30-005-01	荘子_高山寺_甲	174	158	隘	隘	隘	隘ミ			1				タシナミ		於懈反	音虍			28_160	和訓
30-005-01	荘子_高山寺_甲	175	159	削	削	削然	削然			1		入軽	入軽＊				音消			28_161	
30-005-01	荘子_高山寺_甲	176	160	_	_	_然	_然			1						許訖反				28_161	
30-005-01	荘子_高山寺_甲	177	161	樂	楽	樂	楽フ			1		入軽	入軽	タノシフ						28_163	和訓
30-005-01	荘子_高山寺_甲	178	162	樂	楽	樂	楽（フ）			1		入軽	入軽							28_163	和訓
30-005-01	荘子_高山寺_甲	179	163	樂	楽	樂	楽（フ）			1		入軽	入軽							28_164	和訓
30-005-01	荘子_高山寺_甲	180	164	共	共	共伯	共伯			1							音恭			28_166	
30-005-01	荘子_高山寺_甲	181	165	_	_	_畝	_畝			1						古犬反				28_168	
30-005-01	荘子_高山寺_甲	182	166	行	行	辱行	辱行			2		去	＊去							28_170	朱声点
30-005-01	荘子_高山寺_甲	183	167	漫	漫	漫	漫ス			1				ケカ		武諫反				28_170	和訓
30-005-01	荘子_高山寺_甲	184	168	冷	冷	清冷	清冷			2		平	＊平							28_171	さんずい
30-005-01	荘子_高山寺_甲	185	169	害	害	害	害ス			1		去	去							28_172	
30-005-01	荘子_高山寺_甲	186	170	行	行	行	行			1		去	去							28_172	
30-005-01	荘子_高山寺_甲	187	171	_	_	_光	_光			1						莫豆反	音務			28_175	
30-005-01	荘子_高山寺_甲	188	172	疆	疆	疆力	疆力			1		平	平＊							28_177	
30-005-01	荘子_高山寺_甲	189	173	行	行	辱行	辱行			2		去	＊去							28_182	朱声点
30-005-01	荘子_高山寺_甲	190	174	數	数	數	数			1		入軽	入軽	シハシハ						28_182	朱声点、和訓
30-005-01	荘子_高山寺_甲	191	175	稠	稠	稠水	稠水			1						直留反	音桐			28_183	
30-005-01	荘子_高山寺_甲	192	176	難	難	難	難			1		去	去							28_187	朱声点
30-005-01	荘子_高山寺_甲	193	177	廬	廬	廬水	廬水			1						音閭				28_190	
30-005-01	荘子_高山寺_甲	194	178	淡	淡	淡然	淡然			1		去	去＊							28_192	
30-005-01	荘子_高山寺_甲	195	179	概	概	概	概（スルコト）			1		去	去							28_193	
30-005-01	荘子_高山寺_甲	196	180	旦	旦	叔旦	叔旦			2		去	去	タニ						28_198	
30-005-01	荘子_高山寺_甲	197	181	_	_	_	_（オノ）			1				〜ノモ		許其反・於其反				28_200	和訓
30-005-01	荘子_高山寺_甲	198	182	憙	憙	憙	憙（サイハヒ）			1				サイハヒ		許記反				28_202	和訓
30-005-01	荘子_高山寺_甲	199	183	治	治	治	治（マル）			1		去	去	〜マ						28_203	朱声点、和訓
30-005-01	荘子_高山寺_甲	200	184	治	治	治	治			1		去	去							28_203	朱声点
30-005-01	荘子_高山寺_甲	201	185	治	治	治	治			1		去	去							28_204	朱声点
30-005-01	荘子_高山寺_甲	202	186	行	行	行	行			1		去	去							28_207	朱声点
30-005-01	荘子_高山寺_甲	203	187	説	説	説	説ブ			1		入軽	入軽	ヨロ〜						28_208	和訓
30-005-01	荘子_高山寺_甲	204	188	要	要	要	要			1		平軽	平軽							28_208	朱声点
30-005-01	荘子_高山寺_甲	205	189	治	治	治世	治世			1		去	去＊							28_209	朱声点
30-005-01	荘子_高山寺_甲	206	190	行	行	行	行			1		去	去							28_215	朱声点
30-005-01	荘子_高山寺_甲	207	191	樂	楽	樂	楽ブ			1		入軽	入軽	タ〜						28_215	和訓
30-005-01	荘子_高山寺_甲	208	192	被	被	被	被ル			1		去	去	〜る						28_217	和訓
30-005-01	荘子_高山寺_甲	209	193	冒	冒	貪冒	貪冒			2		入軽	入軽							28_218	
30-005-01	荘子_高山寺_甲	210	194	_	_	之_	之_			2							音快			28_221	
30-005-01	荘子_高山寺_甲	211	195	喜	喜	喜	喜ム			1		去	去	コノム		許記反				30_2	朱声点、和訓
30-005-01	荘子_高山寺_甲	212	196	夾	夾	夾	夾ム			1				ハサメリ			音叶			30_2	和訓
30-005-01	荘子_高山寺_甲	213	197	厭	厭	厭	厭ル			1				アキタラ		於塩反・於艶反				30_4	和訓
30-005-01	荘子_高山寺_甲	214	198	_	_	_	_			1						苦回反				30_5	
30-005-01	荘子_高山寺_甲	215	199	募	募	募	募ル			1				ツノリ		亡牟反				30_5	和訓
30-005-01	荘子_高山寺_甲	216	200	説	説	説	説ク			1				トイ			音悦			30_6	
30-005-01	荘子_高山寺_甲	217	201	使	使	使者	使者			1		去	去							30_8	朱声点
30-005-01	荘子_高山寺_甲	218	202	從	従	從車	従車			1						才用反				30_10	
30-005-01	荘子_高山寺_甲	219	203	喜	喜	喜	喜ム			1		去	去	コ〜						30_12	
30-005-01	荘子_高山寺_甲	220	204	好	好	好	好ム			1		去	去							30_12	
30-005-01	荘子_高山寺_甲	221	205	説	説	説	説ク			1				トカ		始鋭反				30_13	
30-005-01	荘子_高山寺_甲	222	206	曼	曼	曼胡	曼胡			1						莫干反				30_18	
30-005-01	荘子_高山寺_甲	223	207	難	難	語難	語難			2						乃旦反				30_19	
30-005-01	荘子_高山寺_甲	224	208	見	見	見	見ユ			1		去	去	マ〜						30_22	朱声点、和訓
30-005-01	荘子_高山寺_甲	225	209	喜	喜	喜	喜ム			1		去	去	コ〜						30_25	和訓
30-005-01	荘子_高山寺_甲	226	210	見	見	見	見ユ			1		去	去	マ〜						30_25	朱声点、和訓
30-005-01	荘子_高山寺_甲	227	211	敦	敦	敦	敦ツ			1				タタ		丁回反				30_33	和訓
30-005-01	荘子_高山寺_甲	228	212	燕	燕	燕谿	燕谿			1		平軽	平軽＊							30_39	
30-005-01	荘子_高山寺_甲	229	213	鍔	鍔	鍔	鍔			1				ヤキハ		五各反				30_40	和訓
30-005-01	荘子_高山寺_甲	230	214	鐔	鐔	鐔	鐔			1				ツミハ			音淫			30_40	和訓
30-005-01	荘子_高山寺_甲	231	215	夾	夾	夾	夾			1				ツカ		古叶反				30_41	和訓
30-005-01	荘子_高山寺_甲	232	216	裹	裹	裹	裹ム			1				ツツム			音果			30_41	和訓
30-005-01	荘子_高山寺_甲	233	217	勃	勃	勃海	勃海			1		入	入＊							30_41	
30-005-01	荘子_高山寺_甲	234	218	芒	芒	芒然	芒然			1						莫剛反				30_47	
30-005-01	荘子_高山寺_甲	235	219	肺	肺	肝肺	肝肺			2						芳廃反				30_60	脯を見せ消ちで修正
30-005-01	荘子_高山寺_甲	236	220	旦	旦	一旦	一旦			2		去	＊去							30_60	
30-005-01	荘子_高山寺_甲	237	221	好	好	好	好ム			1		去	去							30_62	和訓
30-005-01	荘子_高山寺_甲	238	222	爲	為	爲	為（ため）			1		去	去							30_62	朱声点、和訓
30-005-01	荘子_高山寺_甲	239	223	上	上	上	上ル			1		上	上	ノホ						30_63	和訓
30-005-01	荘子_高山寺_甲	240	224	處	処	處	処			1		去	去	トコロ						30_66	和訓
30-005-01	荘子_高山寺_甲	241	225	父	父	漁父	漁父			2		上	＊上							31_1	朱声点
30-005-01	荘子_高山寺_甲	242	225	父	父	漁父	漁父			2		上	＊上				音甫			31_4	
30-005-01	荘子_高山寺_甲	243	226	被	被	被	被ル			1		去	去	カ〜						31_5	和訓
30-005-01	荘子_高山寺_甲	244	227	揄	揄	揄	揄ル			1				フリ			音遥・音偸			31_5	和訓
30-005-01	荘子_高山寺_甲	245	228	袂	袂	袂	袂			1				ソテ		面世反				31_5	和訓
30-005-01	荘子_高山寺_甲	246	229	上	上	上	上ル			1		上	上	ノホ						31_5	和訓
30-005-01	荘子_高山寺_甲	247	230	飾	飾	飾	飾ル			1				カサリ			音勅			31_12	和訓
30-005-01	荘子_高山寺_甲	248	231	與	與	與	與（か）			1		平	平							31_15	朱声点、和訓
30-005-01	荘子_高山寺_甲	249	232	與	與	與	與（か）			1		平	平							31_15	朱声点、和訓
30-005-01	荘子_高山寺_甲	250	233	與	與	與	與（か）			1		平	平							31_20	朱声点、和訓
30-005-01	荘子_高山寺_甲	251	234	杖	杖	杖	杖タツ			1				ツイタテ		直亮反				31_21	和訓
30-005-01	荘子_高山寺_甲	252	235	_	_	_	_			1				サヲ		女居反				31_21	和訓
30-005-01	荘子_高山寺_甲	253	236	向	向	還向	還向			2						香亮反				31_21	
30-005-01	荘子_高山寺_甲	254	237	_	_	_唾	_唾			1						開代反				31_25	
30-005-01	荘子_高山寺_甲	255	237	唾	唾	_唾	_唾			2						吐臥反				31_25	
30-005-01	荘子_高山寺_甲	256	238	相	相	相	相ク			1		去	去	タスケ						31_25	和訓
30-005-01	荘子_高山寺_甲	257	239	_	_	_	_			1				ア		季其反				31_26	反切に虫食い、和訓
30-005-01	荘子_高山寺_甲	258	240	好	好	好	好ム			1		去	去							31_26	和訓
30-005-01	荘子_高山寺_甲	259	241	少	少	少	少シ			1		去	去	ワカ						31_27	和訓
30-005-01	荘子_高山寺_甲	260	242	治	治	正治	正治			2		去	去							31_32	朱声点
30-005-01	荘子_高山寺_甲	261	243	屬	属	屬	属ス			1							音燭			31_35	
30-005-01	荘子_高山寺_甲	262	244	長	長	長幼	長幼			1		上	上＊							31_35	
30-005-01	荘子_高山寺_甲	263	245	勝	勝	勝	勝フ			1		平軽	平軽	タヘ			音升			31_36	和訓
30-005-01	荘子_高山寺_甲	264	246	治	治	治	治マル			1		去	去	〜マ						31_36	朱声点、和訓
30-005-01	荘子_高山寺_甲	265	247	行	行	行	行			1		去	去							31_37	朱声点
30-005-01	荘子_高山寺_甲	266	248	朝	朝	朝	朝			1		平	平							31_38	
30-005-01	荘子_高山寺_甲	267	249	技	技	工技	工技			2						其綺反				31_39	枝字に作る
30-005-01	荘子_高山寺_甲	268	250	餝	餝	飾	飾ホル			1				トトノホラ			音勅			31_43	和訓
30-005-01	荘子_高山寺_甲	269	251	泰	泰	泰	泰（いと）			1		去	去	イト						31_47	和訓
30-005-01	荘子_高山寺_甲	270	252	疵	疵	疵	疵			1				キス		祀知反				31_47	和訓
30-005-01	荘子_高山寺_甲	271	253	好	好	好	好ム			1		去	去	コ〜						31_51	和訓
30-005-01	荘子_高山寺_甲	272	254	譽	誉	稱譽	称誉			2							音余			31_52	
30-005-01	荘子_高山寺_甲	273	255	敗	敗	敗惡	敗悪			1		去	去去	ヤ〜						31_52	和訓
30-005-01	荘子_高山寺_甲	274	255	惡	悪	敗惡	敗悪			2		去	去去	ニク						31_52	和訓
30-005-01	荘子_高山寺_甲	275	256	慝	慝	慝	慝			1						他得反				31_53	
30-005-01	荘子_高山寺_甲	276	257	否	否	善否	善否			2						悲矣反・方九反				31_53	悪字を訂正
30-005-01	荘子_高山寺_甲	277	258	好	好	好	好ム			1		去	去	コ						31_56	朱声点、和訓
30-005-01	荘子_高山寺_甲	278	259	更	更	變更	変更			2		平軽	＊平軽							31_56	
30-005-01	荘子_高山寺_甲	279	260	挂	挂	挂	挂ク			1				ワク			音卦・音圭			31_56	和訓
30-005-01	荘子_高山寺_甲	280	261	叨	叨	叨	叨			1						吐刀反				31_57	
30-005-01	荘子_高山寺_甲	281	262	_	_	_	_			1						胡墾反				31_59	
30-005-01	荘子_高山寺_甲	282	263	去	去	去	去ツ			1		上	上	ステ						31_60	朱声点、和訓
30-005-01	荘子_高山寺_甲	283	264	愀	愀	愀然	愀然			1						在九反・七小反				31_62	
30-005-01	荘子_高山寺_甲	284	265	語	語	語	語フ			1		去	去	イヒ						31_65	朱声点、和訓
30-005-01	荘子_高山寺_甲	285	266	惡	悪	惡	悪ム			1		去	去	ニク						31_66	和訓
30-005-01	荘子_高山寺_甲	286	267	數	数	數	数			1		入軽	入軽	シハシハ						31_67	和訓
30-005-01	荘子_高山寺_甲	287	268	離	離	離	離ル			1		去	去	ハナ						31_68	和訓
30-005-01	荘子_高山寺_甲	288	269	好	好	好惡	好悪			1		去	去去							31_72	
30-005-01	荘子_高山寺_甲	289	269	惡	悪	好惡	好悪			2		去	去去							31_72	
30-005-01	荘子_高山寺_甲	290	270	竦	竦	自竦	自竦			2		上	＊上							31_75	
30-005-01	荘子_高山寺_甲	291	271	強	強	強	強フ			1		去	去	シヒ						31_77	朱声点、和訓
30-005-01	荘子_高山寺_甲	292	272	強	強	強	強フ			1		去	去	シヒ						31_78	朱声点、和訓
30-005-01	荘子_高山寺_甲	293	273	強	強	強	強フ			1		去	去	シヒ						31_79	朱声点、和訓
30-005-01	荘子_高山寺_甲	294	274	樂	楽	歡樂	歓楽			2							音洛			31_83	
30-005-01	荘子_高山寺_甲	295	275	禄	禄	禄禄	禄禄			1							音録			31_91	
30-005-01	荘子_高山寺_甲	296	276	蚤	蚤	蚤	蚤シ			1				ハヤ			音早			31_92	和訓
30-005-01	荘子_高山寺_甲	297	277	湛	湛	湛	湛ル			1				フケリ		丁南反				31_92	和訓
30-005-01	荘子_高山寺_甲	298	278	比	比	比	比ス			1						毘志反				31_95	
30-005-01	荘子_高山寺_甲	299	279	刺	刺	刺	刺ス			1				サシ		七亦反				31_100	和訓
30-005-01	荘子_高山寺_甲	300	280	旁	旁	旁	旁フ			1		去	去	ソフ						31_103	朱声点、和訓
30-005-01	荘子_高山寺_甲	301	281	役	役	役	役			1		入軽	入軽							31_103	
30-005-01	荘子_高山寺_甲	302	282	乘	乗	萬乘	万乗			2		去	＊去							31_104	朱声点
30-005-01	荘子_高山寺_甲	303	283	乘	乗	千乘	千乗			2		去	＊去							31_105	朱声点
30-005-01	荘子_高山寺_甲	304	284	伉	伉	伉禮	伉礼			1		去	去＊							31_106	
30-005-01	荘子_高山寺_甲	305	285	倨	倨	倨敖	倨敖			1		去	去＊							31_106	
30-005-01	荘子_高山寺_甲	306	285	敖	敖	倨敖	倨敖			2			去＊			五報反				31_106	
30-005-01	荘子_高山寺_甲	307	286	父	父	漁父	漁父			2		上	＊上							31_106	
30-005-01	荘子_高山寺_甲	308	287	腰	腰	腰	腰			1		平軽	平軽	コシ						31_107	和訓
30-005-01	荘子_高山寺_甲	309	288	折	折	磬折	磬折			2						之設反				31_107	
30-005-01	荘子_高山寺_甲	310	289	語	語	語	語ル			1		去	去	カタラ						31_112	和訓
30-005-01	荘子_高山寺_甲	311	290	長	長	長	長			1		上	上							31_112	
30-005-01	荘子_高山寺_甲	312	291	下	下	下	下ル			1		去	去	クタル		遐嫁反				31_113	朱声点、和訓
30-005-01	荘子_高山寺_甲	313	292	間	間	間	間カ			1		平	平	シツカ						31_120	朱声点、和訓
30-005-01	荘子_高山寺_甲	314	293	蠕	蠕	蠕動	蠕動			1		上	上＊			如_反				31_121	反切欄外
30-005-01	荘子_高山寺_甲	315	294	惡	悪	惡	悪ソ			1		平軽	平軽	イツク						33_4	和訓
30-005-01	荘子_高山寺_甲	316	295	離	離	離	離ル			1		去	去	ハナ						33_8	和訓
30-005-01	荘子_高山寺_甲	317	296	離	離	離	離ル			1		去	去							33_8	和訓
30-005-01	荘子_高山寺_甲	318	297	離	離	離	離ル			1		去	去							33_9	和訓
30-005-01	荘子_高山寺_甲	319	298	行	行	行	行			1		去	去							33_12	朱声点
30-005-01	荘子_高山寺_甲	320	299	薫	薫	薫然	薫然			1						許云反				33_12	
30-005-01	荘子_高山寺_甲	321	300	粗	粗	粗迹	粗迹			1						七奴反				33_13	
30-005-01	荘子_高山寺_甲	322	301	參	参	參	参			1						七曹反				33_14	
30-005-01	荘子_高山寺_甲	323	302	稽	稽	稽	稽			1							音鶏			33_15	
30-005-01	荘子_高山寺_甲	324	303	番	番	番息	番息			1							音煩			33_17	
30-005-01	荘子_高山寺_甲	325	304	畜	畜	畜藏	畜蔵			1						勅六反・許六反				33_17	
30-005-01	荘子_高山寺_甲	326	304	藏	蔵	畜藏	畜蔵			2						才浪反				33_17	
30-005-01	荘子_高山寺_甲	327	305	醇	醇	醇	醇シ			1				アツク		順倫反				33_19	和訓
30-005-01	荘子_高山寺_甲	328	306	離	離	離	離ル			1		去	去	ハナ						33_21	和訓
30-005-01	荘子_高山寺_甲	329	307	闢	闢	四闢	四闢			2						婢亦反				33_22	
30-005-01	荘子_高山寺_甲	330	308	粗	粗	精粗	精粗			2		平軽	＊平軽							33_22	
30-005-01	荘子_高山寺_甲	331	309	鄒	鄒	鄒魯	鄒魯			1						在由反				33_25	
30-005-01	荘子_高山寺_甲	332	310	道	道	道・道	道ク・道ス			1				ミチヒク・トホス			音導			33_26	
30-005-01	荘子_高山寺_甲	333	311	行	行	行	行			1		去	去							33_27	朱声点
30-005-01	荘子_高山寺_甲	334	312	易	易	易	易			1		入軽	入軽							33_28	
30-005-01	荘子_高山寺_甲	335	313	分	分	名分	名分			2		去	＊去			扶問反				33_28	
30-005-01	荘子_高山寺_甲	336	314	復	復	復	復タ			1		去	去							33_30	和訓
30-005-01	荘子_高山寺_甲	337	315	易	易	易	易シ			1		去	去	ヤ〜						33_32	和訓
30-005-01	荘子_高山寺_甲	338	316	舛	舛	乖舛	乖舛			2		上	＊上							33_32	
30-005-01	荘子_高山寺_甲	339	317	好	好	好惡	好悪			1		去	去去							33_34	
30-005-01	荘子_高山寺_甲	340	317	惡	悪	好惡	好悪			2		去	去去							33_34	
30-005-01	荘子_高山寺_甲	341	318	好	好	近好	近好			2		去	＊去							33_35	
30-005-01	荘子_高山寺_甲	342	319	伎	伎	衆伎	衆伎			2						其綺反				33_37	
30-005-01	荘子_高山寺_甲	343	320	偏	偏	偏	偏シ			1		去	去	アマネ						33_38	朱声点、和訓
30-005-01	荘子_高山寺_甲	344	321	稱	称	稱	称フ			1		去	去	カナフ						33_41	朱声点、和訓
30-005-01	荘子_高山寺_甲	345	322	離	離	離	離ル			1		去	去							33_48	和訓
30-005-01	荘子_高山寺_甲	346	323	離	離	離	離ル			1		去	去							33_48	和訓
30-005-01	荘子_高山寺_甲	347	324	喪	喪	喪	喪			1						息浪反				33_48	「哀」字の注として
30-005-01	荘子_高山寺_甲	348	325	瘁	瘁	瘁	瘁			1						在酔反				33_50	
30-005-01	荘子_高山寺_甲	349	326	橋	橋	橋	橋ム			1				ハケム		居表反				33_50	和訓
30-005-01	荘子_高山寺_甲	350	327	滑	滑	禽滑釐	禽滑釐			2						干八反	音骨			33_52	
30-005-01	荘子_高山寺_甲	351	327	釐	釐	禽滑釐	禽滑釐			3						力之反	音_			33_52	
30-005-01	荘子_高山寺_甲	352	328	説	説	説	説フ			1		入軽	入軽	ヨロ〜						33_53	和訓
30-005-01	荘子_高山寺_甲	353	329	復	復	復	復タ			1		去	去							33_53	和訓
30-005-01	荘子_高山寺_甲	354	330	度	度	度	度ル			1		入	入	ハカラ						33_53	和訓
30-005-01	荘子_高山寺_甲	355	331	汎	汎	汎愛	汎愛			1						芳釼反				33_55	
30-005-01	荘子_高山寺_甲	356	332	令	令	令	令テ			1		平	平							33_56	和訓
30-005-01	荘子_高山寺_甲	357	333	令	令	令	令テ			1		平	平							33_58	和訓
30-005-01	荘子_高山寺_甲	358	334	夏	夏	大夏	大夏			2						戸雅反				33_61	
30-005-01	荘子_高山寺_甲	359	335	_	_	大_	大_			2		去	＊去				音護			33_61	
30-005-01	荘子_高山寺_甲	360	336	辟	辟	辟雍	辟雍			1		入	入平軽							33_61	
30-005-01	荘子_高山寺_甲	361	336	雍	雍	辟雍	辟雍			2		平軽	入平軽							33_61	
30-005-01	荘子_高山寺_甲	362	337	重	重	七重	七重			2		平	＊平							33_63	
30-005-01	荘子_高山寺_甲	363	338	重	重	五重	五重			2		平	＊平							33_64	
30-005-01	荘子_高山寺_甲	364	339	重	重	三重	三重			2		平	＊平							33_64	
30-005-01	荘子_高山寺_甲	365	340	重	重	再重	再重			2		平	＊平							33_64	
30-005-01	荘子_高山寺_甲	366	341	稱	称	稱	称フ			1		去	去	カ〜						33_67	和訓
30-005-01	荘子_高山寺_甲	367	342	樂	楽	樂	楽フ			1							音洛			33_70	和訓
30-005-01	荘子_高山寺_甲	368	343	_	_	_	_ク			1				カハイ		苦角反				33_72	和訓
30-005-01	荘子_高山寺_甲	369	344	行	行	行	行			1		去	去							33_73	朱声点
30-005-01	荘子_高山寺_甲	370	345	任	任	任	任フ			1				タヘ			音壬			33_76	和訓
30-005-01	荘子_高山寺_甲	371	346	離	離	離	離ル			1		去	去	ハナレ						33_76	和訓
30-005-01	荘子_高山寺_甲	372	347	堙	堙	堙	堙グ			1				フサキ			音因			33_78	和訓
30-005-01	荘子_高山寺_甲	373	348	支	支	支川	支川			1		平軽	平軽＊	シ	シ＊					33_79	
30-005-01	荘子_高山寺_甲	374	349	_	_	_	_ル			1				トリ		七曹反				33_80	和訓
30-005-01	荘子_高山寺_甲	375	350	_	_	_耜	_耜			1						古孝反	音託			33_80	
30-005-01	荘子_高山寺_甲	376	350	耜	耜	_耜	_耜			2							音似			33_80	
30-005-01	荘子_高山寺_甲	377	351	九	九	九	九ム			1				アツメ			音鳩			33_80	和訓
30-005-01	荘子_高山寺_甲	378	352	腓	腓	腓	腓			1				コムラ		符畏反	音肥			33_81	和訓
30-005-01	荘子_高山寺_甲	379	353	_	_	_	_			1				シシムラ		歩葛反・符蓋反				33_81	和訓
30-005-01	荘子_高山寺_甲	380	354	_	_	_	_			1		去	去	ハキ		形定反				33_81	和訓
30-005-01	荘子_高山寺_甲	381	355	櫛	櫛	櫛	櫛ル			1				カシラケツリ		側筆反				33_82	和訓
30-005-01	荘子_高山寺_甲	382	356	褐	褐	裘褐	裘褐			2		入	＊入			戸葛反				33_84	
30-005-01	荘子_高山寺_甲	383	357	跂	跂	跂_	跂_			1		平	平入軽			其遅反				33_84	
30-005-01	荘子_高山寺_甲	384	357	_	_	跂_	跂_			2		入軽	平入軽			紀略反				33_84	
30-005-01	荘子_高山寺_甲	385	358	相	相	相理勤	相理勤			1		去	去＊＊							33_87	朱声点
30-005-01	荘子_高山寺_甲	386	359	己	己	己齒	己歯			1		上	上＊	キ	キ＊					33_88	
30-005-01	荘子_高山寺_甲	387	360	倍	倍	倍_	倍_			1							音佩			33_89	
30-005-01	荘子_高山寺_甲	388	360	_	_	倍_	倍_			2						古穴反				33_89	
30-005-01	荘子_高山寺_甲	389	361	_	_	_	_ル			1		上	上	ソシリ						33_91	和訓
30-005-01	荘子_高山寺_甲	390	362	_	_	_偶	_偶			1						紀宜反	音寄			33_91	
30-005-01	荘子_高山寺_甲	391	363	_	_	不_	不_			2							音誤・音五			33_92	
30-005-01	荘子_高山寺_甲	392	364	治	治	治	治			1		去	去							33_99	朱声点
30-005-01	荘子_高山寺_甲	393	365	治	治	治	治			1		去	去							33_99	
30-005-01	荘子_高山寺_甲	394	366	爲	為	爲	為（ため）			1		去	去							33_100	朱声点、和訓
30-005-01	荘子_高山寺_甲	395	367	槁	槁	枯槁	枯槁			2		上	＊上			苦老反				33_102	
30-005-01	荘子_高山寺_甲	396	368	舎	舎	舎	舎ツ			1		上	上	ステ						33_102	朱声点、和訓
30-005-01	荘子_高山寺_甲	397	369	_	_	_	_フ			1				サカヘ		之_反				33_103	和訓
30-005-01	荘子_高山寺_甲	398	370	_	_	宗_	宗_			2							音刑			33_107	
30-005-01	荘子_高山寺_甲	399	371	華	華	華山	華山			1		去	去＊							33_108	朱声点
30-005-01	荘子_高山寺_甲	400	372	表	表	自表	自表			2		上	＊上							33_108	
30-005-01	荘子_高山寺_甲	401	373	別	別	別宥	別宥			1		入軽	入軽＊							33_109	
30-005-01	荘子_高山寺_甲	402	374	令	令	令	令ム			1		平	平							33_109	和訓
30-005-01	荘子_高山寺_甲	403	375	_	_	_	_グ			1				ヤハライ			音餌			33_110	和訓
30-005-01	荘子_高山寺_甲	404	376	驩	驩	合驩	合驩			2		平軽	＊平軽							33_110	
30-005-01	荘子_高山寺_甲	405	377	強	強	強	強フ			1		去	去	シヒ						33_111	和訓
30-005-01	荘子_高山寺_甲	406	378	_	_	_調	_調			1		去	去＊							33_113	
30-005-01	荘子_高山寺_甲	407	379	説	説	説	説フ			1		入軽	入軽	ヨ〜						33_114	和訓
30-005-01	荘子_高山寺_甲	408	380	強	強	強	強フ			1		去	去	シヒ						33_115	和訓
30-005-01	荘子_高山寺_甲	409	381	聒	聒	聒	聒シ			1				カマミスクシ		古活反				33_115	和訓
30-005-01	荘子_高山寺_甲	410	382	厭	厭	厭	厭フ			1		去	去	イト						33_116	和訓
30-005-01	荘子_高山寺_甲	411	383	強	強	強	強フ			1		去	去	シヒ						33_116	和訓
30-005-01	荘子_高山寺_甲	412	384	爲	為	爲	為（ため）			1		去	去							33_117	和訓
30-005-01	荘子_高山寺_甲	413	385	爲	為	爲	為（ため）			1		去	去							33_117	和訓
30-005-01	荘子_高山寺_甲	414	386	傲	傲	圖傲	図傲			2						五報反				33_122	
30-005-01	荘子_高山寺_甲	415	387	苛	苛	苛察	苛察			1							音河			33_123	
30-005-01	荘子_高山寺_甲	416	388	粗	粗	精粗	精粗			2		平	＊平							33_127	
30-005-01	荘子_高山寺_甲	417	389	行	行	行	行			1		去	去							33_127	
30-005-01	荘子_高山寺_甲	418	390	當	当	當	当ル			1				アタラ		丁浪反				33_128	和訓
30-005-01	荘子_高山寺_甲	419	391	駢	駢	田駢	田駢			2						薄田反				33_132	
30-005-01	荘子_高山寺_甲	420	392	偏	偏	偏	偏シ			1		去	去	アマ						33_136	和訓
30-005-01	荘子_高山寺_甲	421	393	知	知	知	知			1		去	去							33_137	
30-005-01	荘子_高山寺_甲	422	394	去	去	去	去ル			1		上	上							33_138	朱声点、和訓
30-005-01	荘子_高山寺_甲	423	395	_	_	_汰	_汰			1							音零			33_138	
30-005-01	荘子_高山寺_甲	424	395	汰	汰	_汰	_汰			2							音泰			33_138	
30-005-01	荘子_高山寺_甲	425	396	〓	〓（骨＋奚）	〓（骨＋奚）_	〓（骨＋奚）_			1						胡啓反	音奚			33_141	
30-005-01	荘子_高山寺_甲	426	396	_	_	〓（骨＋奚）_	〓（骨＋奚）_			2						戸寡反				33_141	
30-005-01	荘子_高山寺_甲	427	397	復	復	復	復タ			1		去	去							33_142	朱声点、和訓
30-005-01	荘子_高山寺_甲	428	398	行	行	行	行			1		去	去							33_142	朱声点
30-005-01	荘子_高山寺_甲	429	399	椎	椎	椎栢	椎栢			1						直追反				33_143	
30-005-01	荘子_高山寺_甲	430	399	栢	栢	椎栢	椎栢			2							音百			33_143	
30-005-01	荘子_高山寺_甲	431	400	_	_	_斷	_断			1						五官反・胡乱反				33_143	
30-005-01	荘子_高山寺_甲	432	400	斷	断	_斷	_断			2						丁管反・丁乱反				33_143	
30-005-01	荘子_高山寺_甲	433	401	巍	巍	巍然	巍然			1						魚威反・五回反				33_146	
30-005-01	荘子_高山寺_甲	434	402	飃	飃	飃	飃			1				ツムシカセ		婢遥反・必遥反				33_148	和訓
30-005-01	荘子_高山寺_甲	435	403	還	還	還	還ル			1				メクル			音環			33_148	
30-005-01	荘子_高山寺_甲	436	404	磨	磨	磨石	磨石			1		去	去＊			末佐反				33_148	
30-005-01	荘子_高山寺_甲	437	405	隊	隊	隊	隊ル			1				メクル			音遂			33_149	和訓
30-005-01	荘子_高山寺_甲	438	406	離	離	離	離ル			1		去	去	ハナ						33_151	朱声点、和訓
30-005-01	荘子_高山寺_甲	439	407	塊	塊	塊	塊			1				ツチクレ		苦対反・苦猥反				33_155	和訓
30-005-01	荘子_高山寺_甲	440	408	令	令	令	令ム			1		平	平							33_155	和訓
30-005-01	荘子_高山寺_甲	441	409	去	去	去	去ル			1		上	上							33_155	朱声点、和訓
30-005-01	荘子_高山寺_甲	442	410	行	行	行	行			1		去	去							33_157	朱声点、和訓
30-005-01	荘子_高山寺_甲	443	411	去	去	去	去ル			1		上	上							33_157	朱声点
30-005-01	荘子_高山寺_甲	444	412	_	_	_然	_然			1						況逼反・火麦反				33_162	
30-005-01	荘子_高山寺_甲	445	413	惡	悪	惡	悪ゾ			1		平軽	平軽							33_162	朱声点、和訓
30-005-01	荘子_高山寺_甲	446	414	_	_	_斷	_断			1						五官反・五乱反				33_164	
30-005-01	荘子_高山寺_甲	447	414	斷	断	_斷	_断			2						丁管反				33_164	
30-005-01	荘子_高山寺_甲	448	415	_	_	_	_			1						于鬼反				33_165	
30-005-01	荘子_高山寺_甲	449	416	概	概	概乎	概乎			1						古代反				33_167	
30-005-01	荘子_高山寺_甲	450	417	粗	粗	粗	粗			1		平	平							33_168	
30-005-01	荘子_高山寺_甲	451	418	淡	淡	淡然	淡然			1		去	去＊							33_169	
30-005-01	荘子_高山寺_甲	452	419	〓	〓（身＋冉）	老〓（身＋冉）	老〓（身＋冉）			2						他甘反				33_170	
30-005-01	荘子_高山寺_甲	453	420	懦	懦	懦弱	懦弱			1						如充反	音儒			33_173	
30-005-01	荘子_高山寺_甲	454	421	下	下	謙下	謙下			2		去	＊去							33_173	
30-005-01	荘子_高山寺_甲	455	422	著	著	著	著ル			1		去	去							33_176	訓合符で「彰著」を結ぶ
30-005-01	荘子_高山寺_甲	456	423	_	_	_	_			1							音忽			33_177	
30-005-01	荘子_高山寺_甲	457	424	谿	谿	谿	谿			1						苦兮反				33_180	
30-005-01	荘子_高山寺_甲	458	425	垢	垢	垢	垢			1		上	上	ハチ						33_184	和訓
30-005-01	荘子_高山寺_甲	459	426	泊	泊	沖泊	沖泊			2		入	＊入							33_186	
30-005-01	荘子_高山寺_甲	460	427	_	_	_然	_然			1						去_反・去類反				33_187	
30-005-01	荘子_高山寺_甲	461	428	費	費	費	費ユ			1		去	去	ツヒエ						33_188	和訓
30-005-01	荘子_高山寺_甲	462	429	_	_	工_	工_			2							音垂			33_191	
30-005-01	荘子_高山寺_甲	463	430	_	_	_逆	_逆			1						五故反				33_195	
30-005-01	荘子_高山寺_甲	464	431	濡	濡	濡	濡シ			1		上	上	ヨハキ		如充反				33_195	和訓
30-005-01	荘子_高山寺_甲	465	432	鋭	鋭	鋭	鋭			1		去	去							33_196	
30-005-01	荘子_高山寺_甲	466	433	削	削	削	削ス			1		入軽	入軽							33_197	
30-005-01	荘子_高山寺_甲	467	434	漠	漠	寂漠	寂漠			2							音莫			33_199	
30-005-01	荘子_高山寺_甲	468	435	與	與	與	与（か）			1				か			音余			33_199	和訓
30-005-01	荘子_高山寺_甲	469	436	芒	芒	芒乎	芒乎			1						莫剛反				33_200	
30-005-01	荘子_高山寺_甲	470	437	謬	謬	謬悠	謬悠			1		去	去＊							33_203	
30-005-01	荘子_高山寺_甲	471	438	儻	儻	儻	儻			1				タマタマ		丁蕩反				33_205	和訓
30-005-01	荘子_高山寺_甲	472	439	_	_	_見	_見			1						起宜反				33_205	
30-005-01	荘子_高山寺_甲	473	440	庄	庄	庄語	庄語			1						則高反				33_206	
30-005-01	荘子_高山寺_甲	474	441	卮	卮	卮言	卮言			1							音支			33_207	
30-005-01	荘子_高山寺_甲	475	442	曼	曼	曼衍	曼衍			1		去	去去							33_207	
30-005-01	荘子_高山寺_甲	476	442	衍	衍	曼衍	曼衍			2		去	去去							33_207	
30-005-01	荘子_高山寺_甲	477	443	重	重	重言	重言			1		去	去＊							33_208	
30-005-01	荘子_高山寺_甲	478	444	敖	敖	敖倪	敖倪			1						五報反				33_209	
30-005-01	荘子_高山寺_甲	479	444	倪	倪	敖倪	敖倪			2							音詣			33_209	
30-005-01	荘子_高山寺_甲	480	445	〓	〓（けものへんに卞）	連〓	連〓			2						芳袁反・敷晩反				33_212	
30-005-01	荘子_高山寺_甲	481	446	參	参	參差	参差			1						初林反				33_212	
30-005-01	荘子_高山寺_甲	482	446	差	差	參差	参差			2						初宜反				33_213	
30-005-01	荘子_高山寺_甲	483	447	_	_	_詭	_詭			1			＊上			尺叔反				33_213	
30-005-01	荘子_高山寺_甲	484	447	詭	詭	_詭	_詭			2		上	＊上							33_213	
30-005-01	荘子_高山寺_甲	485	448	_	_	深_	深_			2		平	＊平							33_216	
30-005-01	荘子_高山寺_甲	486	449	蛻	蛻	不蛻	不蛻			2						始鋭反・勅外反	音悦			33_219	
30-005-01	荘子_高山寺_甲	487	450	汪	汪	汪汪	汪汪			1						烏黄反				33_221	
30-005-01	荘子_高山寺_甲	488	451	偈	偈	偈言	偈言			1		平軽	平軽＊							33_221	
30-005-01	荘子_高山寺_甲	489	452	車	車	五車	五車			2						尺蛇反	音居			33_222	
30-005-01	荘子_高山寺_甲	490	453	舛	舛	舛駁	舛駁			1						川_反				33_222	
30-005-01	荘子_高山寺_甲	491	453	駁	駁	舛駁	舛駁			2		入軽	＊入軽			邦角反				33_222	
30-005-01	荘子_高山寺_甲	492	454	中	中	中	中ル			1		去	去	アタ〜						33_223	朱声点、和訓
30-005-01	荘子_高山寺_甲	493	455	卑	卑	卑	卑シ			1				ミシカシ			音婢			33_225	和訓
30-005-01	荘子_高山寺_甲	494	456	睨	睨	睨	睨ス			1							音詣			33_226	
30-005-01	荘子_高山寺_甲	495	457	汎	汎	汎愛	汎愛			1						芳釼反				33_231	
30-005-01	荘子_高山寺_甲	496	458	觀	観	觀	観ス			1		去	去							33_233	朱声点、和訓
30-005-01	荘子_高山寺_甲	497	459	樂	楽	樂	楽フ			1		入軽	入軽	タ						33_234	和訓
30-005-01	荘子_高山寺_甲	498	460	_	_	_	_フ			1				マロハ		女展反				33_236	和訓
30-005-01	荘子_高山寺_甲	499	461	鑿	鑿	鑿	鑿			1						曹報反				33_238	
30-005-01	荘子_高山寺_甲	500	462	_	_	_	_			1						如鋭反				33_238	
30-005-01	荘子_高山寺_甲	501	463	鏃	鏃	鏃矢	鏃矢			1						子木反				33_239	
30-005-01	荘子_高山寺_甲	502	464	狗	狗	狗	狗			1		上	上							33_240	
30-005-01	荘子_高山寺_甲	503	465	_	_	_	_			1				ツヱ		章蘂反				33_241	和訓
30-005-01	荘子_高山寺_甲	504	466	團	団	桓團	桓団			2						徒丸反				33_243	
30-005-01	荘子_高山寺_甲	505	467	柢	柢	柢者	柢者			1						丁計反				33_248	
30-005-01	荘子_高山寺_甲	506	468	倚	倚	倚人	倚人			1		平	平＊			紀宜反				33_250	
30-005-01	荘子_高山寺_甲	507	469	霆	霆	雷霆	雷霆			2		平	＊平							33_251	
30-005-01	荘子_高山寺_甲	508	470	偏	偏	偏	偏シ			1		去	去	ア〜						33_252	朱声点、和訓
30-005-01	荘子_高山寺_甲	509	471	爲	為	爲	為（ため）			1		去	去							33_253	朱声点、和訓
30-005-01	荘子_高山寺_甲	510	472	_	_	_	_シ			1		去	去	フカシ		烏報反				33_256	和訓
30-005-01	荘子_高山寺_甲	511	473	蚊	蚊	一蚊	一蚊			2							音文			33_257	
30-005-01	荘子_高山寺_甲	512	474	虻	虻	一虻	一虻			2						孟庚反				33_257	
30-005-01	荘子_高山寺_甲	513	475	逾	逾	逾	逾			1				イヨイヨ		羊主反				33_259	和訓
30-005-01	荘子_高山寺_甲	514	476	駘	駘	駘蕩	駘蕩			1							音殆			33_261	
30-005-01	荘子_高山寺_甲	515	477	夫	夫	夫	夫			1		平	平	カナ						33_263	和訓
30-005-01	荘子_高山寺_甲	516	478	論	論	論者	論者			1		去	去＊							33_263	朱声点
30-005-01	荘子_高山寺_甲	517	479	較	較	較評	較評			1		入軽	入軽＊				音角			33_264	
30-005-01	荘子_高山寺_甲	518	479	評	評	較評	較評			2			入軽＊				音病			33_264	
30-005-01	荘子_高山寺_甲	519	480	駁	駁	舛駁	舛駁			2		入軽	＊入軽							33_265	
30-005-01	荘子_高山寺_甲	520	481	思	思	思	思ヒ			1		去	去	〜ヒ						33_267	和訓
30-005-01	荘子_高山寺_甲	521	482	耶	耶	耶淫	耶淫			1						似嗟反				33_267	
30-005-01	荘子_高山寺_甲	522	483	好	好	好事	好事			1		去	去＊							33_267	朱声点